time,vpos
0,-0.0002749420200928032
3600,-4.139597257821503e-05
7200,0.00011419230578541558
10800,0.00011986177536356645
14400,-0.00012162539524746598
18000,-0.00034878911358587515
21600,-0.00025083842258414343
