time,vpos
0,0.013984927088075711
3600,0.011824922597437903
7200,0.015892854559112407
10800,0.014759387914888981
14400,-4.387544688086746e-06
18000,-0.00641996982536568
21600,-0.005433179743001939
