time,vpos
3600,-0.001853695770141279
7200,-0.005345637469405881
10800,0.009550562457425485
14400,0.00852175157971292
18000,0.0028928401328253755
21600,-0.003104479071321838
25200,-0.02288983933239004
