time,vpos
36000,-4.472759064323291
39600,-4.47416227288063
43200,-4.526344498062561
46800,-4.608866457446472
50400,-2.2892804662974497
54000,0.028796609439817496
57600,-0.00445524873125653
