time,vpos
36000,0.00015910343828454804
39600,0.0005779410879533305
43200,0.0006759449368757863
46800,0.00014310887313308227
50400,-0.0002279960818941983
54000,-0.00025055437280139517
57600,-0.00011400997167768882
