time,vpos
39600,0.014816487286268361
43200,0.008729888202723952
46800,0.0034288993218984046
50400,0.022338905021301737
54000,0.01478984833634525
57600,-0.007239594379317312
61200,-0.0035955849133389095
