time,vpos
39600,0.0005306342764309672
43200,0.00029717134703802515
46800,0.0001520316289191939
50400,0.00017931557794752988
54000,0.0002075478989872613
57600,-0.00018162910515662515
61200,-0.0006600776925860178
