time,vpos
43200,0.0009538685129231212
46800,0.0010045783305102614
50400,0.0028352169038747335
54000,0.00355141153856766
57600,-0.001077447975344033
61200,-0.005881035128957079
64800,-0.007119496889742839
