time,vpos
43200,0.012022116958297592
46800,0.002822893253897311
50400,0.015436616825017778
54000,0.011686985791837847
57600,-0.003158683434869615
61200,0.006961330956283527
64800,0.006364436265443455
