time,vpos
46800,0.001254123828443415
50400,0.005737020787967412
54000,0.003376823578874139
57600,2.4583763940348594e-05
61200,0.0015258611584935617
64800,-0.0037128528275525256
68400,-0.006961989854468347
