time,vpos
46800,-2.6242141653905345e-07
50400,2.1130925897471333e-05
54000,-2.7194725556567305e-06
57600,-1.7846860573035587e-05
61200,9.191954376272391e-06
64800,-9.335312313261859e-06
68400,-2.4785036202344495e-05
