time,vpos
50400,11.723539945092892
54000,11.757033462417304
57600,5.895264042460361
61200,2.1399579292036606e-07
64800,-2.542984968870133e-07
68400,-4.536820182847009e-07
72000,-1.0759544623883664e-06
