time,vpos
54000,-0.006880025550464014
57600,-0.004683734989452787
61200,-0.002227442091637616
64800,-0.0024302404351155965
68400,-0.0015074210397169616
72000,0.006643449347415535
75600,0.01340869965886747
