time,vpos
54000,0.0003912860345093032
57600,0.0002232583531436467
61200,7.975667981137339e-05
64800,-0.00014570477306547272
68400,-0.00033744860118103547
72000,-0.00017257069292712742
75600,-6.593641746788597e-05
