time,vpos
57600,0.02005303609706457
61200,0.004775161611185193
64800,-0.000503086573830213
68400,-0.005059950884830294
72000,-0.003271051080884214
75600,0.009425326055327945
79200,0.00577631277572997
