time,vpos
57600,-0.00011099960614797624
61200,-0.00017307194895496025
64800,-0.00015654685685090558
68400,-0.00011567660332507688
72000,-1.8809581495270815e-05
75600,0.00010446472595257844
79200,9.314483018541165e-05
