time,vpos
61200,0.0010066198180973106
64800,-0.00017275970335380513
68400,-0.000511984917219479
72000,0.0007244147612600407
75600,-5.020328841856661e-05
79200,-0.00017135187612852623
82800,0.0008783629567341993
