time,vpos
64800,0.0002984636700520673
68400,0.00015225579858787154
72000,5.39180763412586e-05
75600,-0.00021651977978684233
79200,-0.0003776308250800933
82800,0.00012007135698765493
86400,0.00046057657900297033
