time,vpos
64800,-0.012056572532406773
68400,-0.0037863634075949366
72000,-0.004720791734350461
75600,-0.0068547667574533275
79200,-0.00130842290564702
82800,0.000741645728312502
86400,0.004316032938930211
