time,vpos
68400,-0.026492855011452685
72000,-0.008017507116047092
75600,-0.005688097138666605
79200,0.00616285390149518
82800,0.00936871534211449
86400,0.0015674401135877308
90000,0.018557192402628556
