time,vpos
7200,3.5210459634743443
10800,3.5392590525176897
14400,3.5721223461756586
18000,3.581777345895269
21600,3.6545949830070104
25200,3.7486312224828957
28800,3.764854619952028
