time,vpos
7200,-0.008967278725785786
10800,-0.007143220808095804
14400,-0.007585952568279085
18000,-0.020192182178071116
21600,-0.017571192502179932
25200,-0.01418255639498182
28800,-0.023754349895593663
