time,vpos
72000,0.0031739611357741913
75600,-0.0038472254423500014
79200,0.00018798374325818977
82800,0.013838032265736525
86400,0.0017607429896113725
90000,-0.0001908005128480522
93600,0.012528598019563623
