time,vpos
75600,-0.0008524512853011132
79200,-0.0074163731067277815
82800,0.009092978941854322
86400,0.01149202675620289
90000,-0.0009284364489957308
93600,0.0063574735613375535
97200,0.005389620721209255
