time,vpos
79200,7.286308902010655e-05
82800,0.00021151554439776885
86400,0.00015592093706502335
90000,7.417762316980984e-05
93600,0.00012256568617458576
97200,0.00010695844675650366
100800,0.00015546689314883998
