time,vpos
79200,0.006057497610246544
82800,-0.003811664113697916
86400,0.003797678284809656
90000,0.014369752216948828
93600,0.0012984751770391608
97200,0.0014074561916276817
100800,0.00768128405581301
