time,vpos
82800,0.00021682568358427718
86400,0.00012111217904262852
90000,-7.0548071637814536e-06
93600,-3.7465091655946675e-05
97200,8.604113492931139e-05
100800,0.00018822463241814635
104400,0.00016894510049431934
