time,vpos
82800,0.0025677837098011125
86400,-0.0053263961798784825
90000,0.007943268926147702
93600,0.012840476480443416
97200,-0.000652498200338658
100800,0.0024787130770951276
104400,0.00283626159390092
