time,vpos
86400,-0.00024308165086175766
90000,-0.0001805754265203105
93600,0.0003850135250181255
97200,0.0004454778210628427
100800,-0.00010484448607934205
104400,-0.00040411897897803305
108000,-0.000595689595886811
