time,vpos
86400,-0.002953502026531603
90000,-0.004721745099452488
93600,0.0030789088461055736
97200,0.004967160327701525
100800,0.008993362532720435
104400,0.0011109523733585612
108000,-0.018478305527905216
