time,vpos
90000,0.0057157699234144065
93600,0.029328984224046548
97200,0.021194479160683732
100800,0.0030146539951516164
104400,0.01598225926701201
108000,-0.0001486559052045155
111600,-0.015679282150818583
