time,vpos
90000,0.0001288570489893009
93600,4.9593397383185844e-05
97200,0.00010677542357245438
100800,-2.178633383816585e-05
104400,-0.00017506787956497738
108000,-3.504103433867697e-05
111600,-6.740078591568854e-06
