time,vpos
93600,-0.0002771654327159625
97200,0.00017255096683554537
100800,0.00010545724340426928
104400,-0.00035396449664362164
108000,0.00033350366524749
111600,0.0009683813487054542
115200,0.0009731792532071998
