time,vpos
93600,-0.0016017693079808395
97200,0.002598043395493307
100800,-0.003498057453507267
104400,0.00610073952338055
108000,0.013551206715395964
111600,0.0086661665378511
115200,0.016225369697653355
