time,vpos
97200,-10.035281762768058
100800,-10.087580335823512
104400,-10.184059874216162
108000,-10.247137787608308
111600,-10.361869689668897
115200,-10.591781912913255
118800,-10.725859182151977
