time,vpos
97200,-21.608328952730837
100800,-21.739815010843976
104400,-22.003378184709387
108000,-22.331845938209952
111600,-22.862934439929393
115200,-34.94002360749157
118800,-46.6824149110826
