time,vpos
100800,-18.294742165563704
104400,-18.38183199173903
108000,-18.665791103200007
111600,-19.12959193933644
115200,-59.69825981306829
118800,-99.99999477083736
122400,-99.99999340572538
