time,vpos
100800,-5.201393720735978
104400,-5.206143951814416
108000,-5.233878345610667
111600,-5.299873350561743
115200,-37.62906497785052
118800,-70.8010055061488
122400,-71.68676524939156
