time,vpos
104400,-17.343391268626842
108000,-17.498252279501745
111600,-17.914475844033852
115200,-59.08791919788745
118800,-99.99999999793341
122400,-99.99999999781429
126000,-99.99999999784556
