time,vpos
104400,4.51861401999563
108000,4.534304992743363
111600,4.586933530413873
115200,-40.30924908770605
118800,-86.30668955819078
122400,-88.27187329984793
126000,-89.17273675406304
