time,vpos
10800,0.0009834516119349372
14400,0.001774338787856922
18000,0.00041908648959728057
21600,2.121374481397066e-05
25200,0.0009888036808446403
28800,0.0008554749170800976
32400,0.001502822946683201
