time,vpos
10800,3.8477108454263838
14400,3.862698745273879
18000,3.9118748292136547
21600,3.9549387410060755
25200,4.0240703886029365
28800,2.043193946734511
32400,0.002061584969367022
