time,vpos
108000,-12.805145792896951
111600,-12.995304181855754
115200,-56.59273128540653
118800,-99.99999999754125
122400,-99.99999999629286
126000,-99.99999999875084
129600,-99.99999999999999
