time,vpos
108000,14.175248690822565
111600,14.291875702386397
115200,-35.41698599676761
118800,-86.30558690622583
122400,-88.27179809930219
126000,-88.03749095012996
129600,-86.90008480662176
