time,vpos
111600,32.187546159075744
115200,-26.531645934041347
118800,-86.30700367724234
122400,-88.26774491999254
126000,-88.03620265964211
129600,-74.29176899833764
133200,-61.68345319004991
