time,vpos
111600,24.840498713683022
115200,-37.5797318169591
118800,-99.99996964030994
122400,-99.9999779824228
126000,-99.99997406358119
129600,-90.09688969225768
133200,-80.19381028917991
