time,vpos
115200,-76.0029711636758
118800,-76.94907747933608
122400,-78.70073325015397
126000,-80.02604287742413
129600,-71.11462811979352
133200,-60.332816766120544
136800,-58.982180342190716
