time,vpos
115200,-99.99999566809528
118800,-99.99999586487262
122400,-99.99999521154118
126000,-99.99999172579479
129600,-89.83950884692311
133200,-80.10815408754347
136800,-80.53727957139792
