time,vpos
118800,-87.85251970519656
122400,-89.62337187377801
126000,-92.76439163582808
129600,-86.24243722226996
133200,-78.7709946591153
136800,-63.787549440859515
140400,-48.38342477873163
