time,vpos
118800,-66.41481734238823
122400,-67.10071242353754
126000,-68.23246253571497
129600,-65.18088537839597
133200,-60.332816766122065
136800,-52.88600569854417
140400,-46.789831054893064
