time,vpos
122400,-60.06781905030336
126000,-60.9836806893572
129600,-62.330395210068936
133200,-63.09769702723344
136800,-55.90879525944224
140400,-36.19916673162111
144000,-24.01488890709777
