time,vpos
122400,-55.309642198824285
126000,-55.696090660641495
129600,-56.24933256645113
133200,-56.61430947400461
136800,-51.801161996232736
140400,-39.24428247702263
144000,-31.698733899145452
