time,vpos
126000,-35.460672217548264
129600,-35.711407521575225
133200,-36.1557306041871
136800,-36.54510671384058
140400,-30.377891658200397
144000,-12.007446225834148
147600,-4.1801766551625125e-06
