time,vpos
126000,-49.30188764951226
129600,-49.494905048122966
133200,-49.82193610987961
136800,-48.372890413956185
140400,-39.24428247701559
144000,-15.847817028796069
147600,0.0030998415522007173
