time,vpos
129600,-9.001300502023247
133200,-9.049697628689152
136800,-9.146894061506714
140400,-9.221948654328546
144000,-4.623976239557515
147600,7.326732540800755e-05
151200,-0.00010492723287330806
