time,vpos
129600,-34.91666948918425
133200,-35.04265698492631
136800,-35.23865053084121
140400,-33.50369524007693
144000,-15.8555003230752
147600,-0.00022066773160840636
151200,0.011825411547375039
