time,vpos
133200,-1.3523204125948136
136800,-1.3598389242010087
140400,-1.370834963494854
144000,-0.6872768628055584
147600,-0.0005952176854495417
151200,-0.0005737344195976587
154800,-0.00019826789690880744
