time,vpos
133200,-25.547644530485087
136800,-25.612811098494635
140400,-25.758631892850854
144000,-12.922420394370382
147600,-0.00048627081294982987
151200,0.0034599162366715733
154800,0.0023377045559994135
