time,vpos
136800,1.8580736153854397e-07
140400,6.149319774782417e-08
144000,-2.1687158665678659e-07
147600,-2.3926271877194125e-07
151200,-9.476384343509515e-08
154800,-9.448896485151263e-08
158400,-1.0705347310603994e-07
