time,vpos
136800,-11.776537352812197
140400,-11.811954886938796
144000,-5.921545053171797
147600,-0.011070267625524762
151200,-0.006389057787180863
154800,0.004891511014881476
158400,-0.003861712368728265
