time,vpos
140400,-0.013691367886337763
144000,-0.0016131381156454664
147600,-0.0010158889492084067
151200,-0.005565385090161546
154800,0.0024646243138401686
158400,0.011185218302453736
162000,0.018807287350367685
