time,vpos
140400,6.058637801247433e-05
144000,-4.273072487094165e-05
147600,-0.0001012398146328247
151200,-9.253581242729095e-05
154800,-5.5494709569574505e-06
158400,0.00010687576401594857
162000,9.621064660252188e-05
