time,vpos
14400,5.388151978026246
18000,5.4277497888931565
21600,5.5273626230920945
25200,5.643652115949914
28800,2.8434019574344678
32400,-0.01482726538422114
36000,-0.016531860161672945
