time,vpos
14400,-6.520201314012855
18000,-6.581002240872419
21600,-6.747864064297401
25200,-6.942925168788566
28800,-7.093530892391539
32400,-7.222022333226175
36000,-7.288908258383582
