time,vpos
144000,0.0011530314728173095
147600,-0.000764988910604452
151200,-0.003333908066145153
154800,-0.0028445235643670594
158400,0.0018272803026592437
162000,-5.3181501860044534e-05
165600,-0.0054651638995086025
