time,vpos
144000,0.0002546775567847901
147600,2.3675062626099123e-05
151200,-0.000495234164520179
154800,0.0009973720818472196
158400,0.0012816831347612126
162000,8.665278153669621e-05
165600,0.0003878243547531724
