time,vpos
147600,-0.0002933874017770749
151200,7.498022223590503e-05
154800,0.00016024154898802492
158400,7.922009720508113e-05
162000,0.00027651806758359715
165600,-9.855724139950572e-05
169200,-0.00046884567528320827
