time,vpos
147600,7.59591515635922e-05
151200,-0.006138193157258136
154800,-0.012335884491767386
158400,-0.0011038245222152003
162000,-5.332806776053471e-05
165600,0.001580302751972261
169200,0.013379036112490097
