time,vpos
151200,-0.005542358193101653
154800,-0.001353233661231077
158400,0.002584726784789226
162000,0.00011864581165121836
165600,-0.0006436626490528026
169200,0.0001999056997279447
172800,-0.0004091343780750217
