time,vpos
151200,1.1828516630119472e-05
154800,-5.9050195906116394e-05
158400,-0.00010127933277459268
162000,-4.138805001924183e-05
165600,8.260977071109552e-05
169200,7.902352351747815e-06
172800,-0.000159561179650346
