time,vpos
154800,-0.0173027845779102
158400,-0.006702722454111454
162000,0.0013771668769578982
165600,0.0023723475479779516
169200,0.0016335391594043494
172800,-0.0003689593871681945
176400,0.0018827039185823112
