time,vpos
158400,-0.02473166568039628
162000,-0.008429033922367324
165600,0.001956813954813398
169200,0.002080688979160787
172800,0.00277158366183698
176400,0.0021877935164562076
180000,0.006953767593594867
