time,vpos
158400,-0.0014831875879143031
162000,-0.0004617516960777312
165600,0.00023310962903339076
169200,6.155252591880995e-05
172800,0.00014776197067730118
176400,9.498817234732381e-05
180000,0.00011102239286972449
