time,vpos
162000,-0.002368721674965923
165600,-0.0017823195889220093
169200,-0.0002490938268641498
172800,0.000288577316797273
176400,0.0005480435999336141
180000,-0.0003267102565637466
183600,-0.0018700829285499716
