time,vpos
162000,-0.035476071840633436
165600,-0.007493074800540617
169200,0.001054731600274336
172800,-0.001296026256184092
176400,0.010395435490255626
180000,0.0028012544753596726
183600,0.0006000444968434424
