time,vpos
165600,0.0032876910224807895
169200,-0.005499916127253278
172800,0.003944084699298439
176400,-0.00045102417625163607
180000,0.014495530595311537
183600,0.020055090364398346
187200,-0.011958621489913878
