time,vpos
165600,-1.0769864747624735e-05
169200,-0.0001317914698728918
172800,-0.00022388159052360071
176400,2.464413150435205e-06
180000,6.934497539509888e-05
183600,-0.00043200191091891246
187200,-0.0008028148402781097
