time,vpos
169200,-0.03371036049016267
172800,-0.006721134638407601
176400,0.003344373355082216
180000,-0.0004795071990857947
183600,0.00846054144708332
187200,0.001421017956495088
190800,-0.0014587168761650204
