time,vpos
169200,4.970742929041638e-05
172800,7.031847259592096e-05
176400,2.150882848282027e-05
180000,0.00016692071667395207
183600,0.00035529253281452845
187200,0.0002486172308434045
190800,0.00016840268834144122
