time,vpos
172800,-0.0018491483384604408
176400,-0.0020800890830850564
180000,-0.0034203296542714276
183600,0.009644016735539416
187200,0.005100108305528312
190800,-0.0024232113561405756
194400,0.008771023628574239
