time,vpos
176400,-1.2806928803856294e-05
180000,1.7774512573882037e-05
183600,-1.6753055811279745e-05
187200,-1.9161134045150842e-05
190800,5.056993451295962e-05
194400,7.850660292520934e-05
198000,9.94131343083776e-05
