time,vpos
176400,0.005319417281194791
180000,-0.011992741466814907
183600,-0.001120281814430074
187200,0.013428802496092868
190800,0.0008885545479868801
194400,0.003371554446790724
198000,0.004759268203828965
