time,vpos
18000,-10.334590147095245
21600,-10.499641829465398
25200,-10.803128157658811
28800,-11.037413963803823
32400,-11.237469110849943
36000,-11.44065113338241
39600,-11.539629169190507
