time,vpos
18000,7.090071554212472
21600,7.179771756968842
25200,7.3280944015106595
28800,3.6960104031366674
32400,0.004939344313028522
36000,-0.0048605714551637124
39600,-0.014295868559157005
