time,vpos
180000,19.33636460874518
183600,19.40630612422537
187200,19.546706495589536
190800,19.67333297795947
194400,19.78576006100133
198000,19.928345613383016
201600,20.014671709208788
