time,vpos
180000,0.018353481991692792
183600,0.016171525598607826
187200,-0.007735346115012205
190800,0.0168862045743585
194400,0.0285643033125034
198000,0.0048125960028605865
201600,0.015729255964978643
