time,vpos
183600,-10.064388678925662
187200,-10.107716746653775
190800,-10.180571409805806
194400,-10.238232822612478
198000,-10.321397629279943
201600,-23.948235035310557
205200,-37.52004245205646
