time,vpos
183600,19.689712056276342
187200,19.76094931519566
190800,19.888880033873566
194400,20.00237048388521
198000,20.14632713166811
201600,10.116739017726855
205200,-8.753744249516237e-06
