time,vpos
187200,-2.568019753357906
190800,-2.5756619633702598
194400,-2.5910682095190083
198000,-2.612357585792615
201600,-51.31294146296451
205200,-99.9999999999996
208800,-99.99999999999999
