time,vpos
187200,22.716088057659658
190800,22.780375024120616
194400,22.909772020098963
198000,23.07500482390148
201600,-16.85415410814137
205200,-57.8079863918699
208800,-58.732536969270456
