time,vpos
190800,-4.553523527196534
194400,-4.5666567773865605
198000,-4.605827469981394
201600,-52.31593245619306
205200,-99.99999999999984
208800,-99.9999999999308
212400,-99.9999999998618
