time,vpos
190800,21.86050949732267
194400,21.923076616392628
198000,22.081151366191857
201600,-30.73805409864791
205200,-85.01407433880257
208800,-87.86075905184738
212400,-89.34613662030657
