time,vpos
194400,-8.188018062233096
198000,-8.234882838286595
201600,-54.14087380706898
205200,-99.99999999989893
208800,-99.99999999999581
212400,-99.99999999997098
216000,-99.99999999995032
