time,vpos
194400,20.54411920928928
198000,21.51311961498094
201600,-38.7589399896637
205200,-100.0
208800,-100.0
212400,-99.9999999939752
216000,-99.99999998795039
