time,vpos
198000,-18.18069888566173
201600,-59.0903494428301
205200,-99.99999999999854
208800,-99.99999999999777
212400,-99.99999999999774
216000,-99.99999999998983
219600,-99.99999999998111
