time,vpos
198000,6.393326056237196
201600,-46.80330979303624
205200,-99.9996653457207
208800,-99.99969252338197
212400,-99.99999999713707
216000,-99.99999999522996
219600,-99.99999999381795
