time,vpos
201600,-99.99999999986812
205200,-99.99999999741914
208800,-99.99999999590443
212400,-99.99999995852717
216000,-99.99999995916566
219600,-69.15611183683875
223200,-38.31222367556181
