time,vpos
201600,-99.99999999998485
205200,-99.99999999998602
208800,-99.99999999997749
212400,-99.99999999998364
216000,-99.99999999997888
219600,-95.96483375843928
223200,-91.92966751692028
