time,vpos
205200,-100.0
208800,-99.99999999996392
212400,-99.99999999995796
216000,-99.99999999999405
219600,-94.77700748681113
223200,-73.17843329237402
226800,-56.802851611125796
