time,vpos
205200,-99.99999999999683
208800,-99.99999999999658
212400,-99.99999999999638
216000,-99.9999999999975
219600,-67.54920631050034
223200,-29.226947615345257
226800,-23.355482609688398
