time,vpos
208800,-99.99999999993504
212400,-99.999999999967
216000,-99.99999999999936
219600,-94.20695718168093
223200,-65.61618266468399
226800,-42.07894103476909
230400,-41.33943110353231
