time,vpos
208800,-99.99999999997083
212400,-99.99999999998208
216000,-99.99999986356465
219600,-69.05305251735088
223200,-31.682247209226006
226800,-19.680142483185413
230400,-14.101895855484607
