time,vpos
212400,-99.99999999999994
216000,-99.99999998529483
219600,-69.53729130462231
223200,-32.53342278732958
226800,-19.62919656976786
230400,-6.632995500809013
234000,0.00013920191345068622
