time,vpos
212400,-99.99999999999723
216000,-99.99999999999861
219600,-93.57093974390126
223200,-59.82697072765826
226800,-32.13552395384028
230400,-15.879474587207781
234000,3.676575103950533e-05
