time,vpos
21600,-1.9841794760052698
25200,-2.0099276634318928
28800,-6.479213729529961
32400,-11.024838715737348
36000,-11.22405257587031
39600,-11.398027242481406
43200,-11.474875156495484
