time,vpos
21600,12.674527904098126
25200,12.789662074248026
28800,6.462775496512502
32400,0.0007512428739682366
36000,0.002148465467651
39600,0.009169074495214686
43200,-0.005211044824009626
