time,vpos
216000,-99.99999999999925
219600,-92.64987215748177
223200,-54.26641497420728
226800,-23.330583975312358
230400,-11.714033942137625
234000,1.1534524728814107e-05
237600,8.636150238443886e-06
