time,vpos
216000,-99.99999998001749
219600,-69.44337599011536
223200,-32.525117636541545
226800,-19.677916774866087
230400,-6.595944432912247
234000,0.0002946686779563335
237600,0.00012792631810032272
