time,vpos
219600,-44.73706357328165
223200,-44.864125732262636
226800,-28.072122440471613
230400,-5.576528871699185
234000,8.417159915636428e-06
237600,5.901646549557648e-05
241200,0.00010044491239628974
