time,vpos
219600,-52.562785184209396
223200,-34.89136203383427
226800,-17.286202885719696
230400,-8.675156062317923
234000,0.020747851004280296
237600,0.015061451514363364
241200,-0.009218035635439378
