time,vpos
223200,-28.298926977358178
226800,-28.39556750158835
230400,-14.246116529111502
234000,-4.047095329448856e-05
237600,-8.344199452958587e-05
241200,-0.00010286542031334504
244800,-9.475635366964442e-05
