time,vpos
223200,-0.00032029879791639214
226800,-0.0008975659622839058
230400,-0.00015699256036628192
234000,-0.0029768101686276456
237600,-0.0029015818784002612
241200,0.0008132946329583919
244800,0.0003152846795431599
