time,vpos
226800,-0.028573209129879092
230400,0.0005696549102950522
234000,0.0003374392571801454
237600,-0.0071148519362253335
241200,0.011503089891109227
244800,0.020523013278831024
248400,0.03284778333910183
