time,vpos
226800,-9.060743574794576e-06
230400,-9.02254524940755e-05
234000,2.2468874264549816e-05
237600,0.00015652921372667831
241200,3.0477480572706006e-05
244800,5.527670714352848e-06
248400,4.683089779419422e-05
