time,vpos
230400,0.0027887509010872174
234000,-1.1997952388548153e-05
237600,-0.00359355576584078
241200,-0.002771415333795998
244800,0.0019690467180993295
248400,1.6820141409432197e-05
252000,-0.0050729190951545435
