time,vpos
230400,-6.020473633651621e-05
234000,-0.0001949699154144286
237600,-5.979982759146988e-05
241200,0.00010618680861768804
244800,0.0001588671087523948
248400,0.00017846773962640743
252000,4.1439439674000123e-05
