time,vpos
234000,-0.010740232320227737
237600,-0.017861237874060288
241200,0.003908969829541446
244800,0.024448793216701247
248400,-0.0045414416453896074
252000,0.008085636766633219
255600,0.041351560170472416
