time,vpos
234000,0.0002709776473537164
237600,0.0010253472845401755
241200,0.0007743446071200265
244800,-0.00013158763520036704
248400,0.00011537790960433752
252000,0.00011129724569320415
255600,-4.030889073641938e-05
