time,vpos
237600,-1.2879713111963261e-06
241200,-1.3745722635408562e-06
244800,-5.549015421784947e-07
248400,-1.372114091983331e-06
252000,-2.3658791793323855e-06
255600,-1.2738291099069173e-06
259200,-9.114981766441226e-07
