time,vpos
237600,-0.002376860814718026
241200,-0.003139800244958456
244800,-0.0017228012976255966
248400,-0.0003145656000125773
252000,0.0012210033499707828
255600,0.0004094963967605803
259200,-0.002709282186393253
