time,vpos
241200,1.0765951001963223e-05
244800,4.4750078856001525e-05
248400,3.4434776015041766e-05
252000,2.0739164991149004e-05
255600,1.4889571364997876e-05
259200,-2.1563841932258554e-05
