time,vpos
241200,0.009590131295951796
244800,0.004830437881041178
248400,-0.008873405535033354
252000,-0.012075520541259344
255600,0.007274356542814882
259200,0.020882198631951183
