time,vpos
25200,44.089751875126645
28800,15.020610895678137
32400,-14.179838080805284
36000,-14.43604950204037
39600,-14.659847691275713
43200,-14.84865807073706
46800,-14.938573685163231
