time,vpos
25200,31.25725575982835
28800,12.104154331965585
32400,-7.1030642250458
36000,-7.179363681790004
39600,-7.274071116985051
43200,-7.399984862971157
46800,-7.453373501357796
