time,vpos
28800,-10.384576490901843
32400,-10.451747258358992
36000,-10.572091406793467
39600,-10.728299322097461
43200,-10.875995584027962
46800,-11.010290942762058
50400,-11.099924573892327
