time,vpos
28800,-10.39312133265398
32400,-10.490261189719075
36000,-10.679925310374102
39600,-10.845487173500931
43200,-10.985134211668296
46800,-11.128376280311809
50400,-11.205008910324853
