time,vpos
32400,-5.478922672722657
36000,-5.526736121394222
39600,-5.612427729297142
43200,-5.684746942194987
46800,-5.758843362609955
50400,-2.899252658583406
54000,-6.5878083804174654e-06
