time,vpos
32400,-8.396833978652154
36000,-8.425339598405179
39600,-8.542566632667453
43200,-8.668605904861554
46800,-8.797768460095481
50400,-4.425424002921166
54000,0.03876515180222394
