time,vpos
3600,6.140475601948414e-07
7200,1.6570498597399952e-07
10800,-2.826375882468424e-07
