time,vpos
3600,-2.756488690491352e-06
7200,-4.9970909852622854e-05
10800,-9.718533101475436e-05
