time,vpos
36000,-1.362643737626076e-06
39600,-0.00024111275507181245
43200,-0.00048086286640599884
