time,vpos
36000,-0.004762060877666185
39600,0.006315834531113386
43200,0.01739372993989296
