time,vpos
39600,-0.0007496163238891798
43200,-0.0005445325253164459
46800,-0.0003394487267437118
