time,vpos
39600,6.028465281008102e-07
43200,2.443228005598753e-07
46800,-1.1420092698105969e-07
