time,vpos
43200,0.00028628921723231754
46800,0.0002699707260355854
50400,0.00025365223483885327
