time,vpos
43200,-0.0032812078300704147
46800,-0.011412067705409546
50400,-0.019542927580748676
