time,vpos
46800,-0.008257684702368057
50400,-0.0034948827050681796
54000,0.0012679192922316989
