time,vpos
46800,-0.0008007553114140935
50400,-0.0008177353159407283
54000,-0.0008347153204673631
