time,vpos
50400,1.12309661418408
54000,1.1263180381846294
57600,1.1295394621851789
