time,vpos
50400,0.0001737651689946284
54000,0.0002913001943709683
57600,0.0004088352197473082
