time,vpos
54000,0.0004093680276516179
57600,0.000221726151572323
61200,3.408427549302811e-05
