time,vpos
54000,0.16704811742201728
57600,0.08354381139582838
61200,3.9505369639480925e-05
