time,vpos
57600,-0.03801978263705888
61200,-0.02216457375626038
64800,-0.006309364875461878
