time,vpos
57600,6.107120382489724e-05
61200,-4.4511582790194624e-05
64800,-0.00015009436940528647
