time,vpos
61200,0.008610473856046717
64800,0.01787082192053204
68400,0.02713116998501737
