time,vpos
61200,-5.556231199275874e-08
64800,-2.655408817814669e-07
68400,-4.75519451570175e-07
