time,vpos
64800,6.480491440696845e-06
68400,2.356010563291794e-06
72000,-1.7684703141132574e-06
