time,vpos
64800,-0.0003811330354126807
68400,0.00022726636233352218
72000,0.000835665760079725
