time,vpos
68400,0.0003477058003141062
72000,-0.00023478071131544814
75600,-0.0008172672229450025
