time,vpos
68400,2.2878153274619173e-06
72000,1.9893100422149756e-06
75600,1.690804756968034e-06
