time,vpos
7200,-0.0006612739928622185
10800,-0.0001289150781996622
14400,0.00040344383646289414
