time,vpos
7200,0.002961751938139397
10800,0.0022607136922868478
14400,0.0015596754464342988
