time,vpos
72000,-6.836307687649312e-06
75600,-1.0787620238414397e-05
79200,-1.4738932789179482e-05
