time,vpos
72000,0.00017115374905903632
75600,1.5237671606508457e-05
79200,-0.0001406784058460194
