time,vpos
75600,-4.934546438822851e-06
79200,2.130720880635928e-06
82800,9.195988200094707e-06
