time,vpos
75600,-2.1652869999929346e-08
79200,1.4550037247795761e-05
82800,2.912172736559145e-05
