time,vpos
79200,2.9388969691873656e-06
82800,3.313069770307167e-06
86400,3.6872425714269685e-06
