time,vpos
79200,-7.517488267164905e-05
82800,6.24896697306675e-05
86400,0.00020015422213298407
