time,vpos
82800,0.0002473180095556525
86400,-0.0005027661502999944
90000,-0.0012528503101556414
