time,vpos
82800,0.0027524523602775845
86400,0.0021162301647017962
90000,0.0014800079691260082
