time,vpos
86400,-0.00035150097142504027
90000,-0.0002856929789175203
93600,-0.00021988498641000028
