time,vpos
86400,4.39442950778135e-07
90000,5.595855784822079e-07
93600,6.797282061862808e-07
