time,vpos
90000,0.0023297148475710707
93600,0.01776865080283692
97200,0.033207586758102765
