time,vpos
90000,0.00013035093951320657
93600,-0.0003001037462291366
97200,-0.0007305584319714798
