time,vpos
93600,-9.451077552144314e-05
97200,-0.00048812781192421117
100800,-0.0008817448483269793
