time,vpos
93600,0.0002950467113568356
97200,0.0005270507562450397
100800,0.0007590548011332439
