time,vpos
97200,0.012353608743487145
100800,0.027582898487456157
104400,0.042812188231425165
