time,vpos
97200,7.286107744259665e-06
100800,-0.00014453139125989608
104400,-0.0002963488902640518
