time,vpos
100800,-4.502359682302028e-05
104400,8.976727371786397e-06
108000,6.297705156659307e-05
