time,vpos
100800,0.00946377298042837
104400,0.020915654266978112
108000,0.03236753555352786
