time,vpos
104400,-0.006515996352019632
108000,-0.00730379053037254
111600,-0.008091584708725449
