time,vpos
104400,-0.000484448073805796
108000,-4.735313203025643e-05
111600,0.0003897418097452832
