time,vpos
10800,-0.0008863658564412598
14400,-0.00023339550509311657
18000,0.00041957484625502664
