time,vpos
10800,0.0019551755702576067
14400,0.004305114912477639
18000,0.0066550542546976715
