time,vpos
108000,20.02612522908368
111600,20.23456746760369
115200,20.4430097061237
