time,vpos
108000,36.37357259673032
111600,36.62998755494144
115200,36.88640251315256
