time,vpos
111600,35.49417275564076
115200,17.747086360589805
118800,-3.4461152507991866e-08
