time,vpos
111600,35.78830944636561
115200,17.894154498823276
118800,-4.4871906285016024e-07
