time,vpos
115200,-38.55730062650855
118800,-39.05712928391115
122400,-39.556957941313755
