time,vpos
115200,-30.971895905266738
118800,-31.287716010370083
122400,-31.60353611547343
