time,vpos
118800,-69.57250320525068
122400,-70.44358248849679
126000,-71.3146617717429
