time,vpos
118800,-67.01312089378938
122400,-67.67679197859083
126000,-68.34046306339228
