time,vpos
122400,-59.79494221563525
126000,-56.6089605003557
129600,-53.42297878507615
