time,vpos
122400,-77.77399164165813
126000,-62.845169870289006
129600,-47.9163480989199
