time,vpos
126000,-48.152999373492825
129600,-48.30211432234047
133200,-48.45122927118811
