time,vpos
126000,-45.701280775245216
129600,-40.794531014903214
133200,-35.88778125456121
