time,vpos
129600,-45.98024497364049
133200,-42.88823356847622
136800,-39.79622216331194
