time,vpos
129600,-32.92441766547198
133200,-33.035458141575404
136800,-33.14649861767883
