time,vpos
133200,-33.56209567270961
136800,-27.069358886768413
140400,-20.576622100827212
