time,vpos
133200,-28.969411412847595
136800,-27.52200395571347
140400,-26.07459649857935
