time,vpos
136800,-17.17704281596276
140400,-13.76405819074606
144000,-10.35107356552936
