time,vpos
136800,-13.358426324995984
140400,-11.214319546287129
144000,-9.070212767578276
