time,vpos
140400,-7.82834129270772
144000,-3.914150726679482
147600,3.983934875606554e-05
