time,vpos
140400,-3.642496459710814
144000,-1.821248258418663
147600,-5.7126511941035796e-08
