time,vpos
14400,-1.3302240932031029e-07
18000,1.2126403500594372e-07
21600,3.7555047933219773e-07
