time,vpos
14400,2.902646193774549e-05
18000,6.674769497528404e-06
21600,-1.5676922942688682e-05
