time,vpos
144000,7.98364191967587e-06
147600,-6.94275419852903e-07
151200,-9.372192759381676e-06
