time,vpos
144000,-3.89207410224357e-08
147600,4.798649616121614e-07
151200,9.986506642467585e-07
