time,vpos
147600,-5.2161344655058675e-05
151200,-0.00010555764895083445
154800,-0.00015895395324661024
