time,vpos
147600,-0.0027207358447947985
151200,-0.0027155763537668374
154800,-0.002710416862738876
