time,vpos
151200,-4.3103641900004135e-05
154800,3.0380325216772936e-06
158400,4.917970694335872e-05
