time,vpos
151200,-6.176763356000037e-07
154800,-1.8790984079083278e-07
158400,2.418566540183381e-07
