time,vpos
154800,-0.0002712348966254709
158400,-0.00013359217934022128
162000,4.0505379450283565e-06
