time,vpos
154800,1.7898182085723802e-07
158400,1.0193731993495686e-07
162000,2.4892819012675704e-08
