time,vpos
158400,-1.1375928930777757e-06
162000,-1.2212808670188505e-06
165600,-1.3049688409599253e-06
