time,vpos
158400,1.038237870849834e-06
162000,-2.1573156185319335e-06
165600,-5.352869107913701e-06
