time,vpos
162000,1.0087754926879568e-05
165600,0.00014609384624236264
169200,0.0002820999375578457
