time,vpos
162000,0.00020511601810169265
165600,0.0004887509551043201
169200,0.0007723858921069476
