time,vpos
165600,-0.015434448664764996
169200,-0.014827852613704881
172800,-0.014221256562644766
