time,vpos
165600,-0.0004885651680771099
169200,-7.111963487723009e-05
172800,0.0003463258983226497
