time,vpos
169200,1.8515725580363351e-07
172800,-9.295309003846258e-08
176400,-3.710634358805587e-07
