time,vpos
169200,0.000269599475123134
172800,0.0001358870626334571
176400,2.174650143780185e-06
