time,vpos
172800,-2.6964300930965024e-08
176400,2.2530039795604084e-07
180000,4.775650968430467e-07
