time,vpos
172800,-0.0006223834557121168
176400,7.087496662169244e-05
180000,0.0007641333889555017
