time,vpos
176400,-0.00012154857510291838
180000,-0.00016424128811023768
183600,-0.00020693400111755698
