time,vpos
176400,0.0002350135910429027
180000,-0.0003049412178204533
183600,-0.0008448960266838093
