time,vpos
18000,-7.143330115096103e-06
21600,8.003343253295929e-06
25200,2.315001662168796e-05
