time,vpos
18000,-0.001968155047981072
21600,-0.0012585935865360358
25200,-0.0005490321250909999
