time,vpos
180000,-0.0001853059222078153
183600,4.011743127570794e-05
187200,0.00026554078475923116
