time,vpos
180000,1.0041680324410218e-05
183600,4.1904946328913395e-06
187200,-1.6606910586275392e-06
