time,vpos
183600,-0.004063445491784992
187200,-0.0029843091945498572
190800,-0.0019051728973147218
