time,vpos
183600,0.0002572622498972835
187200,-0.0003222821426644012
190800,-0.0009018265352260859
