time,vpos
187200,0.0002267715262699313
190800,-0.0004333543475558816
194400,-0.0010934802213816944
