time,vpos
187200,1.7150935879839402e-07
190800,-7.49468464936523e-08
194400,-3.214030517856986e-07
