time,vpos
190800,-0.003664133964758774
194400,0.00019876798338681347
198000,0.004061669931532401
