time,vpos
190800,0.0002096273623925792
194400,-0.0003023766375453778
198000,-0.0008143806374833347
