time,vpos
194400,11.174416704188998
198000,11.207834936004149
201600,11.2412531678193
