time,vpos
194400,19.154241639578363
198000,19.224771459229537
201600,19.29530127888071
