time,vpos
198000,17.77081562117531
201600,8.88540786320286
205200,1.0523040822101254e-07
