time,vpos
198000,9.961054700289434
201600,4.980527344586478
205200,-1.1116479134778978e-08
