time,vpos
201600,-56.35488989612152
205200,-57.26214046907659
208800,-58.16939104203167
