time,vpos
201600,-63.19786064979337
205200,-64.15965918554383
208800,-65.12145772129429
