time,vpos
205200,-99.99999999999967
208800,-99.99999999999798
212400,-99.99999999999629
