time,vpos
205200,-99.99999999999875
208800,-99.99999999999812
212400,-99.99999999999748
