time,vpos
208800,-100.0
212400,-99.99999999985224
216000,-99.99999999970449
