time,vpos
208800,-99.99999999975873
212400,-99.99999999966775
216000,-99.99999999957677
