time,vpos
212400,-99.99999999999999
216000,-99.99999999999999
219600,-99.99999999999999
