time,vpos
212400,-73.70081454971016
216000,-75.04260442070701
219600,-76.38439429170386
