time,vpos
21600,14.88923824229327
25200,15.023025063518542
28800,15.15681188474381
