time,vpos
21600,31.30104325074734
25200,31.556425169361823
28800,31.811807087976305
