time,vpos
216000,-99.99999999999886
219600,-98.31157012968038
223200,-96.62314025936186
