time,vpos
219600,-95.48864597923962
223200,-95.85151291168643
226800,-96.21437984413323
