time,vpos
219600,-68.30809327639061
223200,-68.56737092053524
226800,-68.82664856467989
