time,vpos
223200,-52.037031109216215
226800,-52.22602782003859
230400,-52.41502453086097
