time,vpos
223200,-41.97523609930538
226800,-42.119723680450385
230400,-42.264211261595385
