time,vpos
226800,-13.316606110724205
230400,-6.658336296316748
234000,-6.648190929159359e-05
