time,vpos
226800,-17.07585991989079
230400,-8.537930303177584
234000,-6.864643758716394e-07
