time,vpos
230400,-5.9888765359819785e-05
234000,-6.216202315371903e-05
237600,-6.443528094761828e-05
