time,vpos
230400,1.1427320342494182e-06
234000,1.8400801034046003e-05
237600,3.565887003384259e-05
