time,vpos
234000,-2.146422788118496e-06
237600,-2.452832751145828e-07
241200,1.6558562378893305e-06
