time,vpos
234000,-2.8173674692500263e-05
237600,-1.7099184400337224e-06
241200,2.4753837812432818e-05
