time,vpos
237600,-6.926650193000983e-06
241200,-4.028073083699353e-06
244800,-1.1294959743977234e-06
