time,vpos
237600,-2.052020168827437e-06
241200,-3.3138049189461796e-09
244800,2.045392558989545e-06
