time,vpos
241200,-0.00011206021522957544
244800,-6.23688610579725e-05
248400,-1.2677506886369576e-05
