time,vpos
241200,1.1955325791845883e-07
244800,2.4679474298601803e-07
248400,3.740362280535772e-07
