time,vpos
244800,-1.338945039563999e-06
248400,-2.187332527814811e-06
252000,-3.0357200160656232e-06
