time,vpos
244800,0.0005158342129691582
248400,-4.083324853077728e-05
252000,-0.0005975007100307128
