time,vpos
248400,3.343400170514345e-05
252000,-5.690909074164763e-06
255600,-4.481581985347298e-05
