time,vpos
248400,-6.27586192909757e-06
252000,-2.7385459148467073e-05
255600,-4.8495056367836575e-05
