time,vpos
25200,35.8011610208606
28800,17.90062948915918
32400,9.795745776731213e-05
