time,vpos
25200,30.053396333357302
28800,15.026698063713589
32400,-2.0593012364789054e-07
