time,vpos
252000,-4.120397252560526e-08
255600,-9.448640248032117e-09
259200,2.2306692029541025e-08
