time,vpos
252000,-3.405269664926108e-06
255600,-3.209595976739526e-07
259200,2.7633504695782028e-06
