time,vpos
255600,-5.000707828243297e-08
259200,-5.000707828243297e-08
