time,vpos
255600,1.914119605594955e-05
259200,1.914119605594955e-05
