time,vpos
28800,6.307962285622489e-05
32400,3.098679048913097e-05
36000,-1.106041877962943e-06
