time,vpos
28800,-0.0009156217923347951
32400,-0.0002468326844672899
36000,0.0004219564234002153
