time,vpos
32400,1.3106402231162812e-05
36000,4.709225605056851e-06
39600,-3.6879510210491095e-06
