time,vpos
32400,-0.002616847093080306
36000,0.004537081920011892
39600,0.01169101093310409
