time,vpos
0,-0.00030909997618187683
3600,-0.0032789177836077326
7200,-0.0031491019003343983
10800,0.00898013411307279
14400,0.010279106978863242
18000,0.00527849703865593
21600,0.008008516555366163
