time,vpos
3600,0.0024673344231226544
7200,-0.00135613428497688
10800,0.00309339198197812
14400,0.0068370182459085785
18000,-0.00023075584876189716
21600,0.001316722683088449
25200,0.005402606598485195
