time,vpos
36000,0.0017859359581526833
39600,-0.0007828078843582955
43200,0.003940117084074907
46800,0.00492671272201519
50400,0.00028511985306483504
54000,0.0017843405027625349
57600,0.0016200808484066898
