time,vpos
39600,0.002574955530490453
43200,0.001347361448900895
46800,0.0012512373727899327
50400,0.015498571940865175
54000,0.007967964649562882
57600,-0.009449923230394074
61200,-0.0062213392564520915
