time,vpos
43200,0.013482513349227461
46800,0.025904566188455526
50400,0.01884326865948953
54000,0.017869438113210297
57600,0.015903362981129387
61200,0.020031974792445454
64800,0.044636181557757254
