time,vpos
46800,0.001570120525600958
50400,-0.0013912135716007915
54000,-0.0015287256268907304
57600,-0.0009120636350289405
61200,-0.0048081491365758525
64800,-0.002137120299659426
68400,0.002222833988753891
