time,vpos
50400,-0.013960906877156289
54000,0.007841664593049004
57600,-0.0037117515958338477
61200,0.003917070303254564
64800,0.03479078878118704
68400,0.01897940748763736
72000,0.013279117274331764
