time,vpos
54000,-0.0003209891582504524
57600,-0.0004387708771057303
61200,-0.00028303103727157113
64800,3.927719169750205e-05
68400,0.0001401645981210803
72000,0.00017374807480571475
75600,0.00015523081534640713
