time,vpos
54000,0.004496521029249815
57600,-0.021383729201539952
61200,0.001467951322147885
64800,0.016450679857716914
68400,-0.0033793207845447797
72000,0.015229910948874386
75600,0.01991994110564667
