time,vpos
57600,-0.001731326857051682
61200,-0.00028096465000683436
64800,0.00030317586973202385
68400,0.0004348966428151887
72000,-0.0009319555282867325
75600,1.0706037678017203e-05
79200,0.0033181622351338425
