time,vpos
61200,-0.004342770639532534
64800,-0.01755108280062679
68400,-0.0058729159592346486
72000,0.003616954923202852
75600,-0.0007210660397378425
79200,0.004455217793505222
82800,-0.0014270855303599196
