time,vpos
64800,-0.017770425613913128
68400,-0.00399798710539418
72000,-0.0015826258427628127
75600,-0.0028901657000861823
79200,0.005469889699518482
82800,0.0005313461151406661
86400,-0.002717715480277604
