time,vpos
68400,-0.007443057368394259
72000,-0.005250452782692569
75600,-0.00024889806309307135
79200,0.00042810035943572424
82800,0.002770423982920644
86400,0.0002679823735702864
90000,-0.006708734570634004
