time,vpos
68400,0.00011974302992790988
72000,3.1364291140345e-05
75600,-0.00013107841104126008
79200,4.385969157676366e-05
82800,0.00019399807468270847
86400,0.00011124986443422395
90000,0.00012736533709185855
