time,vpos
7200,32.11835039643048
10800,32.1860037943405
14400,32.346985778254876
18000,32.53219343810369
21600,32.74440621224692
25200,32.98232718298837
28800,33.09991445343105
