time,vpos
7200,32.69492012600031
10800,32.78823154744102
14400,32.975469202330665
18000,33.18491728015211
21600,33.42462149733475
25200,33.652455769323446
28800,33.75610766850202
