time,vpos
72000,0.0008800172183747292
75600,0.0016553904490864356
79200,-0.0009909530468343137
82800,0.007626561456224652
86400,0.003911804671599792
90000,-0.0013376069124883458
93600,0.0091669695177398
