time,vpos
75600,0.010346602761265129
79200,-0.012357546868624206
82800,0.0007758497915080114
86400,0.016335585918629016
90000,0.004435034105915073
93600,0.007337337076742313
97200,0.0018623816973829489
