time,vpos
79200,0.006673600532297662
82800,0.00433284648387193
86400,0.0011831564327120748
90000,0.014275823789683064
93600,0.008524819775688672
97200,-0.0002361167605725468
100800,0.01065555407686574
