time,vpos
82800,0.013425143373564284
86400,-0.004003427700347907
90000,0.005239744690144782
93600,0.01947675703435244
97200,0.004112105736153003
100800,0.0033985685751049487
104400,0.0056149515920591074
