time,vpos
86400,0.007239197371194375
90000,-0.0016316173906397256
93600,0.011644947529842645
97200,0.019178640600110465
100800,0.00011267517744580904
104400,0.0010474682177645815
108000,0.006434540068699356
