time,vpos
86400,0.0011010293299058805
90000,0.0005368590443487404
93600,-0.00047417770111048184
97200,-0.0005703235677448873
100800,-0.0002742951173359628
104400,0.0003539911455705338
108000,0.0010369695513357826
