time,vpos
90000,-0.01285668020160962
93600,-0.007974724770673817
97200,0.009939301304755595
100800,0.006752488060510419
104400,0.00794786173630407
108000,-0.0033360892083410636
111600,-0.03203429771751863
