time,vpos
93600,16.7565125495424
97200,16.804324958910016
100800,16.90032031883338
104400,16.996833702945196
108000,17.093866530518003
111600,17.251039562073583
115200,17.359510199612423
