time,vpos
93600,-0.0032041504945751133
97200,-0.0073159812577316685
100800,0.004771794485611928
104400,0.0013223181589942794
108000,-0.0010107439981338123
111600,0.009252980563860173
115200,0.0022006844498644496
