time,vpos
97200,16.030658152572872
100800,16.07592686955004
104400,16.16758090971479
108000,16.26020685929368
111600,16.41030367425645
115200,8.25732522119412
118800,0.000490579560339045
