time,vpos
97200,-19.33507237803271
100800,-19.45164812250594
104400,-19.73734935729772
108000,-20.10059830635052
111600,-20.592204977182472
115200,-21.287812612821526
118800,-21.68593703636288
