time,vpos
100800,-26.335136992728504
104400,-26.549935213759714
108000,-27.034565932298648
111600,-27.7032419487277
115200,-45.563395408894245
118800,-64.2840714628228
122400,-65.54343757550613
