time,vpos
100800,14.212855076709157
104400,14.253497249760194
108000,14.334999970889365
111600,14.466712496594536
115200,1.4574824454832678
118800,-11.772657195496498
122400,-11.902714807737956
