time,vpos
104400,11.752083632172408
108000,11.786403079033402
111600,11.895634485799128
115200,-10.759807171291799
118800,-33.86396535644941
122400,-34.597678290157646
126000,-34.95758665570392
