time,vpos
104400,-18.766978991644194
108000,-18.95234345737139
111600,-19.41516578205078
115200,-53.32090233318023
118800,-88.67309396873529
122400,-92.25466511167284
126000,-94.11232331123259
