time,vpos
10800,32.6816092017248
14400,32.779836647408665
18000,32.97731369694996
21600,33.17979294305523
25200,33.39262905866002
28800,16.750118939791744
32400,-0.0019976524334852533
