time,vpos
10800,32.8530610715778
14400,32.94690713297049
18000,33.15625418801342
21600,33.39583041200393
25200,33.62336137917627
28800,20.062404508303302
32400,6.397991900598249
