time,vpos
108000,2.4930032797109614
111600,2.5303714482566226
115200,-42.189091390230196
118800,-88.67576730846886
122400,-92.25634168616469
126000,-87.58904513325751
129600,-81.07101911386071
