time,vpos
108000,8.004702040044398
111600,8.056324757869293
115200,-12.692834529402147
118800,-33.86467356323051
122400,-34.595999774866314
126000,-23.088421535265997
129600,-11.220574112761897
