time,vpos
111600,-18.37390927541621
115200,-25.931713716185367
118800,-33.86385578730868
122400,-34.59799572643164
126000,-23.56384777870033
129600,-12.20593357081575
133200,-12.241969619431297
