time,vpos
111600,27.29840810396536
115200,-29.82916728891857
118800,-88.66759243701185
122400,-92.25080707242228
126000,-87.59709553324582
129600,-40.53880572892241
133200,-0.006592343976538151
