time,vpos
115200,-45.25152726714429
118800,-45.756791440791545
122400,-46.7477595816435
126000,-29.702379352075443
129600,-12.205937583068865
133200,-6.528872937233567
136800,-0.8171658636320722
