time,vpos
115200,-77.67509458131006
118800,-79.26097710414075
122400,-82.47669693453436
126000,-82.58877667797853
129600,-52.46900434282129
133200,-24.04059066706544
136800,-24.21419176234808
