time,vpos
118800,-56.480743696864664
122400,-57.07410372048045
126000,-34.919455870865036
129600,-12.205937573642057
133200,-6.528796681312911
136800,-0.40856763316159533
140400,3.094665234072081e-05
