time,vpos
118800,-72.08513934723467
122400,-73.60992563894789
126000,-76.36387976524954
129600,-50.74563663536402
133200,-24.040786550064773
136800,-12.08759106223296
140400,0.008165304773543117
