time,vpos
122400,-60.50501272866586
126000,-47.39529911990754
129600,-23.735743051167688
133200,-7.001534018637022
136800,-0.4083692362548246
140400,-0.00021442626958417699
144000,-0.0008578261174130015
