time,vpos
122400,-58.26791180564377
126000,-59.26634429891686
129600,-42.073808680706584
133200,-24.040689559183342
136800,-12.100621765926368
140400,0.000557446575193978
144000,0.003819875859642811
