time,vpos
126000,-21.776843628564443
129600,-21.945029993532827
133200,-22.258496207979068
136800,-11.200770949265129
140400,-0.0007764919751135326
144000,-0.00235563628093466
147600,-0.0009241296849749373
