time,vpos
126000,-33.67559214123699
129600,-33.771504664802016
133200,-17.34229155795819
136800,-0.40854284219398473
140400,-0.0003958502062028868
144000,-0.0012561594735170625
147600,-0.0016403753732623985
