time,vpos
129600,-4.315316887389464
133200,-4.351008121270296
136800,-2.1844738340251153
140400,0.005974360294700169
144000,-0.006061159959855724
147600,-0.004278889261685224
151200,-0.0022384251151568316
