time,vpos
129600,-34.11618156301266
133200,-34.217133231528116
136800,-17.159014937201285
140400,-1.9208241563628858e-05
144000,-0.00013365277904234463
147600,-0.0001730484496178687
151200,-0.0001722334652696984
