time,vpos
133200,-24.84923881939893
136800,-24.92281343592189
140400,-12.498182091587777
144000,-3.58404357351369e-05
147600,-1.2688971519155435e-05
151200,2.1296436981865475e-05
154800,-2.7579323754539763e-05
