time,vpos
133200,-44.010908162907725
136800,-22.006496673125152
140400,0.0010329547637864555
144000,0.0012353319722261263
147600,-0.009142344251815308
151200,-0.003606163641167368
154800,0.009391932295593871
