time,vpos
136800,-0.0012549819503113336
140400,-0.0006642597324747006
144000,-0.0034544848055308094
147600,-0.00957024536607035
151200,-0.0007660303616023494
154800,0.0032743514803646105
158400,-0.004224294951783226
