time,vpos
136800,-23.736663239373005
140400,-23.803405130425993
144000,-11.935573718969623
147600,-0.0007138317539600611
151200,-0.00015479505294503553
154800,2.001277881145011e-05
158400,-7.763138414472708e-05
