time,vpos
140400,-1.3179225753071342
144000,-0.6587971519726202
147600,0.0003377429839709841
151200,-4.997868577554627e-05
154800,0.00038523875484050324
158400,0.0009446275522520615
162000,0.0006716056172236575
