time,vpos
140400,-0.006278814748865078
144000,-0.0020946911530545257
147600,-0.0021443731854409653
151200,-0.002895710272565159
154800,0.0012087253893002623
158400,0.0006968379303322762
162000,-0.000437016649428333
