time,vpos
14400,32.79182807047187
18000,32.90680919670048
21600,33.144347130241705
25200,33.36975339479228
28800,19.93529815869056
32400,4.815201164774178
36000,3.232408864197487
