time,vpos
14400,32.78136410410733
18000,32.86898329681924
21600,33.075178787783265
25200,33.30229485281172
28800,16.706734380439592
32400,-0.007720482991116924
36000,-0.018075107273353982
