time,vpos
144000,-0.0011983992740468115
147600,-0.005865690416367377
151200,-0.005483866968325609
154800,-0.0037579032661004368
158400,0.003185233201647144
162000,0.003717273121955442
165600,-0.006016974313621001
