time,vpos
147600,-0.004837210268760091
151200,-0.008278732228985439
154800,-0.00422761475526056
158400,-0.002120295580684188
162000,0.002666133415644983
165600,0.004161599204271182
169200,-0.004514684262805645
