time,vpos
147600,0.00011469260317772189
151200,7.02819986961377e-05
154800,8.432095598592492e-05
158400,0.000123185131801887
162000,9.253540023288849e-05
165600,6.259851574918098e-05
169200,4.372597687906267e-05
