time,vpos
151200,-0.013102309029590125
154800,-0.013083234528721212
158400,-0.0008924424193895394
162000,-0.0009745145044658273
165600,0.0021807478760682347
169200,0.00676411884133331
172800,-0.004061562267474724
