time,vpos
154800,-0.04698384032598133
158400,-0.012448528610887435
162000,0.004496436243086233
165600,0.0019870565120644695
169200,0.01239444866354912
172800,0.005169651288245472
176400,0.0026184288915556417
