time,vpos
154800,-0.00018331251056621624
158400,-0.00014004647256180678
162000,2.993356615940601e-07
165600,4.1340365069988556e-05
169200,-0.00015567420570318456
172800,-0.0002209999025955737
176400,-0.00014534976952538663
