time,vpos
158400,-0.046283655904038726
162000,-0.012504628425238928
165600,0.005624238387433181
169200,0.005273864895129246
172800,0.012470536469185757
176400,0.004919899135321344
180000,0.005472377401224173
