time,vpos
158400,0.0001411412873296455
162000,8.895367200636612e-05
165600,7.002450678348033e-05
169200,0.00012105287010147751
172800,9.89659686099011e-05
176400,2.318840889698893e-05
180000,-1.2732336106743226e-05
