time,vpos
162000,-0.045269376366232184
165600,-0.011115960654374405
169200,0.007682214227471777
172800,0.007609373402043922
176400,0.012338242128774048
180000,0.004452638182495888
183600,0.007120565514071345
