time,vpos
162000,-0.0006142460591137649
165600,0.0004869777266478112
169200,0.0006791887126767804
172800,0.0013079656720589956
176400,0.0013383138764183058
180000,0.0002170206521286391
183600,0.0006031689825944844
