time,vpos
165600,-0.050545843533350523
169200,-0.009404419013932405
172800,0.007901517662788831
176400,0.005604659429702256
180000,0.015363091364539453
183600,0.004515785942424457
187200,0.005448678195082573
