time,vpos
169200,-0.04393562618728599
172800,-0.002942751556421811
176400,0.007932632936777352
180000,0.0030473001883263096
183600,0.016314610961118633
187200,0.0033747017777146578
190800,0.002399639210732331
