time,vpos
169200,-0.00021902252641536077
172800,-0.00021840497736676923
176400,-0.00017116660719294988
180000,-7.967342157010651e-05
183600,1.199240536286757e-06
187200,3.971145968838653e-05
190800,4.2223381231708615e-05
