time,vpos
172800,-0.0242474186733445
176400,0.002812432559962203
180000,0.0031167838709456374
183600,0.0043341652549509615
187200,0.014988002733613826
190800,0.00028239641783303664
194400,0.002895833929717978
