time,vpos
172800,0.00011518897286774687
176400,-5.415702113177861e-05
180000,-7.2213856799506135e-06
183600,9.593942868588341e-05
187200,0.00022540315377807783
190800,0.00022464285652943825
194400,-1.8701980896915216e-05
