time,vpos
176400,-0.00045433417730374024
180000,-0.00013141648823669847
183600,-0.00019354128039908411
187200,-0.0004320049043112225
190800,-0.00013181573474867761
194400,6.69847709642145e-05
198000,0.00011217496443185072
