time,vpos
176400,0.00044971796992719637
180000,0.00287408076742173
183600,-0.0011085203897226014
187200,0.009116001320628175
190800,0.008466418053650919
194400,-0.0009942608267557878
198000,0.0068261292248044045
