time,vpos
18000,32.56650170751881
21600,32.67468421288658
25200,32.90263040072875
28800,16.52598648321673
32400,0.011020633761974125
36000,-0.0030286366997111765
39600,0.0014803423069557984
