time,vpos
18000,31.410830950038225
21600,31.527973349786937
25200,31.74260938407274
28800,19.119047334076278
32400,5.395526013154455
36000,4.405595410746656
39600,4.418130444727132
