time,vpos
180000,-0.0018879591539096427
183600,9.090728796558736e-05
187200,0.009012389712197665
190800,0.0025280337903495686
194400,-0.0027646694549548012
198000,0.002869846242445733
201600,0.00037009328094569373
