time,vpos
180000,-1.5180585983559392e-05
183600,0.0002132834362258594
187200,0.00015627399406428386
190800,-0.00038313710632734756
194400,0.00010429099298724047
198000,0.00042368920385911816
201600,1.7216793957707812e-06
