time,vpos
183600,-9.02771381230325
187200,-9.060783792613435
190800,-9.114072602752422
194400,-9.165638048137254
198000,-9.232861793761135
201600,-12.391621419718767
205200,-15.514503915608543
