time,vpos
183600,-2.649924736009684
187200,-2.6576642581338747
190800,-2.6728163078565648
194400,-2.6881750857606237
198000,-2.704774672001381
201600,-2.7345413427320913
205200,-2.7556546775276054
