time,vpos
187200,-6.975460929334466
190800,-6.9963877652157755
194400,-7.039024871296015
198000,-7.084920040849463
201600,-45.39287333128284
205200,-85.00981368589035
208800,-86.342985649419
