time,vpos
187200,-10.39180671750139
190800,-10.421432605986752
194400,-10.480963549963873
198000,-10.544753057499353
201600,-23.947801022768424
205200,-37.772212028099794
208800,-38.22745952020581
