time,vpos
190800,-8.12642328189106
194400,-8.149607268148095
198000,-8.198992209696332
201600,-33.50299999804538
205200,-59.497460377740154
208800,-60.88284525272867
212400,-61.55157658108027
