time,vpos
190800,-8.118447782426044
194400,-8.140225195065756
198000,-8.198414576081754
201600,-54.11741327222236
205200,-99.99999999987641
208800,-99.99999999988
212400,-99.99999999999388
