time,vpos
194400,-12.988255107323935
198000,-13.04335478595036
201600,-56.54922723226652
205200,-99.99999999992994
208800,-99.9999999999518
212400,-99.99999999999989
216000,-99.99999999999982
