time,vpos
194400,-4.223981894927673
198000,-4.237989250215553
201600,-34.67090513866356
205200,-65.8830048099728
208800,-67.41686508677462
212400,-68.80376968584967
216000,-69.45000514627199
