time,vpos
198000,-19.03875779422329
201600,-59.51937889711162
205200,-99.99999999999906
208800,-99.99999999999567
212400,-99.99999999999234
216000,-99.99999999999577
219600,-100.0
