time,vpos
198000,-2.432581476561735
201600,-36.0627864243823
205200,-70.54262052643752
208800,-72.18441021553156
212400,-73.66925180831485
216000,-75.0384830423051
219600,-75.71503321837145
