time,vpos
201600,-69.27393110037944
205200,-70.12102014648039
208800,-71.75548623427473
212400,-73.23079461628548
216000,-74.59118551059227
219600,-59.91049383170154
223200,-44.557342598821364
