time,vpos
201600,-99.99999999999999
205200,-99.99999999998789
208800,-99.99999999995424
212400,-99.99999999996633
216000,-99.99999999996861
219600,-87.38474622952211
223200,-74.76949245910701
