time,vpos
205200,-74.63137797114847
208800,-75.46006753959954
212400,-77.01215858048442
216000,-78.44338927144459
219600,-61.854286709612225
223200,-30.404467866490048
226800,-16.25158080372656
