time,vpos
205200,-99.99999999994239
208800,-99.9999999999712
212400,-100.0
216000,-99.99999999999712
219600,-84.42512995625677
223200,-57.62340350376965
226800,-46.396547095020026
