time,vpos
208800,-87.30370355115765
212400,-88.13209177413593
216000,-89.77013592453099
219600,-67.56856603209653
223200,-30.404458590022266
226800,-16.010031840608274
230400,-15.768486713417301
