time,vpos
208800,-99.99999999999619
212400,-99.9999999999854
216000,-99.99999999998731
219600,-83.35629864698889
223200,-51.798774758235844
226800,-32.43335934515367
230400,-27.98176646781344
