time,vpos
212400,-99.99999999997762
216000,-99.99999999998751
219600,-73.80145635628779
223200,-32.82138467919087
226800,-16.911825363294426
230400,-7.885725702245781
234000,0.012342676293734584
