time,vpos
212400,-99.99999999999389
216000,-99.99999999998228
219600,-81.73963485126859
223200,-47.31780752159841
226800,-25.23655255927631
230400,-9.658371128846715
234000,1.752022887598014e-05
