time,vpos
21600,3.2562874687973533
25200,3.2673422152242755
28800,1.6390227631657515
32400,0.0009933709717105724
36000,0.002218941843872761
39600,0.006676895869177685
43200,0.011254085313725421
