time,vpos
21600,9.343117564105688
25200,9.371609562489935
28800,7.899046730062517
32400,5.509126438794117
36000,4.633706785392043
39600,4.660522956327201
43200,4.6738933202076955
