time,vpos
216000,-99.99999999999991
219600,-78.26663044466463
223200,-39.89664694382012
226800,-18.373737758289703
230400,-6.743718957469726
234000,1.5697705989318214e-06
237600,-1.46378786061061e-06
