time,vpos
216000,-100.0
219600,-99.9999999999303
223200,-59.532292682479834
226800,-17.666197638903224
230400,-8.569742680047742
234000,-0.38463837635790493
237600,0.10239869467228774
