time,vpos
219600,-88.35355492313684
223200,-88.6060235891092
226800,-52.31348957542002
230400,-7.884195208125755
234000,8.407897470153955e-05
237600,0.00010091297038291691
241200,0.00013014749835557355
