time,vpos
219600,-43.86889982129449
223200,-30.579657342159116
226800,-13.966923671417387
230400,-5.336814093937168
234000,-0.03400241010722725
237600,0.004951870957200719
241200,0.04771285406555449
