time,vpos
223200,-3.284368346674312
226800,-3.2983652916214896
230400,-1.674771609923893
234000,-0.008090581720885304
237600,-0.002577865304432083
241200,-0.017104191375292177
244800,-0.008052832304373094
