time,vpos
223200,-44.282225654988245
226800,-44.40844302036895
230400,-22.266973800982797
234000,0.0007383594367321126
237600,0.000491316590536378
241200,0.0002310710121752136
244800,0.00024344393267945136
