time,vpos
226800,-11.404265201845988
230400,-5.7020990962957585
234000,3.969116259985702e-06
237600,-2.6702789068266527e-05
241200,3.799052533492883e-05
244800,8.418664083236425e-05
248400,9.805767480732441e-05
