time,vpos
226800,-5.197446099313173
230400,-2.5870455308223295
234000,0.24993733462658213
237600,0.23763977914634926
241200,0.17859791339043143
244800,0.26477244082184936
248400,0.1711089815708843
