time,vpos
230400,-0.01125283580106028
234000,-0.0025640780074515784
237600,0.004882665163652124
241200,-0.0002143087011908715
244800,0.00038021018217663117
248400,0.0023628052053574814
252000,-0.00010407789716716754
