time,vpos
230400,-8.116242485927755e-05
234000,0.0003792525113900754
237600,0.000567553463428008
241200,0.00018852740209961366
244800,-0.00014785614598293416
248400,-0.00033135772242007597
252000,-0.000285387827891644
