time,vpos
234000,0.04921646371256979
237600,0.006532693490911864
241200,-0.013464943210909297
244800,0.017236240087283496
248400,0.004541758575725652
252000,-0.01886778023670361
255600,-0.021567787759218995
