time,vpos
237600,0.00027666630180428324
241200,0.00011428763649611277
244800,-2.4174955382453175e-06
248400,2.096435712087871e-05
252000,-6.805632493815408e-05
255600,-0.00014249334891755513
259200,-0.00015020137145261173
