time,vpos
237600,-0.005810070286008345
241200,-0.004861244355038675
244800,-0.002233997075020599
248400,0.0020717288953595115
252000,0.00473785846471466
255600,0.0002740603889734704
259200,-0.004228562634791167
