time,vpos
241200,-0.00017111797248156753
244800,-0.00015192432167199067
248400,-0.00018204220688737335
252000,-0.00019398718882700065
255600,-0.0001229138557457213
259200,-8.920707674977418e-05
