time,vpos
241200,0.0001944413823322974
244800,-0.00020593028618168718
248400,-0.00021680736152595963
252000,-8.104050445207516e-05
255600,-0.0002886157730640085
259200,-0.00024246330558011422
