time,vpos
25200,0.00012589491487385212
28800,0.0002221124581809229
32400,0.0003277987775194988
36000,0.0001721704012184337
39600,-0.00010863069432890936
43200,-0.0002093916321163168
46800,-0.0001944486266889514
