time,vpos
25200,0.01820935070565035
28800,0.021350265517995435
32400,0.012244142090129256
36000,0.004201970288585408
39600,0.003325652832394271
43200,-5.6377182989559736e-05
46800,0.001642776696485161
