time,vpos
28800,0.019473246262961992
32400,0.015711628658388467
36000,0.008421862440112065
39600,0.005497885313431598
43200,-0.0011404354857899644
46800,-0.0004885080935627983
50400,0.007405911584908338
