time,vpos
28800,-0.0002442176554910057
32400,-0.0001561162564680124
36000,-1.9937397661755795e-05
39600,1.4699732875403474e-05
43200,-9.745525394531116e-05
46800,-0.000130029459047443
50400,-6.388900657496426e-05
