time,vpos
32400,0.042156034904594894
36000,0.03984473449585792
39600,0.02082965180247378
43200,0.005125112104882108
46800,0.004906970142824416
50400,-0.003341741885002844
54000,-0.01037306936371692
