time,vpos
32400,0.00021885459718330377
36000,-0.0003653796618776322
39600,-0.0009054018557572029
43200,-0.0005332774738934826
46800,2.913949922119267e-05
50400,-0.00017510695229579716
54000,-0.0006138580602451074
