time,vpos
3600,-7.035904377456078e-06
7200,-0.00010800761124912073
10800,-0.0002089793181207854
