time,vpos
3600,-1.9286705793628706e-08
7200,-1.3853089820561014e-07
10800,-2.5777509061759157e-07
