time,vpos
36000,-1.3463698964792745e-06
39600,-7.254339473989875e-07
43200,-1.0449799831870055e-07
