time,vpos
36000,-0.0004520223413901356
39600,-0.00033428801613195154
43200,-0.00021655369087376745
