time,vpos
39600,0.029332978772059096
43200,0.027659146337349064
46800,0.025985313902639032
