time,vpos
39600,-6.559262578399727e-06
43200,2.8737414913329856e-05
46800,6.403409240505944e-05
