time,vpos
43200,0.000569182592737441
46800,0.0005898137683966548
50400,0.0006104449440558684
