time,vpos
43200,-0.0007933037673304479
46800,-0.0008814977689940075
50400,-0.0009696917706575672
