time,vpos
46800,-0.0009857706939122907
50400,-0.0004845760076293363
54000,1.6618678653618067e-05
