time,vpos
46800,-4.570919768555337e-07
50400,1.7554295111705392e-07
54000,8.081778790896416e-07
