time,vpos
50400,16.339796668651406
54000,16.386472679344347
57600,16.43314869003729
