time,vpos
50400,-0.005447319511581606
54000,-0.005571478103223466
57600,-0.0056956366948653255
