time,vpos
54000,-6.450541052693826e-07
57600,-4.0167131634682995e-07
61200,-1.5828852742427735e-07
