time,vpos
54000,6.204015336880309e-06
57600,-1.4832867671014244e-05
61200,-3.5869750678908796e-05
