time,vpos
57600,0.015676025540482526
61200,0.014827349436954735
64800,0.013978673333426943
