time,vpos
57600,-1.6004822517627865e-05
61200,5.7983979209686105e-06
64800,2.7601618359565086e-05
