time,vpos
61200,-1.0409836556227517e-06
64800,-0.00013449317246826288
68400,-0.000267945361280903
