time,vpos
61200,-1.759057197681102e-05
64800,-1.6758924011039955e-05
68400,-1.592727604526889e-05
