time,vpos
64800,0.0035066000740235827
68400,0.0041753509377204755
72000,0.004844101801417368
