time,vpos
64800,1.043769558227923e-06
68400,-2.750154332430386e-07
72000,-1.5938004247140002e-06
