time,vpos
68400,-1.6269751279715078e-05
72000,6.9365088047656735e-06
75600,3.0142768889246425e-05
