time,vpos
68400,9.53374211798419e-06
72000,5.597211712171646e-06
75600,1.660681306359102e-06
