time,vpos
7200,-0.007422065415627912
10800,0.00013093708333732426
14400,0.00768393958230256
