time,vpos
7200,-4.343397218377442e-05
10800,1.0884726613947145e-05
14400,6.520342541166871e-05
