time,vpos
72000,-1.5181010582007156e-07
75600,2.5833985827491226e-06
79200,5.318607271318317e-06
