time,vpos
72000,-0.00016579159412251227
75600,0.00015482111201103722
79200,0.0004754338181445867
