time,vpos
75600,0.0004705328971726843
79200,0.0010842260595658715
82800,0.0016979192219590588
