time,vpos
75600,-4.073611009625111e-06
79200,-0.00015176036071307825
82800,-0.0002994471104165314
