time,vpos
79200,0.0001680254681557308
82800,-0.00020485110919686784
86400,-0.0005777276865494665
