time,vpos
79200,0.0007951883181831913
82800,-0.00021711523015491562
86400,-0.0012294187784930226
