time,vpos
82800,0.00011312001365629719
86400,-0.0003493064511948566
90000,-0.0008117329160460104
