time,vpos
82800,0.0004986183758134369
86400,0.0008683857017568414
90000,0.0012381530277002458
