time,vpos
86400,0.004886725157388257
90000,0.009834616760729385
93600,0.014782508364070513
