time,vpos
86400,7.277507818486153e-06
90000,-0.00019001331111948147
93600,-0.0003873041300574491
