time,vpos
90000,-4.937255047507416e-07
93600,-4.7517765692280806e-07
97200,-4.566298090948745e-07
