time,vpos
90000,3.4382543177937664e-05
93600,-0.0001851222755519343
97200,-0.0004046270942818062
