time,vpos
93600,-2.3821697614018e-05
97200,7.476695363929937e-06
100800,3.8775088341877874e-05
