time,vpos
93600,-9.486637257000163e-08
97200,-3.152461445100202e-08
100800,3.1817143667997594e-08
