time,vpos
97200,-0.0002489622622535249
100800,-6.949297646283044e-05
104400,0.00010997630932786407
