time,vpos
97200,0.008197601068365978
100800,-0.006803711606030369
104400,-0.021805024280426716
