time,vpos
100800,-0.0024795407882861366
104400,-0.0027618888822396413
108000,-0.003044236976193146
