time,vpos
100800,-0.0011017115822522085
104400,-0.0007530909937052014
108000,-0.00040447040515819446
