time,vpos
104400,-0.0006368476404688937
108000,-7.033584499272744e-05
111600,0.0004961759504834388
