time,vpos
104400,-1.1020015178164755e-07
108000,-5.254497237707281e-08
111600,5.110207027501923e-09
