time,vpos
10800,-3.8363178388669083e-07
14400,-3.9497277333261274e-08
18000,3.046372292201683e-07
