time,vpos
10800,-2.1982483108112794e-08
14400,-3.65313293396001e-08
18000,-5.1080175571087405e-08
