time,vpos
108000,0.0005479835131267166
111600,0.0003857781136285335
115200,0.00022357271413035035
