time,vpos
108000,70.64124695134313
111600,71.14050422384585
115200,71.63976149634857
