time,vpos
111600,21.797968103447353
115200,10.903228946695338
118800,0.008489789943324881
