time,vpos
111600,64.26458846404681
115200,32.132294228998575
118800,-6.049665391034964e-09
