time,vpos
115200,-1.2288111358451257e-07
118800,-1.013441827486837e-07
122400,-7.980725191285482e-08
