time,vpos
115200,-46.638236547815204
118800,-47.32569933316728
122400,-48.013162118519354
