time,vpos
118800,-31.311371449125275
122400,-31.592937249502395
126000,-31.874503049879515
