time,vpos
118800,-41.77174224616298
122400,-41.9086267915128
126000,-42.045511336862624
