time,vpos
122400,-70.28795106102896
126000,-70.51838453834553
129600,-70.74881801566211
