time,vpos
122400,-20.342116316036428
126000,-20.41611497216325
129600,-20.490113628290068
