time,vpos
126000,-44.5061913079146
129600,-44.63348698368874
133200,-44.76078265946289
