time,vpos
126000,-75.91833662180657
129600,-76.13482352095005
133200,-76.35131042009354
