time,vpos
129600,-57.155740581720316
133200,-57.3194990176902
136800,-57.48325745366007
