time,vpos
129600,-45.04756963472364
133200,-45.17657344520375
136800,-45.30557725568386
