time,vpos
133200,-41.441382467117215
136800,-41.55996510285789
140400,-41.67854773859856
