time,vpos
133200,-35.03689328136583
136800,-35.13721126475699
140400,-35.23752924814815
