time,vpos
136800,-35.49104594517754
140400,-35.59223207523159
144000,-35.693418205285646
