time,vpos
136800,-18.356341149912723
140400,-18.40863641898948
144000,-18.460931688066246
