time,vpos
140400,0.0008681641616627741
144000,0.0002234722464285031
147600,-0.00042121966880576795
