time,vpos
140400,-7.331330233295584
144000,-3.665665144832886
147600,-5.637018785781267e-08
