time,vpos
14400,2.117177100909655e-05
18000,-2.070414060319606e-05
21600,-6.258005221548867e-05
