time,vpos
14400,3.8600520696485674e-08
18000,2.1781780136346813e-07
21600,3.970350820304506e-07
