time,vpos
144000,5.7047668827175275e-08
147600,-2.1408452038407413e-07
151200,-4.852167095953235e-07
