time,vpos
144000,-0.0005499663610148817
147600,-0.00036751832467919076
151200,-0.00018507028834349992
