time,vpos
147600,0.003940115243989772
151200,0.004175576454518512
154800,0.004411037665047251
