time,vpos
147600,-1.7100295330498157e-05
151200,-8.518360496738772e-07
154800,1.5396623231150403e-05
