time,vpos
151200,0.00014099516113586142
154800,0.0002824539750041802
158400,0.000423912788872499
