time,vpos
151200,7.568193964921157e-09
154800,-2.5047134668615946e-06
158400,-5.01699512768811e-06
