time,vpos
154800,-6.138097417178465e-05
158400,1.123774787443427e-06
162000,6.36285237466715e-05
