time,vpos
154800,0.004988371000702423
158400,0.02229177688067574
162000,0.03959518276064906
