time,vpos
158400,7.983762057711674e-07
162000,6.386465005057615e-07
165600,4.789167952403556e-07
