time,vpos
158400,-6.717339259327374e-06
162000,-2.2458362938958619e-07
165600,6.268172000548202e-06
