time,vpos
162000,-8.886640266603895e-08
165600,2.756185679828522e-08
169200,1.439901162626094e-07
