time,vpos
162000,0.00860039907606613
165600,0.02076174964443442
169200,0.0329231002128027
