time,vpos
165600,4.746527148469263e-05
169200,5.334630713138804e-05
172800,5.9227342778083445e-05
