time,vpos
165600,-0.0035516265395373406
169200,-0.002804434259590376
172800,-0.002057241979643411
