time,vpos
169200,5.3193834163856035e-06
172800,2.8833077571777804e-06
176400,4.4723209796995733e-07
