time,vpos
169200,-4.174406246870797e-05
172800,-3.627736516546832e-05
176400,-3.081066786222867e-05
