time,vpos
172800,0.00015693516916408812
176400,-1.9349589333716458e-05
180000,-0.00019563434783152105
