time,vpos
172800,-0.0001640351461287175
176400,-0.0001277001369975688
180000,-9.136512786642008e-05
