time,vpos
176400,0.004978961161259635
180000,0.0031616426737201987
183600,0.0013443241861807627
