time,vpos
176400,-0.00010348661127339421
180000,5.437782123599415e-06
183600,0.00011436217552059304
