time,vpos
18000,-9.734150564265305e-05
21600,2.9174138673820794e-05
25200,0.00015568978299029465
