time,vpos
18000,-7.716643102284593e-06
21600,-3.812013720655427e-06
25200,9.26156609737383e-08
