time,vpos
180000,-3.0904184107616306e-07
183600,8.641192839400902e-08
187200,4.818656978641811e-07
