time,vpos
180000,-8.665269484078023e-06
183600,2.075599198133273e-05
187200,5.017725344674348e-05
