time,vpos
183600,0.0001261287437934789
187200,8.163409654028358e-05
190800,3.713944928708823e-05
