time,vpos
183600,-0.007350077821116673
187200,0.00034541060107582885
190800,0.00804089902326833
