time,vpos
187200,-7.670250627262065e-06
190800,-3.5484848532513634e-06
194400,5.732809207593387e-07
