time,vpos
187200,4.985249730426013e-05
190800,2.1884781930265975e-05
194400,-6.082933443728183e-06
