time,vpos
190800,-0.0015574151724451874
194400,-0.00014146827490633235
198000,0.0012744786226325227
