time,vpos
190800,0.00020024310921726136
194400,-3.29526127683191e-05
198000,-0.00026614833475389953
