time,vpos
194400,11.895487172394326
198000,11.929508962454715
201600,11.963530752515107
