time,vpos
194400,-5.563129844316486e-07
198000,-6.708000565457262e-07
201600,-7.852871286598037e-07
