time,vpos
198000,-0.00045159784111013443
201600,0.001960545235698099
205200,0.004372688312506332
