time,vpos
198000,9.439138410307955
201600,4.719569150073879
205200,-1.1016019567443214e-07
