time,vpos
201600,-0.0013014691142406972
205200,-0.0006865792186237069
208800,-7.168932300671664e-05
