time,vpos
201600,-83.97567379597835
205200,-85.31855289357262
208800,-86.66143199116689
