time,vpos
205200,-82.95206801754831
208800,-83.8934420819704
212400,-84.8348161463925
