time,vpos
205200,-100.0
208800,-99.99999999998995
212400,-99.9999999999799
