time,vpos
208800,-99.99999999999575
212400,-99.99999999999348
216000,-99.9999999999912
