time,vpos
212400,-100.0
216000,-99.99999999999616
219600,-99.99999999999234
