time,vpos
212400,-99.99999999999967
216000,-99.99999999999984
219600,-100.0
