time,vpos
21600,43.836287136071284
25200,44.14858379691198
28800,44.460880457752666
