time,vpos
21600,0.0003474661133536644
25200,0.0003247431963756056
28800,0.00030202027939754683
