time,vpos
216000,-100.0
219600,-99.99999999999565
223200,-99.99999999999129
