time,vpos
216000,-99.99999935985801
219600,-99.999999679929
223200,-100.0
