time,vpos
219600,-92.12409410941444
223200,-92.38601067972306
226800,-92.64792725003167
