time,vpos
223200,-57.78590344642771
226800,-57.95064124583189
230400,-58.11537904523607
