time,vpos
223200,-59.766578899157295
226800,-55.97496363977692
230400,-52.18334838039655
