time,vpos
226800,-8.58775985790045
230400,-4.293879957533922
234000,-5.716739451373898e-08
