time,vpos
226800,-14.002434854436874
230400,-7.001217473429852
234000,-9.242282974098598e-08
