time,vpos
230400,1.2593781401060156e-05
234000,5.299658496424331e-06
237600,-1.9944644082114937e-06
