time,vpos
230400,-0.00019450473584272342
234000,1.4068580939287237e-05
237600,0.0002226418977212979
