time,vpos
234000,-9.40782033179155e-07
237600,-4.5365935417984726e-07
241200,3.346332481946046e-08
