time,vpos
234000,1.225102986861026e-07
237600,1.5680044469446538e-06
241200,3.013498595203205e-06
