time,vpos
237600,-2.1914128315800308e-07
241200,1.8309628422360363e-06
244800,3.881066967630076e-06
