time,vpos
237600,-0.0004959495792705215
241200,-0.00029945832516920797
244800,-0.00010296707106789447
