time,vpos
241200,-0.0001386501410361822
244800,-0.00022330765255809302
248400,-0.0003079651640800038
