time,vpos
241200,-8.451542882204066e-07
244800,-8.026065062560761e-06
248400,-1.5206975836901115e-05
