time,vpos
244800,-0.00019563366876068644
248400,4.521228330542766e-05
252000,0.00028605823537154176
