time,vpos
244800,-7.429798744556376e-08
248400,-8.08893071773363e-08
252000,-8.748062690910885e-08
