time,vpos
248400,0.0002191734623928048
252000,0.00020750877381742286
255600,0.00019584408524204097
