time,vpos
248400,2.631046347803534e-06
252000,-1.1518524993189838e-06
255600,-4.934751346441502e-06
