time,vpos
25200,9.977153607147914
28800,4.988576796262936
32400,-1.462204218111423e-08
