time,vpos
25200,31.088491368805332
28800,15.544241083094793
32400,-9.202615749884062e-06
