time,vpos
252000,-2.3801636613680552e-05
255600,0.00013965145186176442
259200,0.0003031045403372094
