time,vpos
255600,9.159099827169329e-05
259200,9.159099827169329e-05
