time,vpos
255600,-5.6165985869854884e-05
259200,-5.6165985869854884e-05
