time,vpos
28800,-4.557997654303222e-08
32400,-4.925789442064804e-08
36000,-5.293581229826386e-08
