time,vpos
28800,-3.2860562083902867e-07
32400,2.145945956694216e-06
36000,4.62049753422746e-06
