time,vpos
32400,-0.00041308014109863974
36000,-0.00034221371039391677
39600,-0.0002713472796891938
