time,vpos
32400,-4.8639999731918404e-08
36000,-1.6865293780808513e-07
39600,-2.8866587588425186e-07
