time,vpos
50400,0.0002573063773078036
54000,0.00047839336035114055
57600,-0.00011039113018553948
61200,-0.0007333113073109069
64800,-0.0005463600108562573
