time,vpos
7200,0.010387358626928474
10800,0.00690964710055186
14400,-0.012996641587202845
18000,-0.010509699852278334
21600,0.00840581904402427
