time,vpos
72000,0.003982071569311467
75600,0.006350381569343902
79200,0.0064654980780625045
82800,0.0030833864501579773
86400,0.001954468313567284
