time,vpos
108000,11.999481148295455
111600,12.14293576205484
115200,-11.588445147125984
118800,-35.86550011565236
122400,-36.26771956123853
