time,vpos
14400,17.225545579167694
18000,17.34117449597829
21600,17.644589409333673
25200,17.95547073209686
28800,18.078566058315264
