time,vpos
154800,0.018913295047127833
158400,0.013001279083249858
162000,-0.02465957247737978
165600,-0.015687329788663527
169200,0.02503374849680438
