time,vpos
180000,0.0030883151000220786
183600,0.002849421442690508
187200,0.006838434574441338
190800,0.006870279365268575
194400,0.002674217367013411
