time,vpos
190800,2.6601461669216016
194400,2.682707974165614
198000,2.6986444713318383
201600,1.345285707343957
205200,-0.001447746566135208
