time,vpos
226800,-0.7159188542382156
230400,-0.37361167938986306
234000,-0.017176696505856143
237600,-0.012856941695627379
241200,-0.022664994921053058
