time,vpos
230400,0.0037033162101331608
234000,0.012761595566545169
237600,0.01637361075670428
241200,0.005373046502537464
244800,-0.00018125358537644798
