time,vpos
244800,0.0035671645240637727
248400,0.017342452730363233
252000,-0.018643725157011026
255600,-0.018029857232199218
259200,0.032345476786286305
