time,vpos
248400,-2.035028177221898e-07
252000,-3.6141720756574167e-07
255600,-2.3842488114031446e-07
259200,4.24818351286646e-08
