time,vpos
28800,-0.00300866990128215
32400,-0.0018939854236680405
36000,-0.0001816937404262094
39600,-0.019557931269011387
43200,-0.03953177600322428
