time,vpos
0,0.0062023066927337665
3600,0.006319713260670882
7200,0.0022077452439777426
10800,-0.0015692826519362172
14400,-0.0011169359632199239
