time,vpos
3600,0.0013778605831447647
7200,0.0021382851786387502
10800,0.002016166472230637
14400,0.0006968897342652053
18000,0.00026015629820187215
