time,vpos
36000,-0.003833771000730105
39600,0.011114650191796922
43200,0.00756542473450782
46800,-0.01291687903086081
50400,-0.01490153614641331
