time,vpos
39600,0.04635214305045397
43200,0.030368296329742188
46800,0.007419022378726792
50400,-0.009968579231142194
54000,-0.020390753610707576
