time,vpos
43200,-0.0024398152027181336
46800,-0.0008247076502156353
50400,-0.0006625997335906147
54000,-0.005126357811120205
57600,-0.008137116252772317
