time,vpos
46800,0.00411495411630628
50400,0.0098033315074477
54000,0.004579923845535443
57600,-0.011214277306385563
61200,-0.016096693405252892
