time,vpos
50400,0.0006432545528539235
54000,0.0015554121546305444
57600,0.0008393939164549182
61200,-0.0007195327194797211
64800,-0.0006502835154621132
