time,vpos
54000,0.011148765069592202
57600,0.010627227386427173
61200,0.0031921895557767074
64800,-0.0013455349827868062
68400,0.0010302406261351177
