time,vpos
57600,0.0005588569409934122
61200,0.002493900649086944
64800,0.005158342494125556
68400,0.004106710680770398
72000,0.0023256807304701584
