time,vpos
61200,0.0029621620925829152
64800,0.004430128052384497
68400,0.007519167274825965
72000,0.006212180831292706
75600,0.0032841211251195606
