time,vpos
64800,0.0034811929590591747
68400,0.005030785247422583
72000,0.006668562722879836
75600,0.00470019367824349
79200,0.002643639446513299
