time,vpos
68400,0.0041622087462686455
72000,0.006992700429211767
75600,0.007260318474477608
79200,0.0033954732679681568
82800,0.0020935016991359846
