time,vpos
7200,0.009501585986869138
10800,0.00670850221128181
14400,0.00980989504218043
18000,0.0009384530329110572
21600,-0.013827465582844263
