time,vpos
72000,0.0032861654567831224
75600,0.010444858905459797
79200,0.011928633295585063
82800,0.003753002613142377
86400,0.0012522909892511
