time,vpos
75600,-0.0017260706763379166
79200,-0.009580812194124133
82800,-0.01380193935498858
86400,-0.0033492042005582373
90000,0.0034699165969503346
