time,vpos
79200,0.0012090676741133971
82800,0.007512847960936803
86400,0.010499904285057426
90000,0.005066217600800763
93600,0.002949254879246882
