time,vpos
82800,0.001603478540089298
86400,0.00851670915555579
90000,0.010518065444940317
93600,0.0036672301258275286
97200,0.001728269132796707
