time,vpos
86400,-0.03547051225149967
90000,0.019013667150540675
93600,0.013327970774370585
97200,-0.016258105507383564
100800,0.014325693989072723
