time,vpos
90000,0.010564659559222356
93600,0.004938851578824651
97200,-0.00844055667333527
100800,-0.013587477189392407
104400,-0.01098079743368733
