time,vpos
93600,0.0008199032748698468
97200,0.003972966691148222
100800,-0.001651228287907118
104400,-0.0033086220731100326
108000,0.0038112425370207675
