time,vpos
97200,-0.023257022998645564
100800,-0.016860330469531438
104400,-0.0030422986337076165
108000,0.013538300655366575
111600,0.022697560637731068
