time,vpos
100800,-20.838836182384206
104400,-20.979251388810365
108000,-21.371627925989948
111600,-21.932205439806374
115200,-22.240821622869376
