time,vpos
104400,-33.59221519014577
108000,-33.93347766665419
111600,-34.72485808985035
115200,-35.692828706588315
118800,-36.210681376638526
