time,vpos
10800,0.0010255949397597677
14400,0.00024624784260366393
18000,0.0008559045646901512
21600,0.0006787451190011569
25200,-0.0008874181459304285
