time,vpos
108000,-6.8858487171512754
111600,-6.955975672701769
115200,-41.77488830683688
118800,-77.71170936314135
122400,-78.89974474086124
