time,vpos
111600,61.31966245698659
115200,-18.073980051369272
118800,-98.73381127986255
122400,-99.99999999999997
126000,-100.0
