time,vpos
115200,-82.35010184261138
118800,-83.553416848727
122400,-85.90535414298256
126000,-87.90576502445067
129600,-88.75755361777887
