time,vpos
118800,-70.86852183183501
122400,-71.83023453753061
126000,-73.50277259137658
129600,-65.80589495270468
133200,-57.398191965882404
