time,vpos
122400,-61.00003313446108
126000,-61.592843649141095
129600,-62.49327153217688
133200,-63.057070723846294
136800,-63.31325254715996
