time,vpos
126000,-48.48668312419777
129600,-48.71913352582039
133200,-49.174321244164986
136800,-43.6369113628336
140400,-37.876764164780234
