time,vpos
129600,-30.37078870609582
133200,-30.510768448855387
136800,-30.790579598856183
140400,-28.746128836822056
144000,-26.5618466675467
