time,vpos
133200,-22.283386963557533
136800,-22.382778437280287
140400,-22.546805156960943
144000,-11.305727102523537
147600,-1.3802128232020313e-05
