time,vpos
136800,0.007937480616716308
140400,0.01660531039451535
144000,0.02055367799330475
147600,0.011892584859471414
151200,0.007950953904647711
