time,vpos
140400,0.0010594987154190043
144000,-0.00019629148935380912
147600,-0.0011544873551371155
151200,-0.0007968612923671685
154800,-0.0007368295685867285
