time,vpos
14400,15.340683557748507
18000,15.451168272287358
21600,15.720774202582517
25200,15.991832231086384
28800,16.103769043833935
