time,vpos
144000,-0.0017113598816669343
147600,-0.0053311342052093005
151200,-0.00038664665657997684
154800,0.008441816733901323
158400,0.008706018252210932
