time,vpos
147600,-0.013921731243331063
151200,0.004049134755345382
154800,0.008038241114682942
158400,0.0003237320357148913
162000,0.006590982596085728
