time,vpos
151200,0.01242323233772314
154800,0.002420346527908998
158400,0.006736809111654047
162000,0.002575522096765403
165600,-0.015905113311682432
