time,vpos
154800,0.03226430043758594
158400,0.015401753266694582
162000,-0.03646010413196392
165600,-0.016067441604300178
169200,0.039324531151130694
