time,vpos
158400,0.011991277029621019
162000,0.0015248789014059478
165600,-0.014718863485999512
169200,-0.001357369080522765
172800,0.01778146958414437
