time,vpos
162000,0.0004277376663011287
165600,-0.0019666958771789225
169200,-0.0007698987718752728
172800,0.0035901857150532433
176400,0.004359039553198057
