time,vpos
165600,0.01100099088503989
169200,0.0036935602648453586
172800,-0.030066972700925086
176400,-0.025744830590302758
180000,0.0050304138658954795
