time,vpos
169200,-0.012933649487287745
172800,0.00023567732232893405
176400,0.00391690410485604
180000,-0.01748099758519041
183600,-0.029390799248147293
