time,vpos
172800,0.009930221416345033
176400,0.008996232428837986
180000,-0.015390074732153886
183600,-0.02569662039157679
187200,-0.012550847877514874
