time,vpos
176400,-0.000771413364988292
180000,0.009062831973035581
183600,0.014194070070761304
187200,0.004529364783461642
190800,-0.00043233326353986964
