time,vpos
18000,18.434369545226392
21600,18.627168670691987
25200,18.93884995505324
28800,9.523191205684164
32400,-0.011349702580570149
