time,vpos
180000,0.0019365684945859879
183600,0.0061142981511054136
187200,0.00952211321447206
190800,0.006131649360339076
194400,0.003511100099358867
