time,vpos
183600,0.0029743569289961353
187200,0.01069530865446186
190800,0.012962417862322401
194400,0.0049198049712948465
198000,0.0023310345978724747
