time,vpos
187200,-0.0021549340961261767
190800,-0.00354499864298743
194400,-0.002093658089047223
198000,0.001852434248956713
201600,0.002957121486159189
