time,vpos
190800,-5.1409681750238185
194400,-5.134024365483268
198000,-5.198152902426423
201600,-14.486333869030549
205200,-23.703442489150966
