time,vpos
194400,-3.4715965380495097
198000,-3.4955988160037794
201600,-51.75980054697903
205200,-100.0
208800,-100.0
