time,vpos
198000,-6.567502094592712
201600,-53.28375104729145
205200,-99.99999999995855
208800,-99.99999999993409
212400,-99.99999999994128
