time,vpos
201600,-99.99999999998026
205200,-99.99999999998978
208800,-99.99999999998803
212400,-99.99999999998812
216000,-99.99999999999949
