time,vpos
205200,-99.99999999997172
208800,-99.99999999996794
212400,-99.99999999998208
216000,-99.99999999992136
219600,-99.99999999984271
