time,vpos
208800,-99.99999999999964
212400,-99.99999999999696
216000,-99.99999999998866
219600,-79.21556223419532
223200,-58.43112446840758
