time,vpos
212400,-99.9999999999999
216000,-99.99999999999983
219600,-73.48040140664921
223200,-32.00527347290852
226800,-17.049744132518352
