time,vpos
21600,17.240396324018175
25200,17.352784129266418
28800,8.734735699080929
32400,-0.00026956467886308805
36000,-0.004838593004924384
