time,vpos
216000,-99.99999999999777
219600,-70.81701365817683
223200,-26.48652660751294
226800,-11.389369404576351
230400,-11.43971291048271
