time,vpos
219600,-28.675738893570234
223200,-19.5834690933247
226800,-10.537889781915261
230400,-5.292534916970518
234000,-0.0004895631896859449
