time,vpos
223200,-5.18649565807867
226800,-5.259439820735916
230400,-2.6773930400590413
234000,0.021069962046228324
237600,0.06454202081737544
