time,vpos
226800,-0.04290534002792262
230400,-0.023447357242171035
234000,0.016042617516464904
237600,0.03358740096999591
241200,0.03110019245064256
