time,vpos
230400,-0.033811872926073176
234000,0.01775062842936468
237600,0.03855515009649266
241200,-0.002855349480034383
244800,-0.013507869368251546
