time,vpos
234000,0.01251840272054358
237600,0.03150559513051186
241200,0.03264632072175984
244800,0.0035903141735108782
248400,-0.007619225556017772
