time,vpos
237600,-0.015195278574159105
241200,0.011056351747769973
244800,0.025455253995653813
248400,0.005129574005921251
252000,-0.0033433779097660765
