time,vpos
241200,0.009367146600146835
244800,0.0022694342033179227
248400,0.0026941377251679843
252000,0.00014947278903618046
255600,-0.009917608065774597
