time,vpos
244800,0.0008359215929841816
248400,0.008085889447930959
252000,0.005451517918945558
255600,-0.005791659743468146
259200,-0.007150498021949673
