time,vpos
248400,-0.002044130911203648
252000,-0.00010907169951786472
255600,-0.00019699722659217924
259200,-0.002219981965352277
