time,vpos
25200,18.128800967833676
28800,9.059472576151254
32400,-0.0029831078008667796
36000,-0.005396647997112745
39600,-0.014682895923660854
