time,vpos
28800,-0.007680221532886585
32400,-0.005291646418729434
36000,-0.006334767178552315
39600,-0.0008033133337131818
43200,0.008159836385105985
