time,vpos
32400,-0.020521234350295587
36000,-0.009281283851081769
39600,0.01900486796140978
43200,0.018893004179751965
46800,0.0017349390848164163
