time,vpos
3600,-2.6726820801660338e-06
7200,-4.511026633446336e-05
10800,-8.754785058876069e-05
