time,vpos
3600,1.7987452100715062e-07
7200,6.522667969979801e-08
10800,-4.942116160755461e-08
