time,vpos
36000,0.008783225818030822
39600,0.003627086225112616
43200,-0.00152905336780559
