time,vpos
36000,2.8469774788197177e-05
39600,9.932672163558715e-06
43200,-8.604430461079746e-06
