time,vpos
39600,-0.00011063392069660309
43200,-4.350548154565329e-05
46800,2.3622957605296507e-05
