time,vpos
39600,0.00022564336244201844
43200,-0.013347088439178215
46800,-0.026919820240798448
