time,vpos
43200,-6.455981777821196e-08
46800,-7.1066221082796e-08
50400,-7.757262438738005e-08
