time,vpos
43200,-6.794941471166517
46800,-6.854016020504718
50400,-6.913090569842918
