time,vpos
46800,-2.3908157035464658e-05
50400,-1.5065694981163173e-05
54000,-6.2232329268616885e-06
