time,vpos
46800,-1.34971611578244e-08
50400,3.010049385307814e-08
54000,7.369814886398068e-08
