time,vpos
50400,1.4763796094626087e-05
54000,7.5103891862223805e-06
57600,2.5698227781867367e-07
