time,vpos
50400,0.00038783800947868514
54000,0.00042198119234643976
57600,0.0004561243752141944
