time,vpos
54000,-0.0011989334689784577
57600,-0.0008651469841997267
61200,-0.0005313604994209957
