time,vpos
54000,0.0012156384758475742
57600,0.0006931695493315668
61200,0.0001707006228155594
