time,vpos
57600,4.106282045168258e-07
61200,-1.4905886599695963e-07
64800,-7.087459365107451e-07
