time,vpos
57600,-1.4803992115508535e-06
61200,1.512277930312833e-06
64800,4.50495507217652e-06
