time,vpos
61200,-6.100798062570712e-06
64800,2.936545593102964e-06
68400,1.197388924877664e-05
