time,vpos
61200,-5.040846576959135e-08
64800,3.0780010484301144e-07
68400,6.660086754556142e-07
