time,vpos
64800,-0.00023411232285705194
68400,2.325441979123875e-05
72000,0.00028062116243952943
