time,vpos
64800,5.4363642284886715e-05
68400,0.00033489618470067413
72000,0.0006154287271164616
