time,vpos
68400,-6.706975495818224e-07
72000,-9.133528708739694e-08
75600,4.880269754070285e-07
