time,vpos
68400,0.004351069545884554
72000,0.007670693108173672
75600,0.010990316670462793
