time,vpos
7200,5.030426755862281e-05
10800,3.921369881665283e-05
14400,2.812313007468285e-05
