time,vpos
7200,0.0016328937586769857
10800,0.004986183100378662
14400,0.008339472442080338
