time,vpos
72000,1.5574014300412387e-08
75600,2.513675670390292e-07
79200,4.87161119777646e-07
