time,vpos
72000,6.928673045174198e-05
75600,2.273385037258702e-05
79200,-2.381902970656793e-05
