time,vpos
75600,-0.0005138424032719695
79200,-0.0002017377758854482
82800,0.00011036685150107297
