time,vpos
75600,-1.6270631248566092e-07
79200,-4.670154716071573e-07
82800,-7.713246307286536e-07
