time,vpos
79200,0.00025716360711858206
82800,-0.00013790261522051691
86400,-0.0005329688375596158
