time,vpos
79200,0.0008509118585992828
82800,-0.00041292685159801084
86400,-0.0016767655617953045
