time,vpos
82800,0.00015788907405625647
86400,-0.0005051215471379562
90000,-0.0011681321683321688
