time,vpos
82800,-1.8693213721734936e-07
86400,-4.836207856493552e-07
90000,-7.80309434081361e-07
