time,vpos
86400,-0.01883113899490991
90000,-0.009877950853145176
93600,-0.000924762711380445
