time,vpos
86400,3.835586002739463e-05
90000,-0.0002272218233660265
93600,-0.0004927995067594477
