time,vpos
90000,0.0015046966210562627
93600,0.002837235431592846
97200,0.0041697742421294304
