time,vpos
90000,7.292002052869929e-05
93600,-0.0002851902520791119
97200,-0.0006433005246869231
