time,vpos
93600,-1.52575500757951e-07
97200,-1.445659510938141e-07
100800,-1.3655640142967718e-07
