time,vpos
93600,-5.404548201133662e-05
97200,2.0522667240561564e-05
100800,9.509081649245976e-05
