time,vpos
97200,-0.0002399461848622743
100800,-0.00037466180416508764
104400,-0.000509377423467901
