time,vpos
97200,0.0054774322059201845
100800,0.0011410678832694267
104400,-0.003195296439381331
