time,vpos
100800,-0.0004450441416512739
104400,-0.00026256162772367726
108000,-8.00791137960806e-05
