time,vpos
100800,-0.0009797407278641884
104400,0.02661288435704098
108000,0.054205509441946145
