time,vpos
104400,0.00034854303740662845
108000,3.326854206577273e-06
111600,-0.0003418893289934739
