time,vpos
104400,2.985657740105944e-05
108000,-8.628114478310064e-05
111600,-0.00020241886696726073
