time,vpos
10800,-4.542077280424422e-08
14400,-4.3556086550192836e-08
18000,-4.1691400296141453e-08
