time,vpos
10800,0.006495031794220667
14400,0.014266410804495333
18000,0.02203778981477
