time,vpos
108000,37.842709599589924
111600,38.107819370306856
115200,38.37292914102379
