time,vpos
108000,24.24881536752544
111600,24.43907357574923
115200,24.629331783973015
