time,vpos
111600,25.89653079964175
115200,12.948265811872355
118800,8.24102964168405e-07
