time,vpos
111600,39.67769420625882
115200,19.838784050014105
118800,-0.00012610623060833228
