time,vpos
115200,-49.72093158655046
118800,-50.309466314663645
122400,-50.89800104277683
