time,vpos
115200,-36.52005700851654
118800,-36.92942434742712
122400,-37.3387916863377
