time,vpos
118800,-79.03548003925349
122400,-79.96627996771952
126000,-80.89707989618556
