time,vpos
118800,-73.91501233775878
122400,-74.72466774948458
126000,-75.53432316121037
