time,vpos
122400,-57.60446732056278
126000,-57.998521549816395
129600,-58.39257577907001
