time,vpos
122400,-69.45078930580593
126000,-67.07717870955324
129600,-64.70356811330053
