time,vpos
126000,-49.29859963366129
129600,-48.525356060277566
133200,-47.75211248689386
