time,vpos
126000,-43.43618134093729
129600,-43.5860575009596
133200,-43.73593366098191
