time,vpos
129600,-44.39027071699094
133200,-44.5376997373117
136800,-44.685128757632455
