time,vpos
129600,-33.64434205004934
133200,-33.74046437993935
136800,-33.836586709829355
