time,vpos
133200,-39.695225611316225
136800,-39.82670039036583
140400,-39.95817516941544
