time,vpos
133200,-26.547622109184054
136800,-26.623226294681345
140400,-26.698830480178632
