time,vpos
136800,-17.541856381486813
140400,-17.591839325778793
144000,-17.64182227007077
