time,vpos
136800,-22.86407285997335
140400,-21.061810088793848
144000,-19.259547317614345
