time,vpos
140400,-7.884632944761067
144000,-3.9423165011779213
147600,-5.759477586693429e-08
