time,vpos
140400,0.011610984253327197
144000,0.004013921455311574
147600,-0.003583141342704049
