time,vpos
14400,-0.00017580173323749346
18000,0.00018219620215900904
21600,0.0005401941375555116
