time,vpos
14400,-1.0090786886656466e-07
18000,-1.086977839465225e-07
21600,-1.1648769902648035e-07
