time,vpos
144000,5.3154571246029435e-05
147600,0.00013310376862037132
151200,0.00021305296599471324
