time,vpos
144000,5.583741916753704e-06
147600,3.1095401944319923e-06
151200,6.353384721102806e-07
