time,vpos
147600,-2.1332024532236274e-05
151200,1.2090878371604795e-06
154800,2.3750200206557233e-05
