time,vpos
147600,1.0906296045096187e-06
151200,1.1600863485605132e-06
154800,1.2295430926114077e-06
