time,vpos
151200,4.5833745236645296e-07
154800,1.3851026497632701e-07
158400,-1.8131692241379893e-07
