time,vpos
151200,0.0002221012493185778
154800,0.00017045578661618833
158400,0.00011881032391379886
