time,vpos
154800,-0.0005797607934196215
158400,-0.001978210856586395
162000,-0.0033766609197531682
