time,vpos
154800,-9.153120941396423e-05
158400,-6.827628514828219e-05
162000,-4.502136088260017e-05
