time,vpos
158400,0.0001924990003369272
162000,0.00021822896619627986
165600,0.0002439589320556325
