time,vpos
158400,-0.001652938801123419
162000,-0.0015052682817643347
165600,-0.0013575977624052504
