time,vpos
162000,-0.0012291305072421963
165600,-0.0011021710523252595
169200,-0.0009752115974083226
