time,vpos
162000,0.0006696761255017338
165600,0.00038268310192514685
169200,9.56900783485599e-05
