time,vpos
165600,-0.003718471836459134
169200,-0.004107768991344759
172800,-0.004497066146230385
