time,vpos
165600,2.5487750547891234e-05
169200,7.862017654342303e-05
172800,0.00013175260253895483
