time,vpos
169200,5.940884030326501e-06
172800,5.065593455661269e-06
176400,4.190302880996038e-06
