time,vpos
169200,3.313310607052245e-08
172800,-2.411481800480657e-07
176400,-5.154294661666539e-07
