time,vpos
172800,3.873692202421841e-06
176400,1.796106243248663e-06
180000,-2.8147971592451526e-07
