time,vpos
172800,-0.00087631631190605
176400,-0.0006732926773135819
180000,-0.00047026904272111375
