time,vpos
176400,1.9918110549799195e-06
180000,4.249903428309165e-07
183600,-1.1418303693180865e-06
