time,vpos
176400,0.0003066551040859251
180000,-0.0004149300982035773
183600,-0.00113651530049308
