time,vpos
18000,3.333926044078988e-06
21600,-1.3133435840808293e-06
25200,-5.9606132122406465e-06
