time,vpos
18000,-0.005126089923594701
21600,-0.010134520068137004
25200,-0.015142950212679307
