time,vpos
180000,5.088956277035022e-05
183600,1.5672182491100097e-05
187200,-1.9545197788150024e-05
