time,vpos
180000,0.004702157300834569
183600,0.0011234445424398451
187200,-0.00245526821595488
