time,vpos
183600,0.00023275224291697947
187200,-4.328205865166505e-05
190800,-0.00031931636022030957
