time,vpos
183600,0.001282631508222297
187200,0.0023782571710916425
190800,0.003473882833960988
