time,vpos
187200,0.00024138320743806758
190800,-4.671067340884203e-06
194400,-0.00025072534211983597
