time,vpos
187200,4.2449014546475095e-07
190800,6.631212963285893e-07
194400,9.017524471924276e-07
