time,vpos
190800,3.931273229087345e-06
194400,1.96166077622191e-06
198000,-7.95167664352503e-09
