time,vpos
190800,-0.0005027968195268537
194400,-0.0003612647471272127
198000,-0.00021973267472757166
