time,vpos
194400,39.02061258362457
198000,39.131777560850445
201600,39.24294253807632
