time,vpos
194400,25.375324507136476
198000,25.448011252713886
201600,25.520697998291304
