time,vpos
198000,27.54454879934568
201600,13.772274504063347
205200,2.087810161119316e-07
