time,vpos
198000,29.905978290007724
201600,14.952988782556082
205200,-7.248955612854102e-07
