time,vpos
201600,-50.327132038049086
205200,-51.029028971435594
208800,-51.7309259048221
