time,vpos
201600,-39.61727111462614
205200,-40.11604860359767
208800,-40.6148260925692
