time,vpos
205200,-99.99999999992555
208800,-99.99999999996277
212400,-100.0
