time,vpos
205200,-99.99999999999942
208800,-99.99999999999972
212400,-99.99999999999999
