time,vpos
208800,-99.99999999979168
212400,-99.99999999960043
216000,-99.9999999994092
