time,vpos
208800,-99.99999999999928
212400,-99.9999999999996
216000,-99.99999999999993
