time,vpos
212400,-99.99999999985589
216000,-99.99999999985806
219600,-99.99999999986024
