time,vpos
21600,9.917517623828973
25200,10.014737001664162
28800,10.11195637949935
