time,vpos
21600,24.708969592753256
25200,24.887252569078008
28800,25.06553554540276
