time,vpos
216000,-99.99999999934379
219600,-99.28351637535616
223200,-98.56703275136852
