time,vpos
216000,-99.9999999999945
219600,-91.0860564085584
223200,-82.17211281712231
