time,vpos
219600,-66.12930345740124
223200,-66.31803756313866
226800,-66.50677166887607
