time,vpos
219600,-84.101892245056
223200,-84.35359410422542
226800,-84.60529596339485
