time,vpos
223200,-34.624897183733445
226800,-34.72385042288218
230400,-34.822803662030914
