time,vpos
223200,-52.229807703825834
226800,-52.40423191593284
230400,-52.578656128039846
