time,vpos
226800,-2.928895190867829
230400,-1.464447732105078
234000,-2.7334232707149075e-07
