time,vpos
226800,-15.167246150035348
230400,-7.58362303590479
234000,7.822577092521022e-08
