time,vpos
230400,-0.0002880014240180459
234000,-0.0002689927484417231
237600,-0.0002499840728654003
