time,vpos
230400,-0.0006900671264968529
234000,-0.0007713274175477907
237600,-0.0008525877085987284
