time,vpos
234000,-1.3370542797930263e-06
237600,-2.3135567959672865e-06
241200,-3.2900593121415467e-06
