time,vpos
234000,-2.0645633212484254e-05
237600,-1.400282105227057e-06
241200,1.784506900203014e-05
