time,vpos
237600,-5.674596332330277e-05
241200,4.232693789622035e-06
244800,6.521135090254684e-05
