time,vpos
237600,1.433960574522171e-07
241200,-2.431258108411601e-07
244800,-6.296476791345373e-07
