time,vpos
241200,0.003199137293206228
244800,0.0010110841739617918
248400,-0.0011769689452826443
