time,vpos
241200,-0.00069195898872693
244800,5.288565359578889e-05
248400,0.0007977302959185078
