time,vpos
244800,3.541926277906957e-06
248400,3.2139075053362944e-06
252000,2.885888732765632e-06
