time,vpos
244800,-0.0003968420114602015
248400,5.009748510504513e-05
252000,0.0004970369816702918
