time,vpos
248400,-1.4314992595475023e-05
252000,4.845291362683002e-07
255600,1.5284050868011624e-05
