time,vpos
248400,-0.002491983545271914
252000,0.014149515881785183
255600,0.03079101530884228
