time,vpos
25200,40.34795447442742
28800,20.17397130542897
32400,-1.1863569474024338e-05
