time,vpos
25200,32.46487797843319
28800,16.23243917359187
32400,3.6875055715088624e-07
