time,vpos
252000,-0.0002987978449391018
255600,-0.00023760283975699762
259200,-0.0001764078345748934
