time,vpos
252000,-1.2408550935025242e-06
255600,-1.0234984311897205e-06
259200,-8.061417688769168e-07
