time,vpos
255600,-2.9856903198724992e-05
259200,-2.9856903198724992e-05
