time,vpos
255600,1.7150447475383634e-06
259200,1.7150447475383634e-06
