time,vpos
28800,0.00034385337067319155
32400,0.00016208803552639905
36000,-1.9677299620393445e-05
