time,vpos
28800,7.467779818231786e-05
32400,2.7260767724824285e-05
36000,-2.0156262732669294e-05
