time,vpos
32400,-0.001230562353210225
36000,-0.0022439919564939187
39600,-0.0032574215597776126
