time,vpos
32400,-6.000956304678193e-05
36000,0.00011759026947671277
39600,0.00029519010200020746
