time,vpos
3600,4.4534742473650857e-07
7200,-1.3845830345964039e-07
10800,-7.222640316557893e-07
