time,vpos
3600,-3.6377755917533797e-06
7200,-1.4867362815208673e-05
10800,-2.6096950038663965e-05
