time,vpos
36000,0.01766944357075033
39600,0.015358494827105327
43200,0.013047546083460324
