time,vpos
36000,-0.0009417621367800944
39600,-0.0003780037206989098
43200,0.00018575469538227476
