time,vpos
39600,0.006829790803252963
43200,0.007493904791946358
46800,0.008158018780639754
