time,vpos
39600,0.0010081169860100304
43200,0.0007179868708236202
46800,0.00042785675563721003
