time,vpos
43200,-0.015571325079062354
46800,-0.009655999384828369
50400,-0.0037406736905943845
