time,vpos
43200,3.9347012014447476e-05
46800,-2.6724405971662927e-05
50400,-9.279582395777333e-05
