time,vpos
46800,0.0003759377220802787
50400,0.0002244764658864494
54000,7.30152096926201e-05
