time,vpos
46800,5.558431851728982e-07
50400,-5.6798437920177816e-08
54000,-6.694400610132538e-07
