time,vpos
50400,-0.0015315195191048612
54000,0.002461582940888209
57600,0.0064546854008812795
