time,vpos
50400,1.2709933217301466e-05
54000,1.100686291680196e-05
57600,9.303792616302455e-06
