time,vpos
54000,4.569031012492572e-05
57600,0.00024866169033737685
61200,0.00045163307054982803
