time,vpos
54000,-1.3170238935458073e-06
57600,-6.636640893743426e-07
61200,-1.030428520287785e-08
