time,vpos
57600,4.956061223915231e-06
61200,4.240800768710862e-06
64800,3.5255403135064922e-06
