time,vpos
57600,8.43622623363662e-06
61200,2.8599368434249423e-05
64800,4.8762510634862226e-05
