time,vpos
61200,4.666245421820308e-06
64800,3.5636054258535976e-06
68400,2.460965429886887e-06
