time,vpos
61200,-0.0020442797634328234
64800,-0.001389505956828649
68400,-0.0007347321502244744
