time,vpos
64800,0.00016827253529405248
68400,-9.349735428936488e-05
72000,-0.00035526724387278225
