time,vpos
64800,9.169535152009356e-07
68400,-5.779928349738256e-07
72000,-2.0729391851485868e-06
