time,vpos
68400,2.5656992520134425e-07
72000,1.3628447554508982e-07
75600,1.5999025888835394e-08
