time,vpos
68400,0.00014718637498502643
72000,-0.00036445115443216834
75600,-0.0008760886838493631
