time,vpos
7200,-6.323515035412736e-05
10800,2.1437001538984138e-05
14400,0.00010610915343209564
