time,vpos
7200,0.011866072877592983
10800,0.024682318159494912
14400,0.03749856344139684
