time,vpos
72000,6.273887087270738e-07
75600,3.1401584767632984e-07
79200,6.429866255858348e-10
