time,vpos
72000,0.0013067602805203827
75600,0.004663331936607984
79200,0.008019903592695584
