time,vpos
75600,-0.0001929673863138102
79200,1.8072757638540073e-05
82800,0.00022911290159089034
