time,vpos
75600,3.2319304810526917e-07
79200,1.123210907854992e-07
82800,-9.855086653427075e-08
