time,vpos
79200,0.00022225983775314318
82800,0.00023638387988795083
86400,0.00025050792202275845
