time,vpos
79200,0.00417270458385261
82800,0.002867599450520863
86400,0.0015624943171891172
