time,vpos
82800,0.0002313554670068061
86400,-0.00036248080383947614
90000,-0.0009563170746857584
