time,vpos
82800,4.191899713630598e-07
86400,9.073535987228626e-08
90000,-2.3771925161848728e-07
