time,vpos
86400,1.0344100443871883e-05
90000,-0.00022648179797853766
93600,-0.0004633076964009472
