time,vpos
86400,0.00022038990432029408
90000,0.000183597244603575
93600,0.0001468045848868559
