time,vpos
90000,-0.0001018632581933439
93600,0.00010112187605054356
97200,0.000304107010294431
