time,vpos
90000,-1.2246507544166896e-06
93600,-1.021303567844828e-06
97200,-8.179563812729662e-07
