time,vpos
93600,-4.841408345057641e-06
97200,-3.2545782165625814e-06
100800,-1.6677480880675222e-06
