time,vpos
93600,0.00013857318627131542
97200,-0.00024381859183406957
100800,-0.0006262103699394546
