time,vpos
97200,-7.285179190171052e-05
100800,-7.313744087908804e-05
104400,-7.342308985646556e-05
