time,vpos
97200,4.139249940091236e-05
100800,-0.00010517943267983919
104400,-0.00025175136476059075
