time,vpos
100800,1.5091084822754786e-07
104400,3.2783802666937895e-07
108000,5.0476520511121e-07
