time,vpos
100800,1.0985244843260755e-05
104400,1.718616634792533e-05
108000,2.3387087852589906e-05
