time,vpos
104400,0.0027247665660387072
108000,0.0020356761305838013
111600,0.001346585695128895
