time,vpos
104400,-6.672466052061793e-05
108000,1.8436977787802e-05
111600,0.00010359861609622194
