time,vpos
10800,0.00011760271017587326
14400,-9.093447379428907e-05
18000,-0.0002994716577644514
