time,vpos
10800,4.092776320976932e-07
14400,6.503802420666088e-08
18000,-2.792015836843714e-07
