time,vpos
108000,32.14189509220289
111600,32.40083458069144
115200,32.65977406917999
