time,vpos
108000,8.486519272843804
111600,8.5839447257634
115200,8.681370178683
