time,vpos
111600,35.0475830278552
115200,17.52381240164765
118800,4.177544010888167e-05
