time,vpos
111600,21.217609199260096
115200,10.608805374214768
118800,1.5491694392577582e-06
