time,vpos
115200,-41.10783361511568
118800,-41.676026078344144
122400,-42.244218541572614
