time,vpos
115200,-26.401295178940074
118800,-26.68180572276465
122400,-26.96231626658923
