time,vpos
118800,-61.743600060791216
122400,-62.354523640795925
126000,-62.96544722080063
