time,vpos
118800,-67.86040406431908
122400,-68.72309021583358
126000,-69.58577636734807
