time,vpos
122400,-57.838214587976346
126000,-58.332687130966576
129600,-58.8271596739568
