time,vpos
122400,-77.58084657303127
126000,-58.17321669526175
129600,-38.76558681749224
