time,vpos
126000,-41.74428251347135
129600,-41.91584751495446
133200,-42.08741251643757
