time,vpos
126000,-38.49723886835294
129600,-38.62783156508252
133200,-38.758424261812124
