time,vpos
129600,-35.94337962037965
133200,-36.06600633457479
136800,-36.188633048769915
