time,vpos
129600,-35.92176547354909
133200,-36.060461287500026
136800,-36.199157101450965
