time,vpos
133200,-29.269369281275853
136800,-27.795820301041985
140400,-26.322271320808117
