time,vpos
133200,-27.723634938696673
136800,-27.817926452995355
140400,-27.91221796729404
