time,vpos
136800,-16.17692951205566
140400,-16.223189062300996
144000,-16.269448612546327
