time,vpos
136800,-12.61488863786529
140400,-12.650850041686729
144000,-12.686811445508168
