time,vpos
140400,-5.7319650080272
144000,-2.865982536414825
147600,-6.480244981029934e-08
