time,vpos
140400,0.0060633444802982465
144000,0.0019215084967927766
147600,-0.0022203274867126934
