time,vpos
14400,-0.0004117783553281816
18000,-9.902482838593761e-05
21600,0.00021372869855630638
