time,vpos
14400,-0.0025557499481786497
18000,-0.0038548346207560786
21600,-0.0051539192933335075
