time,vpos
144000,6.0644572435592e-08
147600,1.3225473912083075e-05
151200,2.639030325173056e-05
