time,vpos
144000,-0.000349443115007232
147600,-0.00026970385363701073
151200,-0.00018996459226678947
