time,vpos
147600,-3.505865330240488e-05
151200,2.5353312047015248e-06
154800,4.012931571180793e-05
