time,vpos
147600,-1.3201470526469361e-05
151200,-6.671847486983129e-06
154800,-1.42224447496897e-07
