time,vpos
151200,-0.00019112207913302625
154800,3.723046745234939e-05
158400,0.00026558301403772504
