time,vpos
151200,0.01494842353053959
154800,0.017274705055870525
158400,0.019600986581201456
