time,vpos
154800,0.0001983007435013635
158400,-7.456080686568607e-05
162000,-0.00034742235723273564
