time,vpos
154800,-5.418644101473635e-06
158400,-2.6812172327413814e-06
162000,5.6209635990872586e-08
