time,vpos
158400,9.715448710666968e-06
162000,-2.0337518160321716e-06
165600,-1.3782952342731311e-05
