time,vpos
158400,3.7213709364047887e-06
162000,2.279733976351698e-06
165600,8.380970162986077e-07
