time,vpos
162000,0.00011615935668725648
165600,0.0004478608195356139
169200,0.0007795622823839714
