time,vpos
162000,-1.3657450586429531e-05
165600,-6.406599674900482e-06
169200,8.442512366285682e-07
