time,vpos
165600,0.00016807274645828463
169200,6.683508607775799e-06
172800,-0.00015470572924273303
