time,vpos
165600,-9.496702021347364e-05
169200,1.906348679777351e-05
172800,0.00013309399380902065
