time,vpos
169200,0.006721052628103487
172800,0.00714680496168473
176400,0.007572557295265972
