time,vpos
169200,-1.6680811211190706e-05
172800,-0.0005086224720938261
176400,-0.0010005641329764615
