time,vpos
172800,3.2626218000837226e-06
176400,-2.6146726263040596e-05
180000,-5.5556074326164914e-05
