time,vpos
172800,-4.843530844954834e-08
176400,-7.599211094373379e-08
180000,-1.0354891343791923e-07
