time,vpos
176400,0.0002517095953002044
180000,-0.00040195942060579847
183600,-0.0010556284365118014
