time,vpos
176400,0.00026281614847753834
180000,0.002483995712391704
183600,0.0047051752763058695
