time,vpos
18000,-9.90762739139239e-05
21600,-8.268373539990988e-05
25200,-6.629119688589586e-05
