time,vpos
18000,1.9967382903357533e-07
21600,1.7927170761333072e-08
25200,-1.638194875109092e-07
