time,vpos
180000,0.0002258088753976063
183600,-0.00046130125629448114
187200,-0.0011484113879865684
