time,vpos
180000,-3.128918321269533e-08
183600,-3.0612996079065757e-09
187200,2.516658399688218e-08
