time,vpos
183600,-0.009572404472574236
187200,-0.0060218440744600225
190800,-0.0024712836763458087
