time,vpos
183600,0.00013750645198622408
187200,1.7877804182047355e-05
190800,-0.00010175084362212938
