time,vpos
187200,-3.85866251527209e-06
190800,-3.059265330499761e-06
194400,-2.259868145727432e-06
