time,vpos
187200,8.754715042323669e-07
190800,8.59354188259857e-07
194400,8.432368722873472e-07
