time,vpos
190800,0.00021732988788179564
194400,-0.000582599291504769
198000,-0.0013825284708913336
