time,vpos
190800,-0.0008580603827077805
194400,-0.0006668298842235529
198000,-0.0004755993857393252
