time,vpos
194400,0.01730936757122232
198000,-0.009468689514273302
201600,-0.036246746599768925
