time,vpos
194400,20.348861639815176
198000,20.406930353580186
201600,20.464999067345204
