time,vpos
198000,-20.905775403153292
201600,-21.178235534703806
205200,-21.450695666254312
