time,vpos
198000,24.351512740450353
201600,12.175756378682498
205200,1.6914643837947154e-08
