time,vpos
201600,-75.62755314288943
205200,-77.05262099445032
208800,-78.4776888460112
