time,vpos
201600,-52.46295933661668
205200,-53.18446437560995
208800,-53.90596941460322
