time,vpos
205200,-100.0
208800,-99.9999999999672
212400,-99.9999999999344
