time,vpos
208800,-99.99999999999959
212400,-99.99999999999959
216000,-99.99999999999959
