time,vpos
208800,-99.99999999999902
212400,-99.99999999999798
216000,-99.99999999999693
