time,vpos
212400,-99.99999999999818
216000,-99.99999999999751
219600,-99.99999999999685
