time,vpos
212400,-99.99999999991293
216000,-99.99999999986075
219600,-99.99999999980857
