time,vpos
21600,14.153603475345436
25200,14.286716389210808
28800,14.419829303076181
