time,vpos
21600,49.45814134041584
25200,49.746515628180745
28800,50.034889915945634
