time,vpos
216000,-100.0
219600,-86.1090449764498
223200,-72.2180899528996
