time,vpos
216000,-99.99999999717863
219600,-95.59175063080498
223200,-91.18350126443133
