time,vpos
219600,-71.77911711214225
223200,-71.98424596235033
226800,-72.18937481255843
