time,vpos
219600,-53.00847860507194
223200,-53.15982211986824
226800,-53.31116563466453
