time,vpos
223200,-36.13589271361124
226800,-36.24970618658902
230400,-36.36351965956681
