time,vpos
223200,-40.715694681867184
226800,-40.832348432268184
230400,-40.94900218266918
