time,vpos
226800,-5.649540460904257
230400,-2.8247702616183146
234000,-6.233237206062136e-08
