time,vpos
226800,-6.673941211250066
230400,-3.336970311016655
234000,5.892167556816041e-07
