time,vpos
230400,-1.8620898479514158e-05
234000,-7.791210020424758e-06
237600,3.0384784386646428e-06
