time,vpos
230400,5.7354717210090505e-05
234000,2.255230105366706e-05
237600,-1.2250115102756387e-05
