time,vpos
234000,1.2566784654555185e-06
237600,-6.564820629814672e-06
241200,-1.4386319725084862e-05
