time,vpos
234000,5.303050467365279e-07
237600,-1.3907084754291582e-06
241200,-3.311721997594844e-06
