time,vpos
237600,3.302625689927986e-05
241200,1.038598237652422e-05
244800,-1.2254292146231423e-05
