time,vpos
237600,-4.1755716105248974e-06
241200,-7.718825390419515e-05
244800,-0.0001502009361978654
