time,vpos
241200,0.008124679202137112
244800,0.0059183071468668965
248400,0.003711935091596681
