time,vpos
241200,-6.597482282486379e-08
244800,-1.3295948921145536e-06
248400,-2.5932149614042435e-06
