time,vpos
244800,2.5120267340209e-06
248400,9.579545140643575e-07
252000,-5.961177058921852e-07
