time,vpos
244800,-1.343592119520357e-05
248400,-1.7740461405641684e-05
252000,-2.2045001616079798e-05
