time,vpos
248400,-0.0001276591027718607
252000,-9.752820191530088e-07
255600,0.00012570853873355468
