time,vpos
248400,0.016898813161099653
252000,-0.001638657494296581
255600,-0.020176128149692815
