time,vpos
25200,38.128588084580336
28800,19.06429420441304
32400,3.242457456938366e-07
