time,vpos
25200,25.883898808173107
28800,12.94194999328045
32400,1.1783877934144673e-06
