time,vpos
252000,-6.728665609715898e-08
255600,-8.802706680710506e-08
259200,-1.0876747751705114e-07
