time,vpos
252000,-3.5011362747644484e-05
255600,3.039905580339921e-05
259200,9.580947435444291e-05
