time,vpos
255600,5.28218283002424e-07
259200,5.28218283002424e-07
