time,vpos
255600,-5.00066599220183e-08
259200,-5.00066599220183e-08
