time,vpos
28800,7.947367503511899e-07
32400,4.838658175222938e-07
36000,1.7299488469339763e-07
