time,vpos
28800,-0.00020205852012780993
32400,-0.00011487563091696121
36000,-2.7692741706112495e-05
