time,vpos
32400,-0.0026057848106938748
36000,-0.0007473275847503938
39600,0.001111129641193087
