time,vpos
32400,2.513606603036798e-05
36000,0.00015965467319331025
39600,0.00029417328035625254
