time,vpos
3600,0.0009111559029268963
7200,-0.0037270616833104562
10800,0.006403887509273664
14400,0.011332837893519094
18000,0.001237989122399258
21600,0.00014508874518228657
25200,-0.0006931792554908914
