time,vpos
57600,0.013150047991674534
61200,-0.0011373746301464706
64800,0.0010677157462557756
68400,0.01565354511340324
72000,0.0073139125168255395
75600,0.001546263629140518
79200,0.002211563706957411
