time,vpos
61200,0.012562956832520865
64800,-0.0034514074665200375
68400,0.004419043919995434
72000,0.017641574335206776
75600,0.004531445694978974
79200,0.003552617226337869
82800,0.005021632127579531
