time,vpos
75600,-0.0055137406902334984
79200,-0.008376944562543839
82800,0.0014876311550944777
86400,0.010536298413610723
90000,-0.007750553991869521
93600,0.00021485918877678497
97200,0.022788012443470923
