time,vpos
79200,0.006352513668935215
82800,-0.004263850326791508
86400,0.008269589159593015
90000,0.013868799489999965
93600,-0.00010222123195713632
97200,0.005526875477689328
100800,0.007576399757588595
