time,vpos
90000,0.006431861209161985
93600,-0.000942334791327029
97200,0.008582451777551927
100800,0.01364532404753488
104400,0.0006153536043950788
108000,0.003142926978089604
111600,0.006864360495538913
