time,vpos
93600,7.927662522561846
97200,7.95324521601729
100800,8.001733417156759
104400,8.051017432998432
108000,8.110779578413357
111600,8.211566559426197
115200,8.278969903181762
