time,vpos
10800,12.002767069962434
14400,12.039910633316214
18000,12.15783360960402
21600,12.36984185100983
25200,12.591507522457285
28800,6.340737650353051
32400,-0.00046906472685098136
