time,vpos
118800,-57.151469899088625
122400,-57.73214396990297
126000,-51.87191482125733
129600,-40.8685928388572
133200,-33.5773798409034
136800,-25.08815005587866
140400,-19.32771450586758
