time,vpos
122400,-58.3128183481859
126000,-51.871914974932466
129600,-40.86859283881486
133200,-33.5773798409157
136800,-25.088150055896552
140400,-13.878322596445978
144000,-8.428930686979548
