time,vpos
126000,-40.72272173236362
129600,-40.85362461722474
133200,-35.916556409144086
136800,-25.088149854946472
140400,-13.878322505020924
144000,-4.214466786544547
147600,-2.9567378697385725e-06
