time,vpos
129600,-35.79941496498428
133200,-35.90182292224763
136800,-27.66597264194224
140400,-13.87832252634821
144000,-4.214465114836834
147600,1.4137303251833885e-06
151200,2.408811387389837e-06
