time,vpos
154800,-3.04930570267886e-05
158400,-1.347694004395143e-05
162000,8.998450521258833e-06
165600,2.1907973539215e-05
169200,3.990869678013897e-05
172800,5.3262843150112004e-05
176400,5.6066515714744145e-05
