time,vpos
172800,-0.026372387671960706
176400,0.005112461835703807
180000,0.006378757348770531
183600,0.004516682509487672
187200,0.01758764232828951
190800,0.001583323161981424
194400,0.0008645233321864267
