time,vpos
190800,2.9130839083750413
194400,2.921869064515942
198000,2.94002275155913
201600,-42.621804066985355
205200,-89.56893640916492
208800,-92.45866656034163
212400,-93.97245971878554
