time,vpos
190800,1.7199168207302606
194400,1.7256251893314047
198000,1.7374775732423235
201600,-43.22468933483956
205200,-89.56905038562543
208800,-92.45870241875342
212400,-93.97230432448717
