time,vpos
194400,0.12372338119089528
198000,0.12409728416492895
201600,-49.93776440642844
205200,-99.99999999995224
208800,-99.99999999994485
212400,-99.99999999999048
216000,-99.99999999999989
