time,vpos
198000,-7.533301168769384
201600,-53.76665058438189
205200,-99.99999999998496
208800,-99.99999999997429
212400,-99.99999999998627
216000,-99.99999999997924
219600,-99.99999999995896
