time,vpos
201600,-99.99992874136771
205200,-99.99996109674305
208800,-99.99999672605898
212400,-99.99999070440788
216000,-99.99950832234728
219600,-73.73465435798909
223200,-47.47027348009981
