time,vpos
208800,-99.99999999996191
212400,-99.99999999998053
216000,-99.99999999995521
219600,-71.59838156252141
223200,-33.97114716084667
226800,-20.46360252993
230400,-16.181673863298172
