time,vpos
212400,-100.0
216000,-99.9999983393018
219600,-71.54768072541403
223200,-33.545946547086544
226800,-18.72008956641721
230400,-6.72194847415387
234000,-0.00024613742196922595
