time,vpos
28800,0.01491107567071526
32400,0.0034374588479206165
36000,-0.0015012610630441296
39600,0.007277724436614942
43200,0.015331699906671692
46800,0.019796118553285873
50400,0.018450650317672488
