time,vpos
32400,0.009195802549867474
36000,0.0065002803680399915
39600,0.002981863559016026
43200,0.00047375817171981124
46800,-0.002605689181397962
50400,-0.0014437976589063723
54000,0.0011123304566032586
