time,vpos
3600,-2.3540070739035135e-07
7200,-3.1161356636331614e-07
10800,-3.878264253362809e-07
