time,vpos
3600,-6.346863877627802e-06
7200,-0.00011301040744276519
10800,-0.00021967395100790256
