time,vpos
36000,6.38129181620055e-05
39600,2.5012249685508465e-06
43200,-5.88104682249038e-05
