time,vpos
36000,7.953728849152686e-07
39600,2.561515534404979e-07
43200,-2.830697780342728e-07
