time,vpos
39600,0.006785181828011799
43200,0.007469055216672476
46800,0.008152928605333152
