time,vpos
39600,-1.2326419833626879e-05
43200,-1.7579210185950732e-05
46800,-2.2832000538274585e-05
