time,vpos
43200,-0.0006058584847358777
46800,-0.0006218618054759688
50400,-0.00063786512621606
