time,vpos
43200,0.02254045958208946
46800,0.006255234591312497
50400,-0.010029990399464464
