time,vpos
46800,-0.0021046981151433795
50400,-0.004553437686331808
54000,-0.007002177257520235
