time,vpos
46800,11.161142610125687
50400,11.19296637144355
54000,11.224790132761411
