time,vpos
50400,13.431081834282443
54000,13.46934704597973
57600,13.507612257677017
