time,vpos
50400,-0.00015827600993715456
54000,-9.937649120705412e-05
57600,-4.0476972476953684e-05
