time,vpos
54000,5.478861297498794e-07
57600,2.401559621394288e-07
61200,-6.757420547102181e-08
