time,vpos
54000,-1.2386779139070617e-06
57600,1.3977681616696765e-06
61200,4.034214237246415e-06
