time,vpos
57600,-0.00014635866350668476
61200,7.627688183558266e-06
64800,0.00016161403987380128
