time,vpos
57600,0.03802870316302609
61200,0.018321591537102944
64800,-0.0013855200888202024
