time,vpos
61200,-1.7983178010952394e-08
64800,-2.6254988703955373e-07
68400,-5.071165960681551e-07
