time,vpos
61200,-0.0009144637839314628
64800,-0.0006689932235698418
68400,-0.00042352266320822067
