time,vpos
64800,1.9204799114880267e-05
68400,1.6447260982105014e-05
72000,1.368972284932976e-05
