time,vpos
64800,0.00022021192284368872
68400,-0.0004668039148014737
72000,-0.0011538197524466362
