time,vpos
68400,-2.1470463800951634e-06
72000,-7.224494040465124e-06
75600,-1.2301941700835085e-05
