time,vpos
68400,0.0001181610005144057
72000,-0.00035072941817852223
75600,-0.0008196198368714501
