time,vpos
7200,-1.8783665089798695e-05
10800,-1.5704397459434652e-05
14400,-1.2625129829070605e-05
