time,vpos
7200,-0.00810543512318046
10800,-0.006513657969606072
14400,-0.004921880816031684
