time,vpos
72000,0.00015713783299228733
75600,-0.00038450826040245805
79200,-0.0009261543537972034
