time,vpos
72000,0.021179828705023516
75600,0.016812310242815064
79200,0.012444791780606614
