time,vpos
75600,1.0501575050531065e-06
79200,2.8146888470144404e-07
82800,-4.872197356502184e-07
