time,vpos
75600,0.00012592833975900642
79200,-0.0003186626827124169
82800,-0.0007632537051838402
