time,vpos
79200,-0.0009445606819169852
82800,-0.0005842599793151929
86400,-0.0002239592767134006
