time,vpos
79200,0.00011262521010004272
82800,-0.00032025011575977276
86400,-0.0007531254416195882
