time,vpos
82800,-0.0003461426570821325
86400,-0.00027385924807960405
90000,-0.00020157583907707562
