time,vpos
82800,-1.4936040603104328e-07
86400,-2.1823837780335364e-07
90000,-2.87116349575664e-07
