time,vpos
86400,9.780430231302242e-05
90000,-0.0002543607782748246
93600,-0.0006065258588626716
