time,vpos
86400,0.010226828738744281
90000,0.0070469619533915576
93600,0.003867095168038834
