time,vpos
90000,0.0012438421135627271
93600,0.00231502910434723
97200,0.0033862160951317333
