time,vpos
90000,3.3910270777254025e-05
93600,-0.00018457817033221892
97200,-0.00040306661144169187
