time,vpos
93600,3.05940782492192e-05
97200,-0.00013952604739603372
100800,-0.00030964617304128666
