time,vpos
93600,0.00023550270537426015
97200,0.0004187746467886824
100800,0.0006020465882031047
