time,vpos
97200,0.009627708924708073
100800,0.002670690550971716
104400,-0.004286327822764641
