time,vpos
97200,-0.0009842210178568611
100800,-0.0005353515560354311
104400,-8.648209421400092e-05
