time,vpos
100800,3.477576666168389e-05
104400,-4.891986787478556e-05
108000,-0.000132615502411255
