time,vpos
100800,-0.041102454578146194
104400,-0.024622671339344156
108000,-0.00814288810054211
