time,vpos
104400,0.003393267533047077
108000,0.0071649540218607175
111600,0.010936640510674358
