time,vpos
104400,-0.0002858528088551406
108000,-0.00029807591291761875
111600,-0.00031029901698009695
