time,vpos
10800,-0.0017165853622161213
14400,-0.0019097009644960215
18000,-0.0021028165667759217
