time,vpos
10800,-5.217853978234279e-05
14400,1.5253390645644296e-05
18000,8.268532107363138e-05
