time,vpos
108000,88.1035166070001
111600,88.50238789570268
115200,88.90125918440526
