time,vpos
108000,66.89758763120491
111600,67.18824103443309
115200,67.47889443766127
