time,vpos
111600,54.19176674455374
115200,27.095579732098585
118800,-0.0006072803565723706
