time,vpos
111600,69.78928462703564
115200,34.89443958421867
118800,-0.00040545859830756146
