time,vpos
115200,-5.032822280840344e-08
118800,5.783206231462843e-07
122400,1.206969469100972e-06
