time,vpos
115200,-21.590771793375495
118800,-21.74774119331452
122400,-21.904710593253547
