time,vpos
118800,-53.67895659500075
122400,-53.923013226530216
126000,-54.16706985805967
