time,vpos
118800,-55.16644897248436
122400,-46.66363023239249
126000,-38.16081149230063
