time,vpos
122400,-74.5942373309122
126000,-74.84544885833193
129600,-75.09666038575166
