time,vpos
122400,-54.13283638211204
126000,-54.31069753949822
129600,-54.488558696884404
