time,vpos
126000,-80.76342372927725
129600,-80.99362848854771
133200,-81.2238332478182
