time,vpos
126000,-70.18427360031782
129600,-70.38521929568877
133200,-70.58616499105972
