time,vpos
129600,-54.74780046678568
133200,-54.904213269424595
136800,-55.06062607206351
