time,vpos
129600,-59.89086617007824
133200,-60.06155478241675
136800,-60.232243394755244
