time,vpos
133200,-39.239502717206435
136800,-39.35149758233977
140400,-39.4634924474731
