time,vpos
133200,-28.3421755776121
136800,-28.42316285429616
140400,-28.504150130980214
