time,vpos
136800,-18.37801183421532
140400,-18.430421084049186
144000,-18.482830333883054
