time,vpos
136800,-22.312970841026807
140400,-22.376593610371813
144000,-22.440216379716816
