time,vpos
140400,-0.0002124915857871796
144000,-0.00011820270113888022
147600,-2.3913816490580848e-05
