time,vpos
140400,-1.4581787072297583e-07
144000,-9.765425796020959e-08
147600,-4.949064519744334e-08
