time,vpos
14400,1.985755836240305e-06
18000,9.717086831353972e-07
21600,-4.233846996951063e-08
