time,vpos
14400,2.0015131416338885e-08
18000,3.0229983123048653e-09
21600,-1.3969134791729154e-08
