time,vpos
144000,-3.459936908159489e-07
147600,-1.9444152986498875e-06
151200,-3.542836906483826e-06
