time,vpos
144000,-0.0003536343816609299
147600,5.069778949691006e-05
151200,0.00045502996065475
