time,vpos
147600,-2.5055650901967264e-05
151200,-0.0005977734376373732
154800,-0.001170491224372779
