time,vpos
147600,-4.5852776501924264e-08
151200,-3.3413645678451176e-08
154800,-2.0974514854978088e-08
