time,vpos
151200,-6.394873896692512e-05
154800,-1.5971758935244416e-06
158400,6.0754387179876235e-05
