time,vpos
151200,-1.1898054837373995e-07
154800,-1.3156367776679181e-06
158400,-2.5122930069620963e-06
