time,vpos
154800,-0.0004153845983305231
158400,-0.0001779277529778355
162000,5.952909237485216e-05
