time,vpos
154800,-0.04463715836745541
158400,-0.027885593093227024
162000,-0.011134027818998637
