time,vpos
158400,3.4624368055322095e-06
162000,1.993844309426775e-06
165600,5.2525181332134e-07
