time,vpos
158400,-0.00016747873973001304
162000,-7.274423847042152e-05
165600,2.1990262789170007e-05
