time,vpos
162000,4.751942935306709e-06
165600,-2.231811854552104e-07
169200,-5.1983053062171295e-06
