time,vpos
162000,0.01698374928107843
165600,0.004218677436088579
169200,-0.008546394408901273
