time,vpos
165600,2.0211610232689914e-06
169200,7.397995829654114e-07
172800,-5.415618573381686e-07
