time,vpos
165600,0.0007817639970501777
169200,0.0004866156515464972
172800,0.00019146730604281673
