time,vpos
169200,4.270955721919734e-05
172800,-3.1077560217786915e-07
176400,-4.333110842355308e-05
