time,vpos
169200,-9.118058984236566e-06
172800,-5.405804990796237e-06
176400,-1.6935509973559082e-06
