time,vpos
172800,-8.688870241357893e-07
176400,-3.640388954520568e-06
180000,-6.411890884905347e-06
