time,vpos
172800,-0.0004940021526039703
176400,0.00027131708661182804
180000,0.0010366363258276262
