time,vpos
176400,0.00025984312785439526
180000,0.00011384609389122983
183600,-3.215094007193559e-05
