time,vpos
176400,0.004877380524130766
180000,0.004943001729808282
183600,0.005008622935485799
