time,vpos
18000,-0.0005514444052912362
21600,-0.00031116102133599624
25200,-7.087763738075625e-05
