time,vpos
18000,0.0008039793754528518
21600,0.0018475572036127778
25200,0.002891135031772704
