time,vpos
180000,-1.1052307289857732e-08
183600,-3.684240245781928e-08
187200,-6.263249762578083e-08
