time,vpos
180000,0.00018549431872441724
183600,-1.8045110373598225e-05
187200,-0.0002215845394716137
