time,vpos
183600,0.02047804871915587
187200,0.02690587882611282
190800,0.03333370893306978
