time,vpos
183600,-2.1773036698601484e-05
187200,1.2783829908136915e-05
190800,4.7340696514875314e-05
