time,vpos
187200,-0.00037406060702074634
190800,0.0002295307154959769
194400,0.0008331220380127001
