time,vpos
187200,-2.0302112230946578e-07
190800,-7.627917213669233e-07
194400,-1.3225623204243808e-06
