time,vpos
190800,-8.045020638558498e-06
194400,-3.834754398052143e-06
198000,3.7551184245421254e-07
