time,vpos
190800,0.00020805098720419154
194400,1.5315767394003816e-05
198000,-0.00017741945241618392
