time,vpos
194400,-0.009751515524938003
198000,-0.004413543296172295
201600,0.0009244289325934137
