time,vpos
194400,6.887666502449076
198000,6.9118867667046615
201600,6.9361070309602475
