time,vpos
198000,0.004707573064484188
201600,0.0027747693434946132
205200,0.0008419656225050389
