time,vpos
198000,-2.278266067854036e-05
201600,-1.908915533677634e-05
205200,-1.539564999501232e-05
