time,vpos
201600,-48.55829883538351
205200,-49.27262569683069
208800,-49.98695255827785
