time,vpos
201600,-64.58449129436886
205200,-65.42931878821572
208800,-66.27414628206257
