time,vpos
205200,-92.08030656298195
208800,-93.49396220719454
212400,-94.90761785140717
