time,vpos
205200,-100.0
208800,-99.99999999998298
212400,-99.99999999996594
