time,vpos
208800,-99.99999999989055
212400,-99.99999999986473
216000,-99.9999999998389
