time,vpos
208800,-93.34775830903442
212400,-94.42122304721659
216000,-95.49468778539875
