time,vpos
212400,-99.99999999991226
216000,-99.99999999984877
219600,-99.99999999978526
