time,vpos
212400,-99.99999999999837
216000,-99.99999999999467
219600,-99.99999999999098
