time,vpos
21600,12.763895374413748
25200,12.900251512746427
28800,13.036607651079107
