time,vpos
21600,0.0008607861144718814
25200,0.0008872730991268627
28800,0.0009137600837818441
