time,vpos
216000,-99.9999999130118
219600,-99.79211447481211
223200,-99.58422903661241
