time,vpos
219600,-72.38575068791906
223200,-72.59262128887671
226800,-72.79949188983437
