time,vpos
223200,-36.339136065087246
226800,-36.44572066476792
230400,-36.552305264448584
