time,vpos
223200,-79.86725628585107
226800,-80.33943620628018
230400,-80.81161612670928
