time,vpos
226800,-6.902668930875134
230400,-3.4513344888183055
234000,-4.6761477962845394e-08
