time,vpos
226800,-52.099307903704315
230400,-26.049647165677825
234000,1.3572348663004608e-05
