time,vpos
230400,-5.6729611056011114e-05
234000,-0.0003726107638652094
237600,-0.0006884919166744078
