time,vpos
230400,-1.7144195913615379e-06
234000,-5.045040445735699e-07
237600,7.054115022143981e-07
