time,vpos
234000,1.8964145681017885e-05
237600,-6.202541209355888e-07
241200,-2.0204653922889062e-05
