time,vpos
234000,-2.2090472742420224e-06
237600,5.620703190370499e-07
241200,3.333187912316122e-06
