time,vpos
237600,0.0008640192805449407
241200,0.00018269482180358174
244800,-0.0004986296369377773
