time,vpos
237600,0.0006072451089705823
241200,0.00013205165049222953
244800,-0.00034314180798612325
