time,vpos
241200,-5.884682293538779e-07
244800,-5.55774880674556e-07
248400,-5.230815319952342e-07
