time,vpos
241200,-0.00014689004540325147
244800,-7.494760569542798e-05
248400,-3.005165987604469e-06
