time,vpos
244800,0.00012977850922365808
248400,0.00018749766106813427
252000,0.00024521681291261047
