time,vpos
244800,0.0037554950181184466
248400,0.0037575598538590795
252000,0.003759624689599712
