time,vpos
248400,-4.6989657835356385e-08
252000,-2.422300428937666e-07
255600,-4.3747042795217687e-07
