time,vpos
248400,-2.8823529832102378e-05
252000,-1.97812282531234e-06
255600,2.4867284181477698e-05
