time,vpos
25200,41.051639229113306
28800,20.525819579398767
32400,-7.031576793265285e-08
