time,vpos
25200,1.0081491142838558e-06
28800,9.013093359481838e-07
32400,7.944695576125117e-07
