time,vpos
252000,-7.041344069241471e-05
255600,2.1225634074662236e-05
259200,0.00011286470884173918
