time,vpos
252000,0.00017032521072279233
255600,-0.0002984757332591208
259200,-0.000767276677241034
