time,vpos
255600,-0.00047489251709619787
259200,-0.00047489251709619787
