time,vpos
255600,-1.937772893534362e-06
259200,-1.937772893534362e-06
