time,vpos
28800,-0.0001074424565284185
32400,0.00011982179940245221
36000,0.0003470860553333229
