time,vpos
28800,-0.00045795092897185635
32400,-0.0007405608504790687
36000,-0.001023170771986281
