time,vpos
32400,0.00010020237781553632
36000,-0.0003516597239761459
39600,-0.0008035218257678281
