time,vpos
32400,-7.117316390557911
36000,-7.194813119183594
39600,-7.272309847809277
