time,vpos
3600,-3.5947553500520628e-06
7200,-1.5380675683717905e-05
10800,-2.7166596017383746e-05
