time,vpos
3600,-2.9547211352967673e-07
7200,-7.950707204369342e-07
10800,-1.2946693273441917e-06
