time,vpos
36000,-0.0001400142764190972
39600,-0.00014155506121963174
43200,-0.00014309584602016623
