time,vpos
36000,-0.03762048449805323
39600,-0.027149106777464994
43200,-0.016677729056876752
