time,vpos
39600,-0.01250537196275125
43200,-0.013805380546171617
46800,-0.015105389129591983
