time,vpos
39600,-0.0003474804252732904
43200,-5.056038810054556e-05
46800,0.00024635964907219923
