time,vpos
43200,6.867208585486577e-05
46800,-0.0004829395434448756
50400,-0.001034551172744617
