time,vpos
43200,-3.424777419124003e-08
46800,-7.426434960695547e-08
50400,-1.142809250226709e-07
