time,vpos
46800,-0.00033081946292295257
50400,-1.7787056278994863e-05
54000,0.0002952453503649628
