time,vpos
46800,0.03122393780524784
50400,0.023453126943152533
54000,0.015682316081057225
