time,vpos
50400,0.00044471252576249744
54000,0.0003315740842782084
57600,0.0002184356427939194
