time,vpos
50400,-0.005420431713998992
54000,0.01825927364335202
57600,0.041938979000703036
