time,vpos
54000,-5.253758721037588e-07
57600,-3.738413985711689e-07
61200,-2.2230692503857896e-07
