time,vpos
54000,7.042627809338117e-07
57600,8.827751913120365e-06
61200,1.6951241045306918e-05
