time,vpos
57600,-4.577937837146884e-06
61200,-4.5346547482283395e-06
64800,-4.491371659309795e-06
