time,vpos
57600,0.0003017528737662211
61200,-0.00010903994733411915
64800,-0.0005198327684344594
