time,vpos
61200,-2.166203524125998e-05
64800,-6.179156324436288e-05
68400,-0.00010192109124746579
