time,vpos
61200,0.005284327781842365
64800,0.005403690534997
68400,0.005523053288151634
