time,vpos
64800,-6.831928604095205e-06
68400,-4.367547027425006e-06
72000,-1.9031654507548068e-06
