time,vpos
64800,-0.00018338209865021641
68400,3.982919550773847e-05
72000,0.0002630404896656934
