time,vpos
68400,-0.0005604973366374436
72000,-0.00042364589725221496
75600,-0.0002867944578669864
