time,vpos
68400,0.00041795274743906515
72000,0.0003418038367594841
75600,0.000265654926079903
