time,vpos
7200,0.042157238696662394
10800,0.022856687464771378
14400,0.0035561362328803605
