time,vpos
7200,-2.794467632385568e-06
10800,4.8753314174978865e-06
14400,1.254513046738134e-05
