time,vpos
72000,1.563376715585374e-06
75600,1.6829224380385255e-06
79200,1.802468160491677e-06
