time,vpos
72000,-0.00013960426507297546
75600,-0.0007157344514233762
79200,-0.001291864637773777
