time,vpos
75600,0.0011552815127187496
79200,0.0020169818406784944
82800,0.0028786821686382393
