time,vpos
75600,0.00011881199210509129
79200,-0.00034715776992257536
82800,-0.000813127531950242
