time,vpos
79200,-0.00043748322398373706
82800,-0.0002846261144130984
86400,-0.00013176900484245977
