time,vpos
79200,0.000853887056508594
82800,0.0015467962198036302
86400,0.0022397053830986663
