time,vpos
82800,-8.172589878021946e-05
86400,1.6909402622419007e-05
90000,0.00011554470402505747
