time,vpos
82800,0.0005046635587655076
86400,0.000900314124134789
90000,0.0012959646895040703
