time,vpos
86400,0.0021699788562811427
90000,0.004050590738477862
93600,0.005931202620674581
