time,vpos
86400,0.00023207113158120024
90000,-0.00035640737846609374
93600,-0.0009448858885133877
