time,vpos
90000,-0.0001439290748993201
93600,0.00012788760746866557
97200,0.00039970428983665123
