time,vpos
90000,0.0030547454227365916
93600,0.00594552487799022
97200,0.008836304333243849
