time,vpos
93600,-0.0001229817439860753
97200,-0.0004094176491261606
100800,-0.0006958535542662459
