time,vpos
93600,0.005061745260193139
97200,0.010296592712916011
100800,0.015531440165638885
