time,vpos
97200,0.0025536847259235475
100800,0.004948292754406272
104400,0.007342900782888995
