time,vpos
97200,-1.9406780844832827e-05
100800,-9.556489751275099e-06
104400,2.938013422826291e-07
