time,vpos
100800,0.0007144088139479099
104400,0.00017458012727429952
108000,-0.0003652485593993108
