time,vpos
100800,0.004094945115569026
104400,0.008354128691789744
108000,0.012613312268010463
