time,vpos
104400,6.511149833857458e-05
108000,3.895501780422025e-05
111600,1.2798537269865921e-05
