time,vpos
104400,0.0005776350063214399
108000,-2.919161475347081e-05
111600,-0.0006360182358283815
