time,vpos
10800,-2.5623050712436646e-07
14400,-2.3864383383916804e-07
18000,-2.2105716055396962e-07
