time,vpos
10800,0.00020959304389518637
14400,0.00011936911558501224
18000,2.9145187274838113e-05
