time,vpos
108000,-1.461478681622794e-06
111600,-4.106561748045786e-07
115200,6.401663320136369e-07
