time,vpos
108000,50.25941661771752
111600,50.40286913419653
115200,50.54632165067553
