time,vpos
111600,7.47849108054114
115200,-5.477450758232983
118800,-18.433392597007106
