time,vpos
111600,50.284078903327924
115200,25.141959380967556
118800,-0.0001601413928100509
