time,vpos
115200,-65.34553540016067
118800,-66.37818654277146
122400,-67.41083768538225
