time,vpos
115200,-20.990469108702055
118800,-21.075716135764694
122400,-21.16096316282733
