time,vpos
118800,-93.49366281037646
122400,-95.05230037546406
126000,-96.61093794055165
