time,vpos
118800,-67.81195408306584
122400,-64.7945370474301
126000,-61.77712001179435
