time,vpos
122400,-67.15094579554359
126000,-68.01709695642803
129600,-68.88324811731249
