time,vpos
122400,-75.31259027111514
126000,-75.52770058268406
129600,-75.74281089425298
