time,vpos
126000,-81.30349945828982
129600,-81.53561161431548
133200,-81.76772377034115
