time,vpos
126000,-21.838824407471627
129600,-21.965812155332827
133200,-22.092799903194027
