time,vpos
129600,-10.648354556634555
133200,-10.687732575076678
136800,-10.7271105935188
