time,vpos
129600,-58.95550229352412
133200,-59.12379152198643
136800,-59.29208075044874
