time,vpos
133200,-43.745150022794604
136800,-40.471301443256294
140400,-37.19745286371799
