time,vpos
133200,-16.567205215567324
136800,-16.628151455850578
140400,-16.689097696133825
