time,vpos
136800,-6.399258799146429
140400,-6.417583320213955
144000,-6.435907841281482
