time,vpos
136800,-26.858540692526578
140400,-26.93516629047027
144000,-27.011791888413967
