time,vpos
140400,-9.243501717336123
144000,-4.621750765995897
147600,1.8534432703887216e-07
