time,vpos
140400,2.1435645966572103e-08
144000,-1.7998081150438772e-08
147600,-5.7431808267449647e-08
