time,vpos
14400,-1.4510994371067553e-06
18000,-1.162869978608576e-06
21600,-8.74640520110397e-07
