time,vpos
14400,0.020340254303821866
18000,0.004996254296710332
21600,-0.010347745710401202
