time,vpos
144000,-1.0858773470245192e-07
147600,-3.729955712675724e-07
151200,-6.374034078326929e-07
