time,vpos
144000,0.000287075897184302
147600,0.0003243499358968878
151200,0.0003616239746094736
