time,vpos
147600,0.00021486213677916863
151200,0.0003304663264378825
154800,0.00044607051609659636
