time,vpos
147600,0.0013050870707994114
151200,0.0002618589495126996
154800,-0.0007813691717740122
