time,vpos
151200,2.5344977601718388e-05
154800,-8.198071254810271e-05
158400,-0.00018930640269792381
