time,vpos
151200,-0.005294444705623846
154800,0.0037941106961376543
158400,0.012882666097899155
