time,vpos
154800,-0.0005884925583175046
158400,-0.0004953634486718067
162000,-0.00040223433902610874
