time,vpos
154800,3.1961683036318966e-06
158400,1.2604507326329645e-06
162000,-6.752668383659677e-07
