time,vpos
158400,0.011890197579489024
162000,0.008810385724740421
165600,0.005730573869991819
