time,vpos
158400,1.7395095187798607e-05
162000,2.342857602385495e-05
165600,2.9462056859911294e-05
