time,vpos
162000,5.998260624083356e-07
165600,4.359936221586371e-06
169200,8.120046380764406e-06
