time,vpos
162000,-0.002204756073846334
165600,-0.0017344115636756764
169200,-0.0012640670535050188
