time,vpos
165600,-0.0009722104020415422
169200,-0.0004815726139982216
172800,9.065174045098966e-06
