time,vpos
165600,-4.517475739188384e-08
169200,-6.623273218937797e-10
172800,4.385010274809628e-08
