time,vpos
169200,0.00013872367137619633
172800,-0.00020149771070120408
176400,-0.0005417190927786045
