time,vpos
169200,0.0024645316228497603
172800,0.019097704921117654
176400,0.035730878219385545
