time,vpos
172800,7.034172741875844e-05
176400,-0.00015442506915495577
180000,-0.00037919186572867
