time,vpos
172800,-4.365425859687022e-05
176400,-3.989692514139165e-05
180000,-3.6139591685913075e-05
