time,vpos
176400,-7.037313472409157e-07
180000,-5.599020005714762e-07
183600,-4.1607265390203665e-07
