time,vpos
176400,6.490147398019939e-07
180000,3.766035324713154e-07
183600,1.041923251406369e-07
