time,vpos
18000,-9.929347694536891e-08
21600,-5.124497676623884e-07
25200,-9.256060583794079e-07
