time,vpos
18000,-0.0006626520108732254
21600,-4.9496556829567036e-08
25200,0.0006625530177595662
