time,vpos
180000,0.005830492210700221
183600,0.025860363610898322
187200,0.04589023501109643
