time,vpos
180000,-0.00019590451783476042
183600,0.00013810626480298318
187200,0.0004721170474407268
