time,vpos
183600,8.432915386824558e-07
187200,2.80278038972126e-07
190800,-2.8273546073820377e-07
