time,vpos
183600,0.00042195628639683195
187200,-0.000444487919645175
190800,-0.001310932125687182
