time,vpos
187200,0.0014048836527325967
190800,0.0009349551339079917
194400,0.0004650266150833866
