time,vpos
187200,0.006389451675908084
190800,0.0047386571716654495
194400,0.003087862667422816
