time,vpos
190800,0.0003966795704927738
194400,-0.0004108527973866773
198000,-0.0012183851652661285
