time,vpos
190800,-1.1733220960791213e-06
194400,-8.551889477820263e-07
198000,-5.370557994849312e-07
