time,vpos
194400,33.47431714395326
198000,33.57009838792533
201600,33.665879631897404
