time,vpos
194400,31.11752598292159
198000,31.206430157566935
201600,31.29533433221227
