time,vpos
198000,24.76054193779363
201600,12.38027202447566
205200,2.1111576903320994e-06
