time,vpos
198000,29.193770627648462
201600,14.596852063159565
205200,-6.650132933373049e-05
