time,vpos
201600,-75.51318083392253
205200,-76.75030961113434
208800,-77.98743838834613
