time,vpos
201600,-50.11168632777979
205200,-50.80933533926009
208800,-51.50698435074038
