time,vpos
205200,-99.99999996050306
208800,-99.99999996011898
212400,-99.9999999597349
