time,vpos
205200,-95.94866073165976
208800,-97.37150973814948
212400,-98.79435874463921
