time,vpos
208800,-99.99999999992225
212400,-99.99999999996112
216000,-100.0
