time,vpos
208800,-99.99999999985423
212400,-99.99999999985275
216000,-99.99999999985127
