time,vpos
212400,-99.99999999993977
216000,-99.99999999995615
219600,-99.99999999997253
