time,vpos
212400,-99.99999999999996
216000,-99.9999999999883
219600,-99.99999999997662
