time,vpos
21600,42.5886681920599
25200,42.8768928151686
28800,43.16511743827729
