time,vpos
21600,19.13546326899006
25200,19.293420021754233
28800,19.451376774518412
