time,vpos
216000,-99.99999998
219600,-99.85682170806287
223200,-99.71364343612575
