time,vpos
219600,-80.79348430911986
223200,-81.04366195985988
226800,-81.29383961059989
