time,vpos
219600,-75.8106004945201
223200,-76.04911312555845
226800,-76.28762575659678
