time,vpos
223200,-37.73402565140139
226800,-37.84161441503555
230400,-37.94920317866971
