time,vpos
223200,-42.48518504117325
226800,-42.606623340445886
230400,-42.728061639718526
