time,vpos
226800,2.3619641398991975e-07
230400,8.917271374433988e-08
234000,-5.785098650123999e-08
