time,vpos
226800,-4.873456053096466
230400,-2.436724626329555
234000,6.8004373549035435e-06
