time,vpos
230400,-1.1738504278709571e-08
234000,-4.727195749694256e-08
237600,-8.280541071517555e-08
