time,vpos
230400,1.667612533201579e-05
234000,1.0349127324907337e-05
237600,4.022129317798884e-06
