time,vpos
234000,-0.0001545696947946552
237600,-0.00014903236584616186
241200,-0.0001434950368976685
