time,vpos
234000,0.020764294889659765
237600,0.0159992166346018
241200,0.011234138379543832
