time,vpos
237600,3.115354865709998e-05
241200,-1.0501428150365964e-06
244800,-3.3253834287173175e-05
