time,vpos
237600,1.51532187565027e-08
241200,1.3226810483827855e-07
244800,2.493829909200544e-07
