time,vpos
241200,-2.3624117309953285e-06
244800,-3.927386501515612e-06
248400,-5.492361272035895e-06
