time,vpos
241200,-0.00013480349849781184
244800,-7.606560037184516e-05
248400,-1.7327702245878478e-05
