time,vpos
244800,-3.374516387989442e-05
248400,1.3995306364498512e-07
252000,3.402507000718439e-05
