time,vpos
244800,6.637480374355187e-06
248400,2.7068201939421666e-06
252000,-1.2238399864708538e-06
