time,vpos
248400,-0.0011330815780183682
252000,-0.0006173832797111156
255600,-0.00010168498140386296
