time,vpos
248400,0.022401420265660832
252000,0.01622945438104549
255600,0.010057488496430147
