time,vpos
25200,31.319101431722395
28800,15.659545857640882
32400,-9.716440628319313e-06
