time,vpos
25200,38.745451059456656
28800,19.372725520120774
32400,-1.9215114479446612e-08
