time,vpos
252000,-7.761026418751094e-07
255600,-7.142436137756031e-07
259200,-6.523845856760968e-07
