time,vpos
252000,-0.00015426962730526617
255600,-0.00014141023180930007
259200,-0.00012855083631333397
