time,vpos
255600,-5.6157396170070095e-05
259200,-5.6157396170070095e-05
