time,vpos
255600,3.516265659979893e-05
259200,3.516265659979893e-05
