time,vpos
28800,-8.75014356950166e-06
32400,3.918944006673159e-06
36000,1.6588031582847978e-05
