time,vpos
28800,0.009435713852729444
32400,0.008599362957774012
36000,0.00776301206281858
