time,vpos
32400,-0.0011014326688838687
36000,-0.0005523426292513558
39600,-3.2525896188429285e-06
