time,vpos
32400,0.003236814277415823
36000,0.001347542511040978
39600,-0.000541729255333867
