time,vpos
0,0.005104942429722589
3600,0.007308915709812945
7200,0.003384534153688364
10800,-0.0014882536969017127
14400,-0.0002326867112768501
