time,vpos
3600,0.0013100874874960393
7200,0.0017556751770083515
10800,0.001528331464162437
14400,0.0005146411370455584
18000,0.00017388221228690657
