time,vpos
36000,-0.0010325009737997132
39600,0.0013567344900506295
43200,-0.004187096125405932
46800,-0.0032554035672331637
50400,0.005609355070246508
