time,vpos
39600,0.005192815553995074
43200,-0.00299961375410881
46800,-0.010431989801406317
50400,-0.0005367496133525449
54000,0.00859843731389485
