time,vpos
43200,-0.0034822873324417015
46800,0.0017108993570570923
50400,0.005843594428176749
54000,-0.017287535953967155
57600,-0.03935817471773192
