time,vpos
46800,0.0005708826567405064
50400,0.0012737953977048097
54000,0.0008635518794271297
57600,-0.0007954772024959748
61200,-0.001341350025177096
