time,vpos
50400,0.00011336752450897191
54000,-7.917604103435108e-05
57600,-0.000797965836931371
61200,-0.0013105342163773326
64800,-0.0012968563654695972
