time,vpos
54000,0.008169752362356588
57600,0.0068290781954360134
61200,-0.0007768659395499748
64800,-0.0029846425695065773
68400,0.0010728507686022341
