time,vpos
57600,-0.008375184323120255
61200,-0.002496124321138275
64800,-0.017905212799730955
68400,-0.011609968651736371
72000,0.01597342397683287
