time,vpos
61200,0.0017182802265516578
64800,0.001457554591031938
68400,0.0011732281560286183
72000,0.0006600727907942036
75600,0.00017051822504338858
