time,vpos
64800,-0.007205120260527376
68400,-0.014147148620159505
72000,-0.021407241248741937
75600,-0.019307230312524112
79200,-0.016889155107355985
