time,vpos
68400,-0.0026458946488862665
72000,0.004726663990293986
75600,-0.0004213651291527852
79200,0.0003549944711614915
82800,0.013651941830102791
