time,vpos
7200,0.004290561408013739
10800,0.008720522097271794
14400,0.008276134267530858
18000,-0.0024841516586014472
21600,-0.00837008906573476
