time,vpos
72000,0.0010198616124994313
75600,0.003778020908810541
79200,0.005671407919750261
82800,0.0027675485204832753
86400,0.0007284614065876794
