time,vpos
75600,0.003994198661673031
79200,-0.0030423244237653773
82800,-0.009986866848130745
86400,-0.03227519849421333
90000,-0.054655510801368955
