time,vpos
79200,-0.00868740608645164
82800,-0.024100691163219588
86400,-0.03565787184881923
90000,-0.021413738928646807
93600,-0.011025710399642681
