time,vpos
82800,0.0036779139721049964
86400,0.004802150271620339
90000,0.004328688128354394
93600,0.0019807666412654493
97200,0.0012305435969577928
