time,vpos
86400,0.0021851560880039927
90000,0.004448672659098598
93600,0.004978977569047598
97200,0.0016063293294198686
100800,-3.3107249062256164e-05
