time,vpos
90000,-0.010648739582249473
93600,0.0038455132796506035
97200,-0.016182995631968573
100800,-0.03629429287424525
104400,-0.021882828343002675
