time,vpos
93600,-0.03383209058844493
97200,-0.014339097557262098
100800,0.021152270557475428
104400,0.017344035955828938
108000,-0.002462573729372251
