time,vpos
97200,-0.025539776000616583
100800,-0.005568619684894095
104400,-0.0011964121670830145
108000,-0.008130297100620278
111600,0.000534766763753868
