time,vpos
100800,0.008197831661376664
104400,0.011835567022636667
108000,0.007778900933540162
111600,0.008832407338384553
115200,0.017580315193585452
