time,vpos
104400,-17.48420380509473
108000,-17.658891430282726
111600,-18.09377761506713
115200,-18.680540073756962
118800,-19.007103972850388
