time,vpos
10800,0.029186351452278145
14400,0.011189886689541458
18000,-0.008275581005505196
21600,-0.005808251176401169
25200,-0.0018719184149871724
