time,vpos
108000,-11.711136163602989
111600,-11.8753463842664
115200,-42.005013994473096
118800,-73.37957576680787
122400,-74.78868014959936
