time,vpos
111600,29.63096195289305
115200,-29.449312336202517
118800,-90.20640530333462
122400,-93.63547662473746
126000,-95.38772926810373
