time,vpos
115200,-76.61797536017117
118800,-78.07932646087062
122400,-81.03730606122484
126000,-83.75591073872666
129600,-84.97788691657372
