time,vpos
118800,-70.9688611546588
122400,-72.30577058741738
126000,-74.75711914757332
129600,-45.5125472461235
133200,-15.153536217276354
