time,vpos
122400,-50.98524398801047
126000,-51.744515857440746
129600,-46.59223507110578
133200,-40.94532606488425
136800,-41.209969714427935
