time,vpos
126000,-34.53308440480796
129600,-34.834699407104445
133200,-35.36498967147998
136800,-22.115206101025844
140400,-8.636747268492668
