time,vpos
129600,-14.902900904671556
133200,-14.999558584597677
136800,-11.866481766542975
140400,-4.318311174887203
144000,0.0001249187877473603
