time,vpos
133200,-35.97701008254223
136800,-22.306878675554596
140400,-4.320046130203236
144000,-0.003111547600198215
147600,-0.0028781033608942744
