time,vpos
136800,-0.00010505998909572743
140400,0.000443441112589699
144000,0.0005768843133354003
147600,0.00033036267162440784
151200,0.0004988989308531405
