time,vpos
140400,0.02019633655254262
144000,0.019469542919570475
147600,0.01399465755490204
151200,0.007716487136507868
154800,0.0061864084498099835
