time,vpos
14400,30.798719020060712
18000,30.939449530766783
21600,31.291445191430668
25200,31.68107589227435
28800,31.859441443160215
