time,vpos
144000,0.015419585963398139
147600,0.014175540961094222
151200,-0.02460487470512426
154800,-0.022279303940873366
158400,0.017582637487292094
