time,vpos
147600,-0.02184333142778947
151200,-0.001649618201356271
154800,0.020807624130038258
158400,-0.004240503938020778
162000,-0.031552161111041144
