time,vpos
151200,0.006130514055069044
154800,0.0014061015144098865
158400,-0.008533824874850368
162000,0.0008135748298716654
165600,0.015376488383194798
