time,vpos
154800,-0.0075495011915127815
158400,-0.018417803787537095
162000,-0.03803898604946712
165600,-0.024118179236229775
169200,-0.001444492757086708
