time,vpos
158400,-0.027958771430159863
162000,-0.007167337849572558
165600,0.021780234513692456
169200,0.0050300285142997735
172800,-0.019876316267770616
