time,vpos
162000,0.0009064374421610016
165600,0.0026918416806580993
169200,0.0063119288543496245
172800,0.00596288756097019
176400,0.003779163332396328
