time,vpos
165600,0.02902864876541361
169200,-0.009641830230654767
172800,-0.0128107618963995
176400,0.010308071597680213
180000,-0.002074642238563719
