time,vpos
169200,0.004559971027719698
172800,0.0031253525565490235
176400,0.005764482400038944
180000,0.006414689502667594
183600,0.0029911482906356483
