time,vpos
172800,-0.0005056790724289675
176400,-0.0041666593378450675
180000,-0.00905487238126672
183600,-0.007646086039872054
187200,-0.0050100669204718356
