time,vpos
176400,-0.0074028302273709285
180000,0.0005204353857218917
183600,0.005691390875697587
187200,-0.022358820096012786
190800,-0.04765672094460603
