time,vpos
18000,33.949600991707094
21600,34.18362318346176
25200,34.62248736891429
28800,17.41918291646074
32400,0.01103647030933656
