time,vpos
180000,0.0007384777398154675
183600,0.0007166032806885916
187200,0.0007833339757167392
190800,0.0007829565356610535
194400,0.0006939739414503444
