time,vpos
183600,0.01631884624007239
187200,0.013420511907940387
190800,0.005252926706808884
194400,0.00041259788005569955
198000,0.000841519922302014
