time,vpos
187200,12.892207894008997
190800,12.889412894668311
194400,12.95104157050889
198000,13.076961422011262
201600,13.138457598332371
