time,vpos
190800,11.229370912245715
194400,11.268044211014608
198000,11.376191309165502
201600,5.721455406631893
205200,-0.0027542952837163637
