time,vpos
194400,8.29342019364145
198000,8.316726241127407
201600,-16.8507425144135
205200,-42.75065018633604
208800,-43.45978305523172
