time,vpos
198000,-4.444462584120456
201600,-30.27539799723436
205200,-57.05802953319661
208800,-58.88049168809266
212400,-59.75125772014035
