time,vpos
201600,-60.88091923676552
205200,-61.914346114075215
208800,-63.89705821040907
212400,-65.77473898138915
216000,-66.70313453334505
