time,vpos
205200,-75.5547239375392
208800,-76.68971392114554
212400,-78.93146262863092
216000,-81.32763616375524
219600,-82.61705097500054
