time,vpos
208800,-88.97420894678115
212400,-90.23724470801817
216000,-92.98688201606166
219600,-50.67106535311269
223200,-6.868647143357258
