time,vpos
212400,-99.99999999999986
216000,-99.99999999999993
219600,-59.008006476154186
223200,-9.008004117593883
226800,4.71712061425731e-06
