time,vpos
21600,21.727862893179747
25200,21.852257144967584
28800,10.990260232696352
32400,0.0014192709102334754
36000,-0.00103052681681572
