time,vpos
216000,-99.99999999999781
219600,-87.98137348345743
223200,-37.98138344428532
226800,-2.9854166293372616e-05
230400,-3.978667900525229e-05
