time,vpos
219600,-57.69739413916884
223200,-57.886279148481755
226800,-29.042365482745215
230400,0.020942474960016322
234000,0.05145175761578889
