time,vpos
223200,-35.01863497334158
226800,-35.12107316541706
230400,-17.62167912722889
234000,-0.014102872446653338
237600,-0.008358847928074823
