time,vpos
226800,-6.549713241200754
230400,-3.2878857737600344
234000,-0.020472499621088557
237600,-0.017064447528396715
241200,-0.019242202133931175
