time,vpos
230400,-0.014553541054844573
234000,-0.0021007071531521492
237600,-2.4705508964147983e-05
241200,-0.01672397326854582
244800,-0.023046408770623073
