time,vpos
234000,0.01207043033783781
237600,-0.00020407401160358143
241200,0.010021762805733372
244800,0.029467185544785716
248400,0.026412267117059716
