time,vpos
237600,-0.018021314582658064
241200,0.0016749822176227555
244800,-0.0008981620260026664
248400,-0.030486382919335482
252000,-0.03780516276876206
