time,vpos
241200,-0.0221318950900233
244800,-0.002985972964807815
248400,0.00565764864007497
252000,-0.0061831971691257495
255600,-0.00752174245799377
