time,vpos
244800,0.01693971646056112
248400,0.01656137637017483
252000,0.014164220265314165
255600,0.00576923258289409
259200,-0.0006069390850516054
