time,vpos
248400,0.014458278844041331
252000,0.016097873264555463
255600,0.01054803183545867
259200,0.003358595985847746
