time,vpos
25200,-1.691669528459774
28800,-1.7028657479472933
32400,-1.727507252160343
36000,-1.7544350635770485
39600,-1.7679175902682234
