time,vpos
28800,-6.4312532264216555
32400,-6.506618683908598
36000,-6.6294057682317415
39600,-6.7047367668871765
43200,-6.732646138706408
