time,vpos
32400,-0.003525422622737578
36000,0.003421682982364757
39600,0.0009579770287608882
43200,-0.007763879742697197
46800,-0.007074924955449078
