time,vpos
0,0.004776321233426398
3600,0.007610658297458757
7200,0.004189797107118445
10800,-0.0010249788433303985
14400,1.5443460593428816e-05
