time,vpos
3600,0.0016468545943958016
7200,0.00260091890602001
10800,0.0026490088636711034
14400,0.0013615905397622893
18000,0.0009801465698265903
