time,vpos
36000,-1.342116042477072
39600,-1.3466440637637707
43200,-1.387155279716602
46800,-1.4087918741462209
50400,-1.3944452739097075
