time,vpos
39600,-1.417197714669788
43200,-1.4193108118286715
46800,-1.4285839253203525
50400,-0.716104333624726
54000,0.003535274403697829
