time,vpos
43200,0.0016393832503235582
46800,0.0022016013748776125
50400,-0.0006345800746919558
54000,-0.002597718092165022
57600,-0.0011624565355144653
