time,vpos
46800,0.0039522747795959
50400,0.000988251229640572
54000,0.007735426020679054
57600,0.008203221542591963
61200,-0.001040181276488938
