time,vpos
50400,-0.018148866929760653
54000,-0.01577205003275371
57600,0.011937820396191037
61200,0.028646107179385993
64800,0.02002134043064315
