time,vpos
54000,-0.016721789265089534
57600,-0.007463745797747665
61200,0.0015669546526357809
64800,-0.0015335546809144731
68400,-0.004406720997506301
