time,vpos
57600,-0.003126955688484683
61200,0.013126664155972408
64800,0.02191883825503921
68400,-0.0009473989534333673
72000,-0.01635219041651566
