time,vpos
61200,-0.022478587826080015
64800,0.005700354150514153
68400,0.010277787350674363
72000,-0.001280047438392644
75600,0.010763626548974307
