time,vpos
64800,0.006511761708040886
68400,0.007600228166442235
72000,0.0037273067145232428
75600,-0.0042060459453056994
79200,-0.007178010694814302
