time,vpos
68400,0.0010820852430669706
72000,-0.001082994892843408
75600,-0.00016243282935642187
79200,0.0032432606108077564
82800,0.0035633118515745687
