time,vpos
7200,0.0010902612964957517
10800,0.0010525917235621085
14400,0.0008130136635495546
18000,0.0004068535703484467
21600,0.00020260196422624977
