time,vpos
72000,0.06306876326422645
75600,-0.002894745395688725
79200,-0.0808231343075793
82800,-0.0582984159036194
86400,-0.023808817247684112
