time,vpos
75600,0.00303481486223085
79200,0.006084058067513175
82800,0.008797766248775282
86400,0.005926995655012094
90000,0.003391760085269123
