time,vpos
79200,0.003789221391769192
82800,0.006295304662603277
86400,0.007503275702910395
90000,0.004410632699244259
93600,0.0026161019261050893
