time,vpos
82800,0.0040269579886541024
86400,0.00653020754663705
90000,0.006775190448370442
93600,0.00329781227618465
97200,0.0020787007602484156
