time,vpos
86400,0.0036983321532983704
90000,0.005913437653988539
93600,0.00600343266650225
97200,0.0028268436114262346
100800,0.0017753650445266785
