time,vpos
90000,0.0034153201609171614
93600,0.005520864790455244
97200,0.005566179907783806
100800,0.0025756242295025774
104400,0.0016452980634308698
