time,vpos
93600,0.003062436413988278
97200,0.004455339540861071
100800,0.004317476371928068
104400,0.0020709071822551644
108000,0.0013551042883880576
