time,vpos
97200,0.002656071980211252
100800,0.00453158739663943
104400,0.004791980220400697
108000,0.00209823649110312
111600,0.0010196153544724538
