time,vpos
100800,21.23986436574315
104400,21.30219247658252
108000,21.42521157566589
111600,21.57511178358154
115200,21.664321003253185
