time,vpos
104400,21.435768386686537
108000,21.494192213933655
111600,21.634090012169747
115200,10.854216728615532
118800,-0.007130525927653071
