time,vpos
10800,0.0011690796713143964
14400,0.0021609346661402005
18000,0.0021270129944456284
21600,0.0006418689846013706
25200,0.00018250164127748972
