time,vpos
108000,19.30234974458773
111600,19.40021308061604
115200,9.727538415368608
118800,-0.03027699317047338
122400,-0.017554400433811984
