time,vpos
111600,4.044203245057658
115200,-8.860767243397005
118800,-21.92954470102448
122400,-22.277037923763167
126000,-22.46072417732905
