time,vpos
115200,-39.617962130554915
118800,-39.847901348366584
122400,-40.476519330926315
126000,-34.998242755661565
129600,-29.121287415648762
