time,vpos
118800,-64.09720958533296
122400,-64.62380634757847
126000,-47.135845262735074
129600,-23.439524730430712
133200,-17.75776204521524
