time,vpos
122400,-70.7841833231677
126000,-65.30068337991081
129600,-38.787472741148335
133200,-16.984823814115426
136800,-16.211885582588113
