time,vpos
126000,-47.244236332011816
129600,-47.37935530659112
133200,-31.863179932215075
136800,-8.634155511112235
140400,-1.0564254389647492
