time,vpos
129600,-39.74875118759197
133200,-39.87110728072986
136800,-20.52494440641356
140400,-0.5309963505598317
144000,-0.005567262160285479
