time,vpos
133200,-29.589949330118394
136800,-29.664614435566588
140400,-14.858096126051407
144000,0.01284832663384413
147600,0.0026093643557142943
