time,vpos
136800,-18.070732899330977
140400,-18.102630340335608
144000,-9.04823139239386
147600,0.020365881563704034
151200,0.002666766574893316
