time,vpos
140400,0.07253771809923805
144000,0.009887646421529275
147600,-0.03418546552813356
151200,-0.0267817192701468
154800,-0.03795493274020598
