time,vpos
14400,50.47415303452264
18000,50.54607263732842
21600,50.868105538031315
25200,51.305748210413824
28800,51.493277584899225
