time,vpos
144000,0.014243911307122107
147600,0.014678150326490015
151200,0.014316905409654003
154800,0.005834890608621881
158400,-0.0018516402562063217
