time,vpos
147600,0.004326030226299224
151200,0.012362578733934176
154800,0.01815702697407586
158400,0.004810550822951674
162000,-0.006293825060679249
