time,vpos
151200,0.006404918799173334
154800,0.014602954399827242
158400,0.020446994788198523
162000,-0.0015276150387008233
165600,-0.021148229653317543
