time,vpos
154800,0.024595114596816237
158400,0.011838222829813972
162000,0.012034005517172356
165600,-0.0038048982498881893
169200,-0.03259647647130938
