time,vpos
158400,-0.006932318327402534
162000,-0.003901075462807305
165600,0.009398809453144055
169200,0.00017122820373604935
172800,-0.019324995097028088
