time,vpos
162000,-0.008179023891683249
165600,-0.024490846710899468
169200,-0.012951173188281099
172800,0.02459683358445948
176400,0.034293344015365476
