time,vpos
165600,0.0380923266294761
169200,0.0066043573741727795
172800,-0.02023323850996091
176400,-0.019766777878789995
180000,-0.02395069061878871
