time,vpos
169200,-0.011050011321427121
172800,0.006951136715211163
176400,0.016414865364014822
180000,0.005723354856401968
183600,0.0035692637366237408
