time,vpos
172800,0.006945982965487975
176400,0.00328696058654339
180000,-0.0013751575718863231
183600,0.0032949551368900054
187200,0.008968163625151461
