time,vpos
176400,-0.017512744092083192
180000,0.0041096605635637246
183600,0.021187273249910932
187200,0.02182432905908472
190800,0.027006176837558217
