time,vpos
18000,49.751986176525314
21600,49.93994332705361
25200,50.31084099194152
28800,30.1379111086953
32400,9.782040711089476
