time,vpos
180000,0.0032017585940794977
183600,0.00368160553465819
187200,0.0013616898036654039
190800,-0.0022169532425700333
194400,-0.0029958336172339925
