time,vpos
183600,0.001373476054415592
187200,-0.005223503176292029
190800,0.009233751878872298
194400,0.004202242133510489
198000,-0.021883501897723267
