time,vpos
187200,0.0026948549478846917
190800,0.002462155516477248
194400,0.0010709997223085448
198000,-0.0002968535782978818
201600,-0.0005062505161430495
