time,vpos
190800,-32.51521788974205
194400,-32.60836674522848
198000,-32.85297493421812
201600,-39.27429428883602
205200,-45.5441543099507
