time,vpos
194400,-30.40092418727875
198000,-30.542029134580517
201600,-65.34156704091882
205200,-99.99999999996759
208800,-99.9999999999798
