time,vpos
198000,-32.61252832314097
201600,-66.30626416156095
205200,-99.99999999999038
208800,-99.99999999999974
212400,-99.99999999999964
