time,vpos
201600,-99.99999999999855
205200,-99.99999999999928
208800,-99.99999999996065
212400,-99.99999999994691
216000,-99.99999999997252
