time,vpos
205200,-100.0
208800,-99.99999999996457
212400,-99.99999999995292
216000,-99.99999999998835
219600,-100.0
