time,vpos
208800,-99.99999999998892
212400,-99.9999999999876
216000,-99.99999999998956
219600,-97.50490443721091
223200,-95.009808874429
