time,vpos
212400,-100.0
216000,-99.99999999996531
219600,-96.4076383637353
223200,-81.38282039091126
226800,-69.95036405428253
