time,vpos
21600,22.078733717363374
25200,22.15965386991787
28800,16.01130736678255
32400,6.192918185181182
36000,2.603795659269627
