time,vpos
216000,-100.0
219600,-95.59015702477687
223200,-77.1824626690826
226800,-63.588481935079635
230400,-63.992352581547806
