time,vpos
219600,-84.82047179117474
223200,-70.9041348651559
226800,-57.35272960659877
230400,-28.85911782842604
234000,-0.0005743827915686877
