time,vpos
223200,-27.429977821206464
226800,-27.60540508715541
230400,-13.891422499859749
234000,0.0002801919613318874
237600,0.0025730305378028053
