time,vpos
226800,-6.6292460729501945
230400,-3.2995432935283064
234000,0.008883388083306758
237600,-0.02377776827881651
241200,-0.03516282683066472
