time,vpos
230400,0.002405015288423941
234000,0.002087571845399117
237600,0.00467203727165464
241200,0.007063606060101667
244800,0.006553265979268347
