time,vpos
234000,0.023985608817369587
237600,0.012095519962886537
241200,-0.006930960001487092
244800,0.01177938645035529
248400,0.03762612401208825
