time,vpos
237600,0.0008788855407559887
241200,0.0024365290281773526
244800,0.00612125721412979
248400,0.007407021905270553
252000,0.006565701897880242
