time,vpos
241200,-0.017870539604914176
244800,0.010430441721421971
248400,0.021216169247140183
252000,-0.004877905910369317
255600,-0.013456727267260882
