time,vpos
244800,-0.012142056079195336
248400,0.009900695496754493
252000,0.015679615588943163
255600,0.0005224171038529547
259200,0.001629050102523906
