time,vpos
248400,0.0029410677344610635
252000,0.0029512132665747513
255600,-0.00016261125502378074
259200,-0.0032865813087360005
