time,vpos
25200,-0.013126522443082319
28800,0.007922759791882754
32400,0.005103183766624745
36000,-0.013783648493286563
39600,-0.008801622492974788
