time,vpos
28800,-0.0021742763816503152
32400,0.0011936737252619023
36000,0.0002616279778209264
39600,-0.0008651690440300082
43200,0.0023080297884722507
