time,vpos
32400,0.013619865703590285
36000,0.009384200580058122
39600,-0.005169685261002947
43200,-0.0077263870648175345
46800,3.5131848896783474e-05
