time,vpos
0,0.004604215185017527
3600,0.005732434121903673
7200,0.01720322537891362
10800,0.016257007428229463
14400,-0.00328201065586443
18000,-0.00968335966596375
21600,-0.007834480862777134
