time,vpos
0,0.0003920818404013365
3600,0.00027733470380234015
7200,0.00010119652096793307
10800,0.0005084559295429564
14400,-0.0002470199185072396
18000,-0.0009930444110243942
21600,-0.0005149426006809189
