time,vpos
3600,0.00044803528899273063
7200,-0.004067538755183161
10800,0.0058886340136232096
14400,0.011213731723860183
18000,0.0006443669945459805
21600,-0.0005496339017979667
25200,-0.0003209191715729991
