time,vpos
36000,-0.0023423500903591286
39600,-0.0012227780538151278
43200,0.00012064109378884018
46800,0.0024554284370201995
50400,0.0032484868507049558
54000,0.0005846546609318524
57600,-0.0007612957103546161
