time,vpos
36000,0.020966321711198367
39600,0.023972870290696693
43200,0.015881230841132826
46800,0.009892779222292031
50400,0.0023645674751848777
54000,-0.005776096403685709
57600,-0.0012788121252277438
