time,vpos
39600,0.007325692664403739
43200,0.0005707549483060647
46800,0.0029430023283273576
50400,0.0024653676629305342
54000,0.0031455397422509943
57600,0.004128952887849289
61200,-0.005172625807388668
