time,vpos
39600,3.850817193943982e-06
43200,-1.673726643901309e-05
46800,-3.5603671697598466e-05
50400,9.27388684043921e-05
54000,0.00011127245227228352
57600,-1.7158031036658243e-06
61200,-6.616780619887719e-06
