time,vpos
43200,0.002419229606286187
46800,0.001330949773465698
50400,2.061800836421218e-05
54000,-0.0014382042308599843
57600,-0.0017876995225521164
61200,0.003105968101728061
64800,0.007112360710757171
