time,vpos
43200,0.0031335254030121495
46800,0.005702261936902832
50400,0.002560224010320662
54000,0.002412602094844791
57600,0.003524560860308369
61200,-0.0008051021171177734
64800,-0.0006835713150105116
