time,vpos
46800,-0.0004151044568776805
50400,-0.0002189806553954303
54000,-9.65450634474616e-06
57600,-3.557479072012356e-05
61200,4.4322753453908605e-05
64800,3.796863487970588e-05
68400,-8.740565981234035e-05
