time,vpos
46800,0.007834695523185877
50400,0.006824178890487556
54000,0.007453602641575529
57600,0.005057081143039823
61200,-0.0017999204020956079
64800,0.004157160729121137
68400,0.012934781523151308
