time,vpos
50400,0.011042459075916774
54000,0.005681957268677956
57600,-0.009432870153309363
61200,-0.009333375146791948
64800,0.03443854316127568
68400,0.04552747453795056
72000,0.022698308227823722
