time,vpos
54000,0.006635988877979823
57600,0.007748832960855141
61200,-0.0032041224343762873
64800,0.010660538149310284
68400,0.0214517406720894
72000,0.0034348392009055494
75600,0.0005571952687359019
