time,vpos
57600,0.013816385442370254
61200,-0.003631217645333755
64800,0.0051443631283884135
68400,0.01926790475411733
72000,0.0036108397328705553
75600,0.004155052934086653
79200,0.008256688920852264
