time,vpos
61200,0.011058297825118852
64800,-0.004990822192033669
68400,0.0076223658805674825
72000,0.01862195572069037
75600,0.002106560612090476
79200,0.005398570239940887
82800,0.00754325672676041
