time,vpos
64800,0.008790614589719147
68400,-0.004861351523490734
72000,0.010841363102198683
75600,0.017691679163352975
79200,0.00047990780202929265
82800,0.007149252675836108
86400,0.0085260042332216
