time,vpos
68400,0.007368718148602002
72000,-0.004596997327600415
75600,0.009305804850046394
79200,0.015958655449574248
82800,-0.0002451183195003469
86400,0.006060816127028103
90000,0.009354857288309778
