time,vpos
7200,5.386702387309366
10800,5.403242605496407
14400,5.438597410250817
18000,5.498816413853568
21600,5.608195496847321
25200,5.728988854998942
28800,5.7818075471921935
