time,vpos
7200,9.389554006735041
10800,9.419134593011492
14400,9.486897058939048
18000,9.559291474314419
21600,9.72420313761105
25200,9.917836466305713
28800,9.980770667428006
