time,vpos
72000,0.0061315388107986875
75600,-0.005333801893428936
79200,0.008934929582811755
82800,0.014422613004751828
86400,-0.00039248480427585194
90000,0.006522387437053858
93600,0.008005968728883006
