time,vpos
75600,0.004898217124236115
79200,-0.005644588097679587
82800,0.007854571098205547
86400,0.012840776798375924
90000,-0.0005761958987582451
93600,0.006151655238103673
97200,0.007240720354469301
