time,vpos
75600,0.00034855847473893014
79200,0.00016415261504826458
82800,1.1388440482391535e-05
86400,4.426678296923648e-05
90000,3.541741363961837e-05
93600,-3.6366098143355066e-05
97200,-9.806358323465796e-05
