time,vpos
79200,-0.00013321231790752773
82800,-0.0015659425682985504
86400,0.0009948025010453635
90000,0.008334632192214109
93600,-0.000764867459679877
97200,0.00096833452784641
100800,0.01514739053870049
