time,vpos
82800,0.0017773909713201803
86400,-0.005551668215562547
90000,0.005117753652036794
93600,0.008611808141092539
97200,-0.0011015315760409523
100800,0.0049425988284297695
104400,0.006195642384607656
