time,vpos
82800,0.00015291499120007192
86400,1.3737658965523445e-05
90000,8.159496344267338e-05
93600,0.00019227594850675594
97200,0.00019367899683368723
100800,0.00023993011463985882
104400,0.00018842453247148316
