time,vpos
86400,0.0002546990582930975
90000,-0.005373405655402269
93600,0.004064279740473726
97200,0.006550157395832885
100800,-0.0012024835118017191
104400,0.0045866397958140475
108000,0.005548491556852214
