time,vpos
90000,0.0009368398080219988
93600,-0.004302300961035662
97200,0.0036259312988166626
100800,0.007009928189961623
104400,-0.0009472442282211167
108000,0.0033556819860013345
111600,0.005832404480641502
