time,vpos
93600,16.97046835259831
97200,17.01493945823806
100800,17.102148915127668
104400,17.20350989553444
108000,17.31677675124189
111600,17.500199088028122
115200,17.628977198263833
