time,vpos
93600,12.600778667670415
97200,12.641459606287855
100800,12.723732893830569
104400,12.80775690085963
108000,12.905805228707706
111600,13.072118617325431
115200,13.182815336198859
