time,vpos
97200,16.65734611613262
100800,16.704045586509032
104400,16.805151730389454
108000,16.907118838935364
111600,17.082986866216608
115200,8.605119172134884
118800,-0.001056114186180916
