time,vpos
97200,12.568272149114081
100800,12.609362009256966
104400,12.692581257566166
108000,12.789771177439874
111600,12.954532455314972
115200,6.532211171103139
118800,0.00018914072359388752
