time,vpos
100800,15.404787686739896
104400,15.462616008924158
108000,15.548034498182078
111600,15.69312973869748
115200,-4.373784920576621
118800,-24.819027005081985
122400,-25.0798493568715
