time,vpos
100800,13.231505170078151
104400,13.275340908536798
108000,13.376781391097403
111600,13.549234549488029
115200,-12.204882314068003
118800,-38.541105857289736
122400,-39.00836412266677
