time,vpos
104400,12.175180815480195
108000,12.22780690511649
111600,12.38539676432274
115200,-23.90220178669503
118800,-61.03565572081744
122400,-62.50724301174905
126000,-63.23793868914599
