time,vpos
104400,13.852723176750098
108000,13.898026222825477
111600,14.049096164109317
115200,-16.75415097562985
118800,-48.17444512494148
122400,-49.17000623114176
126000,-49.65428722297804
