time,vpos
10800,5.331630096787785
14400,5.349992653138621
18000,5.409170490965356
21600,5.516796430799058
25200,5.635698208709626
28800,2.8438656649494716
32400,-5.7998363448775554e-05
