time,vpos
10800,9.502884305420151
14400,9.530001245855555
18000,9.627052889732731
21600,9.77342497290135
25200,9.94290305193714
28800,5.020005070604278
32400,0.004066389962471012
