time,vpos
108000,12.877085782555106
111600,12.988482728728506
115200,-23.596816274796247
118800,-61.03801719162507
122400,-62.50791419517694
126000,-56.59373878670186
129600,-49.95417134180562
