time,vpos
108000,10.971058118983693
111600,11.055256981164977
115200,-18.261528508216006
118800,-48.17213282032021
122400,-49.17028251647434
126000,-45.34277679147354
129600,-41.026741330860546
