time,vpos
111600,-7.486723073477158
115200,-27.57373497523104
118800,-48.17281003826249
122400,-49.171160841607254
126000,-45.34209490726775
129600,-39.39317650978598
133200,-37.75961168871091
