time,vpos
111600,12.854557744241182
115200,-23.720447507223934
118800,-61.03576353401744
122400,-62.506921553062064
126000,-56.5959692248963
129600,-40.24179051044688
133200,-30.529411367879476
