time,vpos
115200,-50.623243819584395
118800,-51.166995779672675
122400,-52.2270960349583
126000,-46.88509283050565
129600,-39.39317650978587
133200,-35.346476713685135
136800,-32.93334173865418
