time,vpos
115200,-60.15113238679325
118800,-60.89013596832387
122400,-62.358124498045456
126000,-56.520634181026864
129600,-40.24178702754702
133200,-30.343094564139957
136800,-30.156773989003167
