time,vpos
118800,-60.21578890451052
122400,-60.92791353347076
126000,-55.79711047232908
129600,-40.24180110079171
133200,-30.343108569582334
136800,-20.45037821458888
140400,-10.743958709369354
