time,vpos
118800,-56.05489604914422
122400,-56.6146914863797
126000,-49.10061412723767
129600,-39.39317650978301
133200,-35.346476713674924
136800,-28.84843686952968
140400,-24.763532000415385
