time,vpos
122400,-69.95424467318199
126000,-55.49049300235305
129600,-39.39317651039968
133200,-35.34647671368353
136800,-28.848436869789907
140400,-21.39468648230239
144000,-18.02584096311679
