time,vpos
122400,-59.24412185004195
126000,-54.599152858085574
129600,-40.24179666475568
133200,-30.343101040916853
136800,-20.45037661596766
140400,-7.158415445966135
144000,-3.572870278448502
