time,vpos
126000,-41.56058125045754
129600,-36.044999868833216
133200,-30.343107417654664
136800,-20.45037765645871
140400,-7.158413561131721
144000,-1.7864337853411298
147600,5.867641922836151e-07
