time,vpos
126000,-40.87377737161741
129600,-40.98881200506799
133200,-37.01859418858168
136800,-28.84843686952756
140400,-21.39468648176613
144000,-9.012755613243128
147600,0.00032973663566015013
