time,vpos
129600,-39.076287392093164
133200,-39.18625310891354
136800,-32.029875413075125
140400,-21.394686481771316
144000,-9.01209354420015
147600,-0.0017547725861994073
151200,-0.005163419898388271
