time,vpos
129600,-28.010570667909292
133200,-28.098321122477472
136800,-19.465015104354745
140400,-7.158413410319339
144000,-1.7864272548485105
147600,4.636670779547969e-06
151200,-4.4059362583343015e-06
