time,vpos
133200,-31.20040106993652
136800,-31.288403261352073
140400,-24.70112320794205
144000,-9.016546151304548
147600,0.0005434173739390397
151200,-0.002999477384584329
154800,-0.0143371290096651
