time,vpos
133200,-22.2293346354671
136800,-22.29904573443736
140400,-12.970812530626215
144000,-1.7864063791513525
147600,4.4295821149223855e-05
151200,1.054568469275431e-05
154800,-1.2030730799060076e-05
