time,vpos
136800,-13.25325373447231
140400,-13.291049276038436
144000,-6.664425387050954
147600,-7.297313870547804e-06
151200,-5.893019207777268e-06
154800,-1.661170244039459e-05
158400,-3.007549685844923e-05
