time,vpos
136800,-23.574257373457684
140400,-23.648376481200135
144000,-11.86266307297355
147600,0.002322539765733548
151200,-0.0011467507686434807
154800,-0.0025062220234149824
158400,0.004756694026437286
