time,vpos
140400,-9.399171404067537e-05
144000,-1.531892976041074e-05
147600,8.570365937771964e-06
151200,1.754286351786484e-05
154800,6.0588018287657226e-05
158400,3.0925125676153254e-05
162000,2.19730644570317e-05
