time,vpos
140400,-0.02075361161247792
144000,-0.0017318363464736823
147600,-0.004087988378497528
151200,-0.009902416409349987
154800,0.00600704329680218
158400,0.014610940217395356
162000,0.02286887669901199
