time,vpos
14400,10.036155742028674
18000,10.099885062755313
21600,10.264862700561626
25200,10.45529230086714
28800,5.266453505681265
32400,-0.014923243387448886
36000,-0.018279914044449022
