time,vpos
14400,6.106612409405604
18000,6.152919044902868
21600,6.275295221042382
25200,6.410466355725345
28800,3.2347864843296605
32400,6.755498321088819e-07
36000,-3.6677935988580737e-06
