time,vpos
144000,-0.014636415623478678
147600,-0.005568366725672969
151200,-0.00733162655253545
154800,0.011227578988176015
158400,0.009328772030126053
162000,0.0002654476757804153
165600,0.022491444544864396
