time,vpos
144000,0.00016149027833987434
147600,9.123803043426275e-05
151200,0.00014163937940483274
154800,6.991106793992346e-05
158400,-6.959367073712688e-06
162000,1.0278901261001116e-05
165600,-8.799430373173976e-05
