time,vpos
147600,0.0005653228310478983
151200,-0.0001340917811556774
154800,-0.0025598901822243537
158400,-0.0031233849965833127
162000,0.0016661267234194012
165600,-8.07260606840789e-05
169200,-0.005454201590284131
