time,vpos
151200,0.0050291731017556
154800,0.0006534609082121912
158400,0.002641556282435043
162000,0.0002791275687045201
165600,-0.00039987271490726285
169200,-0.0002274580331818759
172800,-0.00810227934934149
