time,vpos
151200,-0.00013852833041736736
154800,-0.00023831706643350886
158400,-9.513065410481902e-05
162000,0.000200982960506957
165600,0.0002115061869056525
169200,0.0001376687185724604
172800,0.00010644649010751752
