time,vpos
154800,-0.0027761569009832694
158400,-0.004079425757091399
162000,-0.00248905356932801
165600,-0.002316312579725698
169200,0.0017829763920890664
172800,0.0021903689763000294
176400,-0.004222427465572979
