time,vpos
158400,-0.027927841911853588
162000,-0.008770310887384739
165600,0.003884054781550124
169200,-0.0029841421821331406
172800,0.004576864022788149
176400,0.004272746656720772
180000,-0.003957408522417175
