time,vpos
162000,-0.033857105540704285
165600,-0.010565724749753473
169200,0.0005207013487806811
172800,0.0006465863879175375
176400,0.00876838092154982
180000,0.003272715757702432
183600,0.001986095791776276
