time,vpos
162000,-4.420654042273852e-08
165600,-1.4752333404425028e-07
169200,-1.3686370202922664e-07
172800,-2.8075751354771028e-08
176400,3.278729469932594e-09
180000,3.083036329108193e-09
183600,-3.3655612598499626e-08
