time,vpos
165600,-9.382274718839237e-05
169200,-4.634513716310516e-05
172800,-2.988619573340721e-06
176400,-9.963674664411939e-06
180000,-4.8556307885637335e-05
183600,-8.001548304014032e-05
187200,-7.573598762896635e-05
