time,vpos
165600,-0.03436591395987961
169200,-0.010100056746822385
172800,0.0021527060580062694
176400,0.004596523232940853
180000,0.010349369991156744
183600,0.0027748507556370487
187200,0.0039043963450646193
