time,vpos
169200,-1.3996489082776617e-05
172800,2.582499402456614e-07
176400,-1.858856325875289e-05
180000,-2.69013512106385e-06
183600,3.786153052712411e-05
187200,8.581614136137145e-06
190800,-1.2249987543327913e-05
