time,vpos
169200,-0.04353378726980935
172800,-0.00990647959159788
176400,0.005444646862588049
180000,0.005276678793705169
183600,0.012740371005446395
187200,0.003598915367166423
190800,0.005101980672287889
