time,vpos
172800,-0.043869723448591774
176400,-0.004711471379730036
180000,0.0062112434800876744
183600,0.003326565702531782
187200,0.015309553409530184
190800,0.003133907786348299
194400,0.004326133887656142
