time,vpos
172800,5.8820352185882545e-08
176400,7.295093454751058e-08
180000,9.165924155366198e-07
183600,1.592521892235425e-06
187200,9.646817356245176e-07
190800,-2.4637905309241894e-07
194400,-9.83181107127124e-07
