time,vpos
176400,-0.012609399585109957
180000,0.0037965496555595543
183600,0.000830795827161729
187200,0.005475002627313721
190800,0.011913258099896589
194400,-0.0008168801141570585
198000,0.004030636068425757
