time,vpos
176400,-8.366065153877413e-08
180000,-1.1895509758987812e-07
183600,2.702861225417457e-08
187200,9.604600858963979e-08
190800,-6.341536404654376e-08
194400,3.498970392112695e-08
198000,1.8059538496528976e-07
