time,vpos
18000,6.715379168629458
21600,6.797745719637864
25200,6.944083446756438
28800,3.5040223033860465
32400,1.4059512342507689e-05
36000,2.752727212555619e-05
39600,1.6919425053176824e-05
