time,vpos
18000,11.245276274782732
21600,11.373172464501376
25200,11.579327926823618
28800,5.828097155644824
32400,0.006312530356290705
36000,0.0004338498522709792
39600,-0.01315024914560773
