time,vpos
180000,6.297162274700168
183600,6.315137385874029
187200,6.351233547349561
190800,6.387554479167454
194400,6.424067666220395
198000,6.460637197327521
201600,6.478893422897928
