time,vpos
180000,0.00887891775539798
183600,0.0031966057424981298
187200,-0.017826875059869594
190800,0.003983800002082689
194400,0.019218769821956846
198000,0.003522038947983836
201600,0.009742182105556831
