time,vpos
183600,-1.5261848270574458
187200,-1.5326670895583947
190800,-1.5282490691825155
194400,-1.5326686710036408
198000,-1.5571728176632997
201600,-1.5561172243706136
205200,-1.545877369116223
