time,vpos
183600,6.101283714154867
187200,6.118728381965652
190800,6.1540732562530955
194400,6.18911257042377
198000,6.223999501612881
201600,3.1210463412071383
205200,0.00034535730629993726
