time,vpos
187200,5.544407152020154
190800,5.560258982574437
194400,5.592035288229091
198000,5.623924063549814
201600,-19.595151130641415
205200,-45.4629180630194
208800,-46.09564550098581
