time,vpos
187200,-0.9007989374454897
190800,-0.9037386767640533
194400,-0.9102928573334911
198000,-0.9135975590109949
201600,-37.69303072912827
205200,-75.74013083764747
208800,-77.00748803647602
