time,vpos
190800,4.708008918749433
194400,4.721247815414903
198000,4.747654203299886
201600,-33.32906311924762
205200,-72.42587687011375
208800,-74.54764804378351
212400,-75.66249028035419
