time,vpos
190800,0.6175964834838937
194400,0.6494818396139014
198000,0.6790271640600054
201600,-49.66165643381192
205200,-99.99999999999996
208800,-99.99999999999841
212400,-99.99999999999682
