time,vpos
194400,-1.8722633825600818
198000,-1.8788210767084998
201600,-50.94268938542715
205200,-99.99999999994138
208800,-99.99999999994269
212400,-99.99999999998144
216000,-99.99999999996287
