time,vpos
194400,2.782392397607973
198000,2.790337891301853
201600,-41.038127712935776
205200,-86.07220716745456
208800,-88.59435932133121
212400,-91.29444740581181
216000,-92.670051693003
