time,vpos
198000,-5.029708262175739
201600,-51.0280752962029
205200,-98.39553227671387
208800,-99.88230301013097
212400,-99.99998236811709
216000,-99.99997805070481
219600,-99.99997516223968
