time,vpos
198000,-6.459773976616649
201600,-53.22988698830818
205200,-99.99999999999972
208800,-99.99999999999389
212400,-99.99999999998307
216000,-99.99999999998126
219600,-99.99999999998444
