time,vpos
201600,-99.99999999374279
205200,-99.99999999552233
208800,-99.99999999755804
212400,-99.99999999768927
216000,-99.99999999186336
219600,-63.12675796048502
223200,-26.253515934807698
