time,vpos
201600,-99.99999999999659
205200,-99.99999999999437
208800,-99.99999999999538
212400,-99.99999999999852
216000,-99.99999999998907
219600,-79.27217296656663
223200,-58.54434593315352
