time,vpos
205200,-99.9999999999918
208800,-99.99999999999588
212400,-99.99999999999356
216000,-99.99999999998191
219600,-76.2628435993362
223200,-46.27682217544752
226800,-40.02795715219933
