time,vpos
205200,-99.99999719605262
208800,-99.99999859802205
212400,-99.99999999999022
216000,-99.99999929211218
219600,-65.17976221507826
223200,-22.423806043545962
226800,-14.488086241170805
