time,vpos
208800,-99.999999999999
212400,-99.99999999999942
216000,-99.99999994986194
219600,-67.40046338717733
223200,-24.773089743420584
226800,-10.142124852313213
230400,-5.53899709241583
