time,vpos
208800,-99.99999999999434
212400,-99.99999999999591
216000,-99.99999999999825
219600,-74.98848489569089
223200,-42.14165997752863
226800,-29.369908337497858
230400,-24.433466511321235
