time,vpos
212400,-99.9999999999985
216000,-99.99999999999925
219600,-73.6978174613791
223200,-39.673772165866595
226800,-25.760740499764278
230400,-9.784800129540532
234000,-2.8668527488916042e-05
