time,vpos
212400,-99.9999999999878
216000,-99.99999999991954
219600,-69.35152376981793
223200,-27.516545315887374
226800,-10.592911877343852
230400,-2.4278891866669774
234000,2.289363623815897e-06
