time,vpos
21600,12.145939104253545
25200,12.256059702091296
28800,6.182724873953772
32400,-0.0001094252861851212
36000,-0.0004984844247365047
39600,-3.6963355728101454e-05
43200,0.0014347435871490003
