time,vpos
21600,10.66587583276042
25200,10.737473277697104
28800,5.3935693618475415
32400,0.01852786420778856
36000,0.010362593367567962
39600,-0.010393624425254124
43200,0.017475291768640027
