time,vpos
216000,-99.99999997442717
219600,-82.6437380653148
223200,-40.04565689480517
226800,-9.257071200347266
230400,-1.8554564004802276
234000,-0.0013047471481083808
237600,-0.0020014606223994927
