time,vpos
216000,-99.99999999999983
219600,-72.41861377961261
223200,-37.652376840777144
226800,-24.129235363880817
230400,-8.895468683866808
234000,3.748986168186454e-06
237600,2.602731999037047e-07
