time,vpos
219600,-46.81366224135344
223200,-46.95974828953056
226800,-30.96970843310788
230400,-7.388806251367449
234000,0.0376530761602433
237600,0.0337551095941359
241200,0.04817409264097172
