time,vpos
219600,-50.662387471702395
223200,-50.80460592165132
226800,-26.576221469012655
230400,-1.107161391811309
234000,-0.0006004990297059619
237600,0.007345938923434122
241200,0.007188658708722753
