time,vpos
223200,-29.331618218767957
226800,-29.415410747603733
230400,-14.74981853191783
234000,-0.00031675971396865173
237600,-0.000146332700934892
241200,-5.260848294550141e-05
244800,-1.2283595809870656e-05
