time,vpos
223200,-28.498059618847556
226800,-28.58722262988822
230400,-14.337474783950585
234000,0.006910444545404497
237600,-0.0006782736145990781
241200,-0.002869113794911753
244800,0.00800313570247425
