time,vpos
226800,-2.161616181659859e-05
230400,6.162062638406606e-05
234000,0.00015321791141714969
237600,-8.712512596758941e-06
241200,-0.00010534282464414207
244800,0.00034723412592908186
248400,0.0007261504677033613
