time,vpos
226800,-0.00418664017746474
230400,-0.011591790559436056
234000,-0.007351429505744744
237600,0.002056576064123452
241200,0.0025460979558653597
244800,0.0010813744943699492
248400,-0.003110376724661801
