time,vpos
230400,-0.0037618220181694553
234000,-0.005355502455316058
237600,-0.0033847247249790295
241200,-0.0028727585471240917
244800,0.0026711717675555603
248400,0.00305398416698674
252000,-0.005159625737890427
