time,vpos
234000,-0.009420912844867872
237600,-0.010454080031985067
241200,-0.002512680573586848
244800,-0.0016773433327003007
248400,0.00231589716279293
252000,0.005171844786977349
255600,-0.004104677488960332
