time,vpos
234000,-1.6178602065132322e-06
237600,-8.420714876487315e-07
241200,-3.197142452209805e-07
244800,-2.113851154149677e-07
248400,3.116518356068788e-07
252000,-1.8457301273416648e-07
255600,-8.420742058542957e-07
