time,vpos
237600,-0.019462512941366437
241200,-0.0129405542823691
244800,0.0036309677743853845
248400,-0.0010354234836670634
252000,0.001806375913676611
255600,0.0075996111806230825
259200,-0.004164907605583713
