time,vpos
241200,0.007887804751523859
244800,0.00079326504067701
248400,-0.0007287591448506138
252000,-0.008768146674923918
255600,-0.011739522260706663
259200,-0.001098994791096878
