time,vpos
241200,-3.4982495579937847e-06
244800,-6.04631671884121e-06
248400,-1.6742598507311674e-06
252000,1.0675746227209032e-06
255600,-2.281624644080132e-06
259200,-1.4525343553757695e-06
