time,vpos
25200,19.636982680876525
28800,9.81756592595917
32400,-0.0009366424044845164
36000,0.0009705175444632273
39600,0.001549904218537628
43200,8.560934396939856e-05
46800,-0.0009650988094236318
