time,vpos
25200,11.465669878183297
28800,5.73673323907496
32400,0.0018951651690190176
36000,0.0033446009911546268
39600,0.006202051800072085
43200,-0.001275443937535475
46800,-0.004259519864320603
