time,vpos
28800,0.008811838523570847
32400,0.008992431204810315
36000,0.003251652337279797
39600,0.00803597473394424
43200,0.006795625659232658
46800,-0.0010661317758541536
50400,0.0030181538092050467
