time,vpos
28800,0.00024091876635797275
32400,0.00010083535041468637
36000,-2.7276323738899554e-05
39600,0.0002279711404841322
43200,0.0003474455109440047
46800,0.00012195311520487106
50400,2.026207143919619e-05
