time,vpos
32400,0.012858952420696367
36000,0.007509028918029737
39600,0.011946844019861357
43200,0.011649291469289478
46800,0.002347824602627949
50400,0.0010395267347960676
54000,-0.0010525954214444166
