time,vpos
0,0.003632500203450183
3600,0.006687560671695975
7200,0.0036384906814075743
10800,-0.00128728497752727
14400,-0.0001089301779279208
