time,vpos
3600,-0.010970637822574375
7200,-0.01342276754691341
10800,-0.023055354323631514
14400,0.0017784227159828238
18000,0.033792656807976225
