time,vpos
36000,0.010386196875504126
39600,0.00644061904258746
43200,0.002386394553380231
46800,-0.009183535257088489
50400,-0.020644818411266645
