time,vpos
39600,-0.004740833866618047
43200,0.005165641330314353
46800,-0.0022398835366584146
50400,0.00566815784556453
54000,0.03088819929169264
