time,vpos
43200,-0.0035548010384808186
46800,0.0028809667777445294
50400,-0.006192871946187771
54000,0.017961198709396272
57600,0.05762487590513796
