time,vpos
46800,0.010381482712127113
50400,0.0019975598197733684
54000,-0.0008784605090520403
57600,-0.006260319570976345
61200,-0.017150081196428985
