time,vpos
50400,3.086173994108635e-05
54000,8.619427879013545e-05
57600,-0.00015210024462387287
61200,-0.00054848337456885
64800,-0.0006512394422507697
