time,vpos
54000,2.2468166307151023
57600,1.1467661815926828
61200,0.017609925531940948
64800,-0.010261432820932984
68400,-0.009026984235484346
