time,vpos
57600,-0.004697356597470494
61200,0.00011503210020310552
64800,0.00812332286661454
68400,-0.010932211383458176
72000,-0.033183647702268726
