time,vpos
61200,0.003320776465057533
64800,0.0028562178222451867
68400,0.0023644090629413687
72000,0.001247248538997062
75600,0.00015733813154422682
