time,vpos
64800,0.0007113229265324523
68400,0.009543103885191292
72000,0.009299338213087356
75600,-0.0016163130218256345
79200,-0.0034564176259758474
