time,vpos
68400,0.0009364445481616643
72000,0.006650894015382242
75600,0.009961927592191862
79200,0.005205806368454885
82800,0.002853101035128866
