time,vpos
7200,0.00010816699583591604
10800,0.0051257940795162655
14400,0.007865859723932807
18000,0.002178227261616635
21600,-0.001231843761435728
