time,vpos
72000,0.0027459821661388146
75600,0.011756209335347287
79200,0.01389653315294108
82800,0.005261578264581312
86400,0.0034965267278362177
