time,vpos
75600,0.0024083778456665114
79200,0.009622942619906991
82800,0.011634910151384553
86400,0.005151045482073451
90000,0.0038697780555252675
