time,vpos
79200,0.002684564235645216
82800,0.007246608477368198
86400,0.008876461295236943
90000,0.004291946529373137
93600,0.002639623187363567
