time,vpos
82800,0.0026802440979099298
86400,0.00751345790775069
90000,0.008623919228949178
93600,0.0036434973091192704
97200,0.0023858278779316337
