time,vpos
86400,0.0018166465657151526
90000,0.00708517047241403
93600,0.008406435531481198
97200,0.0031035797899585547
100800,0.0017479828960676185
