time,vpos
90000,0.0017594673065771528
93600,0.006823706895959662
97200,0.007895176719707119
100800,0.0034216196266369367
104400,0.0029408322992018087
