time,vpos
93600,0.0017309454924136387
97200,0.0031050019085337214
100800,0.003864359168339324
104400,0.002283264491252055
108000,0.001316868970479266
