time,vpos
97200,0.015323177252456025
100800,-0.014444251107375222
104400,0.0033870927608771074
108000,8.544233436307697e-06
111600,-0.05096877652208807
