time,vpos
100800,11.9358792967965
104400,11.970039669228658
108000,12.055087115833471
111600,12.218912257041321
115200,12.331850324076518
