time,vpos
104400,13.650190281551048
108000,13.709867309577922
111600,13.884902386818732
115200,6.998404509820523
118800,-0.0034514163916231745
