time,vpos
10800,0.00010962419855299393
14400,0.0012212074605695757
18000,0.0016886332878326203
21600,-0.0009171349973039329
25200,-0.0028787458476869487
