time,vpos
108000,15.796945629593933
111600,15.905154389469944
115200,-11.323564225590193
118800,-39.145891482945025
122400,-39.63129136536372
