time,vpos
111600,26.03005441382063
115200,-17.86550328763415
118800,-62.53983887963801
122400,-64.09762363140558
126000,-64.87663049262407
