time,vpos
115200,-59.31366891782276
118800,-60.06200309925524
122400,-61.55979038947541
126000,-59.12519046182945
129600,-55.9411374253958
