time,vpos
118800,-59.39710156980067
122400,-60.12765320518514
126000,-58.39967113298098
129600,-44.17409119286641
133200,-32.407044960340485
