time,vpos
122400,-57.24878899465744
126000,-56.59496321002967
129600,-44.384501361035205
133200,-32.932617202791874
136800,-33.037369108915236
