time,vpos
126000,-44.24828022217012
129600,-38.53807769013673
133200,-32.932617158291954
136800,-24.761459347972732
140400,-16.4855595374649
