time,vpos
129600,-27.665788915204615
133200,-27.7188894691975
136800,-22.12877478032175
140400,-11.045963353466043
144000,-5.60636716947897
