time,vpos
133200,-31.646386663798193
136800,-24.065973102470213
140400,-11.045963355053518
144000,-2.7980865451041765
147600,0.010194078756451189
