time,vpos
136800,-13.89224093014845
140400,-9.749304049810373
144000,-2.8066453477752935
147600,-0.005248491456627013
151200,-0.003573456834962902
