time,vpos
140400,0.008936991640211755
144000,0.008778432411480276
147600,0.004942580080996606
151200,0.0010764448642519206
154800,0.0008876027492594248
