time,vpos
14400,0.01663639479238411
18000,0.010942994943903637
21600,0.006744297519126956
25200,-0.011666828989792825
28800,-0.0315726579224164
