time,vpos
144000,0.005540626308599313
147600,0.013399456941732592
151200,0.018405079572310096
154800,-0.0008652324072259965
158400,-0.017282336384206315
