time,vpos
147600,-0.01333912080241094
151200,0.004739788809372616
154800,-0.0004753003308772093
158400,-0.005587207586520881
162000,0.012594883909868829
