time,vpos
151200,-0.0024381375781337114
154800,0.006541303336009274
158400,-0.008645295047150125
162000,-0.005298295320419481
165600,0.022214743703613548
