time,vpos
154800,0.0113413749567131
158400,0.005048444120500773
162000,-0.018875467069022236
165600,-0.008591335479075918
169200,0.019323776464181076
