time,vpos
158400,0.012239579743839886
162000,0.006392551023730854
165600,-0.015540851500197905
169200,0.00215674328416319
172800,0.03594071187234401
