time,vpos
162000,0.00194411137005991
165600,0.0003467060360846339
169200,-0.019957724666929293
172800,-0.019630834627790025
176400,-0.0005969192196121089
