time,vpos
165600,-0.01234823930991131
169200,0.0017105653396161835
172800,0.02772434976465527
176400,0.007560680578875498
180000,-0.024557968382415866
