time,vpos
169200,-0.02024252277758217
172800,-0.002271686657658015
176400,0.017321505681328665
180000,-0.006514824440597293
183600,-0.03197351078158578
