time,vpos
172800,0.019065456958265174
176400,-0.01245854529994444
180000,-0.028837672019467596
183600,-0.007969032408972211
187200,-0.0022452683371632807
