time,vpos
176400,-0.00747668278235444
180000,0.0044070916463427885
183600,-0.0033208136621822306
187200,-0.003790549006434258
190800,0.015351395386535962
