time,vpos
18000,-0.0027860849174957776
21600,-0.002150325652336562
25200,-0.004348561817706212
28800,-0.0030713869787464955
32400,0.0010397832907420865
