time,vpos
180000,0.002583217058021187
183600,0.004131772456653719
187200,0.007657617551431197
190800,0.006500914357629185
194400,0.0033669214676822277
