time,vpos
183600,0.002851294328956033
187200,0.005035579511080151
190800,0.008140164868548827
194400,0.0060655587886704
198000,0.003070652533447419
