time,vpos
187200,0.8498422869074894
190800,0.8516485349803734
194400,0.8553166696014032
198000,0.8604705960435678
201600,0.8637626359375865
