time,vpos
190800,1.4128851191929523
194400,1.4117079021696783
198000,1.4293009963369332
201600,0.7402236604353001
205200,0.03237601334313772
