time,vpos
194400,0.6789573721295936
198000,0.6831867969362406
201600,-37.41616719889377
205200,-76.78444659977455
208800,-78.04914258001867
