time,vpos
198000,-6.243556203447388
201600,-53.121778101723315
205200,-99.99999999999895
208800,-99.9999999999988
212400,-99.99999999999895
