time,vpos
201600,-100.0
205200,-99.99999999998525
208800,-99.99999999998525
212400,-100.0
216000,-100.0
