time,vpos
205200,-99.99999999999997
208800,-99.99999999999427
212400,-99.99999999999415
216000,-99.99999999999983
219600,-99.99999999999996
