time,vpos
208800,-99.99999999999605
212400,-99.99999999999108
216000,-99.99999999999304
219600,-84.46872423891674
223200,-68.93744847783348
