time,vpos
212400,-100.0
216000,-99.99999999998184
219600,-80.22570735843426
223200,-51.94629975274482
226800,-43.44118478858481
