time,vpos
21600,-0.002243990175369447
25200,-0.015621005536282286
28800,-0.017910797348946583
32400,-0.012399900565872712
36000,-0.017976227331047385
