time,vpos
216000,-99.99999999999541
219600,-85.60015015194884
223200,-53.26079783332357
226800,-35.47713013307854
230400,-35.63296490341219
