time,vpos
219600,-53.40573796721796
223200,-53.59849917506728
226800,-46.94023390759566
230400,-20.044878017924823
234000,-0.0005486035749342148
