time,vpos
223200,-40.1372644707005
226800,-40.31587911075506
230400,-20.255477486550134
234000,-0.017431218254567803
237600,-0.01840121421850012
