time,vpos
226800,-35.84860840891966
230400,-17.932691738839402
234000,-0.022306531441888367
237600,-0.017971544623628946
241200,-0.008105095122626967
