time,vpos
230400,0.022553825429881217
234000,0.014383079863027254
237600,-0.017722093323911125
241200,-0.03459895930717874
244800,-0.027541397670361942
