time,vpos
234000,-0.007119980275838785
237600,-0.013172090008466803
241200,-0.006108957685914981
244800,0.012732226038089049
248400,0.018458167706913237
