time,vpos
237600,0.0061332982321753065
241200,0.006171531341734045
244800,0.0039038614635158674
248400,-0.0010993757737011614
252000,-0.003796710023141274
