time,vpos
241200,0.012762407727951765
244800,0.004559239412972892
248400,0.014378807168639304
252000,8.899084476370056e-05
255600,-0.03222356154975719
