time,vpos
244800,0.0005354140611546173
248400,-0.0021032572195509897
252000,-0.0004902752658682492
255600,0.0032538317346558626
259200,0.0027462855007916263
