time,vpos
248400,-0.004649182303387636
252000,-0.0015198629663703135
255600,-0.002412684705430069
259200,-0.006434825781507147
