time,vpos
25200,34.48612106163397
28800,17.254378829210626
32400,-0.0031792485291393764
36000,-0.023644526083259017
39600,-0.018293958320963078
