time,vpos
28800,0.0014945735858136239
32400,0.01070680077985551
36000,-0.015891748976672077
39600,-0.03726919717615022
43200,-0.022835868425058897
