time,vpos
32400,-0.0035236267563315757
36000,-0.002682749628398192
39600,0.0011348909866377066
43200,0.004228664221252285
46800,0.004345673968764348
