time,vpos
0,0.02492815876830529
3600,0.02744158843694279
7200,0.020599205465776746
10800,0.025301385739410986
14400,0.015981922078850245
18000,0.0008146918528238387
21600,0.009024918200795963
