time,vpos
3600,0.02016407356358475
7200,-0.0002135599375442947
10800,0.006772246392436687
14400,0.015209044984238848
18000,-0.013795896364200732
21600,-0.009581283830020037
25200,0.004711628813292376
