time,vpos
36000,-7.570484469290986
39600,-7.631050792312677
43200,-7.7465153241563804
46800,-7.8759807724192274
50400,-7.98559084497975
54000,-8.059154294031218
57600,-8.097674909963
