time,vpos
39600,-0.00011993435592960023
43200,-0.00015116275871056897
46800,-0.00019030531480228143
50400,9.284809948861887e-08
54000,1.8775988877969753e-05
57600,-0.0009080188276379142
61200,-0.0016551844687197653
