time,vpos
39600,-0.0012185192089526095
43200,0.005769775184722985
46800,0.004694239505209969
50400,0.001019668811387081
54000,0.0017576628785550262
57600,-0.0011260786295730428
61200,-0.0003585548255033346
