time,vpos
43200,-0.0001837083672111465
46800,-3.11596851378336e-05
50400,0.00015217696206038675
54000,0.00022261860178861552
57600,8.454899069730904e-05
61200,0.0001499704694088014
64800,0.0003931152338149216
