time,vpos
43200,0.008308096069724259
46800,0.007124640160074427
50400,0.00889931201389247
54000,0.0020245516629376304
57600,-0.005375947196374002
61200,-0.02657975211462168
64800,-0.05021594628798044
