time,vpos
46800,0.01434574401008458
50400,0.00911294137983411
54000,0.009628181805882721
57600,0.0181560718561593
61200,0.004537583372900377
64800,-0.017188934130772805
68400,-0.02251711615720957
