time,vpos
46800,2.8854150748861072e-05
50400,1.7878545171712916e-05
54000,-9.018226112861129e-06
57600,3.2723821916570575e-05
61200,4.500124226961699e-05
64800,0.00011758438524149531
68400,0.0002355533215971848
