time,vpos
50400,-0.0002331567759912
54000,-0.00043769957638789065
57600,-0.0003448887005909667
61200,-0.00010793059318244219
64800,0.00018711267822635693
68400,0.0004978026025660394
72000,0.0004530536867118326
