time,vpos
50400,19.959378100983635
54000,20.005428119556985
57600,10.024489974881561
61200,0.001203940918088019
64800,0.0009661775705141777
68400,-0.0026524524266851577
72000,-0.002331189791008199
