time,vpos
54000,0.0030286585824379378
57600,0.0005412841536608541
61200,-0.006333378117694726
64800,-0.0011026132106128268
68400,0.006627357890202381
72000,-0.0009770497443482317
75600,-0.006693375730053654
