time,vpos
54000,0.0001608223749770697
57600,0.0002024330817671913
61200,8.487264510588903e-05
64800,0.00014765241730303259
68400,3.880813628921803e-05
72000,-0.00016495642111671426
75600,-3.7925781860264615e-05
