time,vpos
57600,0.00012185580030681098
61200,0.00012223266790075717
64800,2.9773991675353245e-05
68400,5.386987739918088e-05
72000,0.00019383046142799204
75600,0.00019077253703221782
79200,0.00016468545815081018
