time,vpos
57600,-0.010826076619769578
61200,-0.004353548543461224
64800,-0.0037451399475984604
68400,-0.0002844460648273678
72000,0.0030316380587964557
75600,0.0010722421619578358
79200,0.005121575504712074
