time,vpos
61200,0.0011407878846654042
64800,-0.01050096094017297
68400,0.0068755727612954684
72000,0.013028198415326202
75600,-0.00013699605915506657
79200,0.007848195484547132
82800,0.006132924630454523
