time,vpos
64800,0.00944306776067751
68400,-0.0036968674561212406
72000,0.005409755624262035
75600,0.015174952026734537
79200,0.002555601697726237
82800,0.003871264456767041
86400,0.005324915650106619
