time,vpos
68400,0.006433861818559857
72000,-0.0037050522238666218
75600,0.007472306914266055
79200,0.01304341543620908
82800,-0.00011435968342368165
86400,0.004838360971619855
90000,0.007203692087680026
