time,vpos
7200,-23.876974851908944
10800,-24.013390545970008
14400,-24.385381963760786
18000,-24.97278422845413
21600,-25.854631430040076
25200,-26.805471650797504
28800,-27.226291210932608
