time,vpos
7200,0.0028735342300075547
10800,0.0038205515607683304
14400,0.00040591200178593487
18000,-0.0012688658214039666
21600,0.00035853238176121905
25200,0.0007396771615781261
28800,0.0021803028047831163
