time,vpos
72000,0.003229652429280743
75600,-0.003857567935641515
79200,0.004720291376786868
82800,0.006632320396389432
86400,-0.000576685914957364
90000,0.004816444832952035
93600,0.0036655312344601567
