time,vpos
75600,-0.0004942752580056509
79200,-0.003944232774676088
82800,0.00285940256206513
86400,0.004100513117826895
90000,-0.0009371103163177087
93600,0.0034807855090342264
97200,0.003923822470880875
