time,vpos
75600,-2.0281348382955388e-06
79200,-1.7941165842021865e-06
82800,3.0847624787984506e-07
86400,1.4458526820100196e-06
90000,-5.276685412827021e-07
93600,-2.74542911008299e-06
97200,-3.720866599449061e-06
