time,vpos
79200,-5.5765472593685206e-05
82800,-6.0147646824931634e-05
86400,4.147728819140926e-05
90000,-2.9364073890755197e-05
93600,4.1256519070540334e-05
97200,0.0001991220647044419
100800,0.00010951854604729616
