time,vpos
79200,0.0026526460336532805
82800,-0.0007669428535654415
86400,0.0037543287010834182
90000,0.007944313656486561
93600,0.0001233655267967477
97200,0.0007684966172254963
100800,0.005483700350879619
