time,vpos
82800,0.004021206922216075
86400,0.0011635465582881513
90000,0.008140726577552914
93600,0.007396929029132692
97200,-1.7377052647729878e-05
100800,-0.0004592525445272019
104400,-0.004065459886239163
