time,vpos
86400,0.009757563209547267
90000,0.0059664319749460435
93600,-0.0006500865611909071
97200,-0.008570729916172169
100800,-0.02004195435996201
104400,-0.017662714020322247
108000,-0.008907505290338175
