time,vpos
90000,-0.00029948167981008614
93600,-1.6788570236194028e-05
97200,0.0001810611467065366
100800,9.367169016928265e-05
104400,6.647774118581607e-05
108000,6.473499300007075e-05
111600,8.764012989169954e-05
