time,vpos
90000,0.005395626193515935
93600,-0.0005419523842043822
97200,0.004161218493326365
100800,0.003529462887902716
104400,-0.004591884765436414
108000,-0.0033238740286588046
111600,-0.00520702069921678
