time,vpos
93600,0.03637484593040593
97200,0.033485330835232675
100800,0.019692923243046997
104400,-0.008118085649649583
108000,-0.013778992506945684
111600,0.006733752796961589
115200,0.015999288562480805
