time,vpos
93600,12.015163744102884
97200,12.04949136098518
100800,12.118332798125145
104400,12.187657244009781
108000,12.257308757766614
111600,12.35593214410938
115200,12.41971464232228
