time,vpos
97200,12.728672056691526
100800,12.76516015326904
104400,12.838127734171923
108000,12.911429231834305
111600,13.0153538927273
115200,6.541242307680434
118800,2.807507758100504e-05
