time,vpos
97200,-1.1178681413890392
100800,-1.1422893108096879
104400,-1.192714858428149
108000,-1.2205112325397505
111600,-1.2583103995645526
115200,-1.308073849292045
118800,-1.3218301279085238
