time,vpos
100800,12.718999915063364
104400,12.755284727201516
108000,12.828169045929144
111600,12.931560254041962
115200,-5.2384721986409994
118800,-23.670253252446276
122400,-23.865210152045243
