time,vpos
100800,4.251344035577171
104400,4.296425551922346
108000,4.375430748339467
111600,4.461983616471398
115200,-24.689861163408363
118800,-54.7670357498774
122400,-55.63973636840669
