time,vpos
104400,12.295786395064056
108000,12.40973607552083
111600,12.672589671859502
115200,-24.385102325129854
118800,-62.58476191709802
122400,-64.39319292995992
126000,-65.20856026372492
