time,vpos
104400,13.475962960439405
108000,13.514666388083473
111600,13.623433492708486
115200,-17.69482244091236
118800,-49.4908294318799
122400,-50.360158663961116
126000,-50.821800515676586
