time,vpos
10800,-0.004926479433811268
14400,-0.0034825014637439398
18000,-0.0018382162554827933
21600,-7.452817505659921e-05
25200,0.0017473423036712002
28800,0.0014577375251004791
32400,0.000909643110034335
