time,vpos
10800,-34.691769868315085
14400,-35.016093177932994
18000,-35.88311197236829
21600,-37.15615759787634
25200,-38.5248791262673
28800,-39.611814178484025
32400,-40.060377843000445
