time,vpos
108000,37.78697659577215
111600,38.2244867464253
115200,-11.462526117567224
118800,-62.58754334974736
122400,-64.39552400205702
126000,-48.82585260377478
129600,-32.44869477071734
