time,vpos
108000,21.01813564461775
111600,21.130422063118935
115200,-14.16867888156294
118800,-49.993344702262625
122400,-50.87220303850402
126000,-51.64846340504595
129600,-51.95914389286311
