time,vpos
111600,67.48106231345606
115200,2.9447354171220406
118800,-62.58461524659877
122400,-64.39324183127614
126000,-48.82876970964063
129600,-19.938366407270237
133200,-7.428038043825952
