time,vpos
111600,11.76378366993279
115200,-20.176670234049993
118800,-52.55035969486359
122400,-53.47378922173033
126000,-54.29095113319066
129600,-54.77771487118412
133200,-54.93751066775319
