time,vpos
115200,-61.49982528988891
118800,-62.010549731660035
122400,-63.09915035287388
126000,-64.06097259363615
129600,-64.63559558209964
133200,-65.08424389192729
136800,-65.34221527461101
