time,vpos
115200,-57.322763824926234
118800,-58.23821069243591
122400,-59.9325422763322
126000,-46.58006088171905
129600,-21.78998287394482
133200,-11.162248401056111
136800,-11.193225824941834
