time,vpos
118800,-44.68509158087032
122400,-45.24939660800656
126000,-39.13119820293084
129600,-21.784659681049888
133200,-11.16221590993359
136800,-7.098180038688802
140400,-2.9925528488913318
