time,vpos
118800,-67.51310694168836
122400,-68.13808136905823
126000,-68.57193163264934
129600,-68.58193772017604
133200,-69.05593743644832
136800,-57.879813081167455
140400,-46.43081926091983
