time,vpos
122400,-38.02777928253858
126000,-35.23823702662683
129600,-21.792007612626048
133200,-11.162261665747486
136800,-7.0908778629272975
140400,-1.498860166365741
144000,-0.005167483834831593
