time,vpos
122400,-70.38059596359699
126000,-69.3815725096715
129600,-68.58277163446522
133200,-69.05508536004473
136800,-57.87900283983631
140400,-43.71048944193656
144000,-40.990149711105495
