time,vpos
126000,-67.45168203307276
129600,-67.6489125667719
133200,-68.1143606629998
136800,-57.4066997929927
140400,-43.71047628429985
144000,-20.49579369178641
147600,-0.0014561754299536331
