time,vpos
126000,-28.599273851525098
129600,-28.692928922640938
133200,-21.82998960945568
136800,-8.93297403702237
140400,-1.5202541418626627
144000,-0.019122789932544133
147600,0.009709854970074532
