time,vpos
129600,-63.90553303211792
133200,-64.15845115685303
136800,-55.42109683734255
140400,-43.71048224658588
144000,-20.495234488475077
147600,0.00021263130172867334
151200,0.0007541394788007047
