time,vpos
129600,-28.16380026935746
133200,-28.273280429721474
136800,-15.68765671948778
140400,-1.4949099224178288
144000,-0.01582985735486199
147600,0.0040572973541031
151200,0.04250731347234062
