time,vpos
133200,-29.85874909187409
136800,-29.95203210865236
140400,-15.022680995629045
144000,0.000249734985550916
147600,-0.003613385527746136
151200,-0.0033846830037227876
154800,0.001003740846604244
