time,vpos
133200,-41.01861063098753
136800,-41.18072734673108
140400,-41.16649830844488
144000,-20.495032762861335
147600,5.057162549040992e-05
151200,1.2259536977153256e-05
154800,1.0404515429913825e-05
