time,vpos
136800,-12.848499042018924
140400,-12.885325357812444
144000,-6.460893330920907
147600,-0.00022883043295195544
151200,-0.0004320458584087207
154800,-0.00014373183092558726
158400,-0.0002460445750852706
