time,vpos
136800,-17.466853684849074
140400,-17.531011887460828
144000,-8.792201331904034
147600,-0.0002564299374518622
151200,-0.00986518248978767
154800,-0.003435550799949641
158400,0.0015789772402591534
