time,vpos
140400,-0.018358177793667337
144000,-0.0022009715964980254
147600,-0.004517482485765412
151200,-0.013022211501558542
154800,0.012263344803920646
158400,0.011184502782581235
162000,-0.005210907473593798
