time,vpos
14400,-30.697762331950827
18000,-31.157052326000823
21600,-32.243420186653836
25200,-33.42649746065456
28800,-34.405622153076656
32400,-35.176342079088755
36000,-35.52393672007645
