time,vpos
144000,-0.012138949026129766
147600,-0.005588543199705509
151200,0.0016871088510858482
154800,0.003825263154567561
158400,0.002159174297913298
162000,0.001074225348713929
165600,0.003068273335283438
