time,vpos
147600,-2.8373503211481484e-05
151200,-7.990417925015023e-05
154800,-5.120163531106376e-05
158400,2.387529187745147e-05
162000,4.031290635618169e-05
165600,-1.8590634248490404e-05
169200,-9.90880821211327e-05
