time,vpos
147600,-0.00876144978556968
151200,-0.008280390060370334
154800,-0.00616407676185505
158400,-0.0006877053644802137
162000,-0.000850084492280936
165600,0.0006340245634717735
169200,0.0061216305710841004
