time,vpos
151200,-0.01424129580498792
154800,-0.006637158549375937
158400,0.00410934912169203
162000,0.0035139067589843014
165600,-0.0005407540708024616
169200,0.0019124344522263015
172800,0.004682471026878115
