time,vpos
154800,-0.008204615260297622
158400,-0.005477043379660288
162000,0.001146981525194317
165600,0.005218763010202257
169200,-0.0025214816505262456
172800,0.0017371617928207917
176400,0.013911378357687
