time,vpos
154800,1.2618159966645655e-08
158400,1.3341270160998578e-07
162000,-1.6905047420127326e-08
165600,-2.9961996406243057e-07
169200,-9.108589387944237e-08
172800,7.652419994608354e-08
176400,2.3997597619771223e-08
