time,vpos
158400,-0.015776513844757506
162000,-0.004210933873500976
165600,-0.011625293723894706
169200,0.006017993843935438
172800,0.017795995425924752
176400,0.0014589575461586876
180000,0.009967145473883715
