time,vpos
158400,6.714428721753023e-08
162000,-1.7658513465903372e-08
165600,-3.744033457070477e-08
169200,1.5567860325439157e-08
172800,-1.6779492650706995e-08
176400,-6.164382063319959e-08
180000,-8.61735803220343e-08
