time,vpos
162000,0.0015368063310385585
165600,-0.0017361280319335248
169200,-0.004637010912879067
172800,-0.0037901142976172935
176400,0.0019015671449539029
180000,0.0009741775082932447
183600,-0.005170048437703377
