time,vpos
165600,-0.0027156512503809923
169200,-0.0065792915836516575
172800,-0.004754209172282072
176400,-0.0036449318929128094
180000,0.002792525226070244
183600,0.004686084163881072
187200,-0.004437259482562142
