time,vpos
165600,0.00027928554168873856
169200,0.0006389807115592979
172800,0.00019679891410091902
176400,-0.0004380111603326077
180000,-0.00021102301895751691
183600,1.0139310853796204e-05
187200,0.00017138039218543002
