time,vpos
169200,0.00017455083182843061
172800,0.00013945428233164616
176400,-7.274221684512339e-05
180000,-2.1164005494443797e-05
183600,7.570188230379461e-05
187200,-0.0001027467787478904
190800,-0.00014938316656714913
