time,vpos
169200,-0.015546518904342742
172800,-0.015496389131981873
176400,0.0008266298233221259
180000,-0.00051953224722376
183600,0.003051419262038713
187200,0.010162687029890722
190800,-0.003916047965008755
