time,vpos
172800,-5.279710632938909e-05
176400,-3.396320110445506e-05
180000,-1.6334458720466112e-05
183600,2.1389614683974297e-06
187200,5.098529964429424e-06
190800,-6.446589314626615e-06
194400,-1.272694059906024e-06
