time,vpos
172800,-0.04940867297474655
176400,-0.010520462391394862
180000,0.010452342641876144
183600,0.009537510543194228
187200,0.01495777136903403
190800,0.005980200055108605
194400,0.008582941366742144
