time,vpos
176400,-3.786533344870852e-05
180000,-0.0002536558580305549
183600,-0.0003543290781875334
187200,-1.8451674212789822e-05
190800,0.0008023828976984656
194400,0.00013154919337657702
198000,-0.0011393589833066913
