time,vpos
176400,5.732350525851663e-05
180000,4.1601759707833796e-05
183600,-0.00015727656533491726
187200,-0.0002752014186875472
190800,-8.175629015486076e-05
194400,0.0001520758600219958
198000,0.0002576946078056043
