time,vpos
18000,-24.968172203780405
21600,-25.479336593862634
25200,-26.420016415233437
28800,-27.152138643251757
32400,-27.744656079790296
36000,-28.285008551437773
39600,-28.535450383276455
