time,vpos
18000,8.659395035095354
21600,8.773502884874013
25200,8.953560757046649
28800,5.678827626286359
32400,2.345438537730117
36000,2.359440400997017
39600,2.366148199665887
