time,vpos
180000,4.599131424815683
183600,4.612320985664212
187200,4.6389058478008804
190800,4.6675348734111095
194400,4.699522227906248
198000,4.729087996320801
201600,4.741900134562304
