time,vpos
180000,0.00592549788185356
183600,-0.0015962643671235792
187200,-0.007509354676861424
190800,0.000985404175324848
194400,0.0057692984056079595
198000,0.0027703795847679093
201600,0.0018736534465917257
