time,vpos
183600,-21.12135779713606
187200,-21.253395909685963
190800,-21.44623363180235
194400,-21.56847260721721
198000,-21.802621546491473
201600,-43.73235240345691
205200,-65.48937368699646
