time,vpos
183600,4.190867213152504
187200,4.201998912871819
190800,4.219495832325821
194400,4.243324259672498
198000,4.275481214963744
201600,2.1449461580245908
205200,-0.00028264659382008263
