time,vpos
187200,-13.830993636368902
190800,-13.872009630431537
194400,-13.951803283876751
198000,-14.100287932446859
201600,-57.10499746081717
205200,-99.99999999999451
208800,-99.9999999999891
