time,vpos
187200,3.5274978405026984
190800,3.5576581183654183
194400,3.5631108567925924
198000,3.575792171026728
201600,-7.815963881929577
205200,-19.45025296429055
208800,-19.655397140025528
