time,vpos
190800,-17.179988619860197
194400,-17.228064843242368
198000,-17.41160487225701
201600,-58.773534338944685
205200,-99.99999999971716
208800,-99.999999999463
212400,-99.99999999949159
