time,vpos
190800,1.6663323825876537
194400,1.6714884840805695
198000,1.6818761899546797
201600,-22.41927821599593
205200,-47.059877362263485
208800,-48.18292911050792
212400,-48.77176772281661
