time,vpos
194400,-21.33577839029519
198000,-21.506729934196727
201600,-60.8388407388059
205200,-99.9999999997454
208800,-99.99999999998188
212400,-99.99999999999048
216000,-99.99999999999447
