time,vpos
194400,-0.42996275696445835
198000,-0.4312954772710943
201600,-27.174157732979204
205200,-54.53728672539144
208800,-55.84914705917146
212400,-57.13732257788081
216000,-57.73523721982093
