time,vpos
198000,-32.815067040736395
201600,-60.24781213459559
205200,-89.88675553085194
208800,-94.41476471959403
212400,-98.36828780296949
216000,-100.0
219600,-100.0
