time,vpos
198000,-14.376867421723027
201600,-34.14792924171599
205200,-54.53803784487614
208800,-55.84358703354291
212400,-57.13654194687461
216000,-56.24187305172281
219600,-54.740751648738886
