time,vpos
201600,-99.9999999999292
205200,-99.99999999972621
208800,-99.99999999929636
212400,-99.99999999924938
216000,-99.99999999960896
219600,-99.99999999945375
223200,-99.99999999911888
