time,vpos
201600,-58.64444187292822
205200,-59.31800479101561
208800,-60.737771304376345
212400,-62.14052713167282
216000,-58.768915506216025
219600,-31.93385340389035
223200,-9.126955159044615
