time,vpos
205200,-99.99999889449596
208800,-99.99999898395748
212400,-99.99999897389867
216000,-99.99999840620633
219600,-99.99999686793979
223200,-90.06639652056192
226800,-80.13279724327865
