time,vpos
205200,-73.23532179358565
208800,-74.14173032194644
212400,-75.85523815303617
216000,-65.70154455225143
219600,-31.933853403895434
223200,-6.568227909614096
226800,-4.009500660175113
