time,vpos
208800,-96.45065065841992
212400,-97.48073750468504
216000,-76.6257879998416
219600,-31.933853403889113
223200,-6.568227909606965
226800,-1.9993326562908174
230400,0.010835347587108196
