time,vpos
208800,-99.9999999970656
212400,-99.9999999968476
216000,-99.99999999636388
219600,-99.99999998476224
223200,-84.50706458004899
226800,-69.29637187425655
230400,-69.57861456184143
