time,vpos
212400,-99.9999999416546
216000,-99.99999993749356
219600,-99.99999990801756
223200,-79.76669877983542
226800,-59.82069424479973
230400,-30.054303504392976
234000,-0.0006161961547328437
