time,vpos
212400,-95.8820357168258
216000,-96.66827112963401
219600,-53.29073085074524
223200,-6.568227909582356
226800,-1.9853904914560432
230400,0.033972917099635076
234000,0.029226156994906043
