time,vpos
21600,29.166117122879136
25200,29.38235543387252
28800,16.06829562350337
32400,2.5459276557748116
36000,2.561143788733514
39600,2.5757555894212283
43200,2.583081410784222
