time,vpos
21600,5.071074084648516
25200,5.1253529288325606
28800,-13.572823904331013
32400,-32.67961074436625
36000,-33.30256780485692
39600,-33.846365077441895
43200,-34.12153645222383
