time,vpos
216000,-85.99928152787993
219600,-83.75017040798237
223200,-42.755279974124946
226800,-2.0076001164115493
230400,-0.006379407229884312
234000,0.0029115629548602234
237600,0.012882367711467837
