time,vpos
216000,-93.71490121898331
219600,-95.34308318519953
223200,-73.64227054025028
226800,-50.53939544323307
230400,-25.37618386901283
234000,-0.02256304885544343
237600,-0.0582733170665248
