time,vpos
219600,-84.03957492419069
223200,-84.2783952191907
226800,-42.262859802847
230400,0.00231889449415753
234000,0.00942708051388405
237600,0.010333793278935216
241200,0.014955306021688528
