time,vpos
219600,-41.12638456571654
223200,-41.401656145801255
226800,-41.87291907287495
230400,-21.034500648680705
234000,-2.951056849733709e-06
237600,2.8340157222574735e-05
241200,-2.829506932989868e-05
