time,vpos
223200,-0.038571655332411095
226800,-0.03867344368940004
230400,-0.01937011352609853
234000,3.8821662177815815e-05
237600,9.789329579319768e-05
241200,0.00011590484386131113
244800,7.866142629993647e-05
