time,vpos
223200,-45.87729349523831
226800,-45.998093006407636
230400,-23.0726250010167
234000,-0.0004994614974636698
237600,0.012639508005635562
241200,0.0019764827128356767
244800,0.004032510875916413
