time,vpos
226800,-4.379909434530389
230400,-2.2092343684584668
234000,-0.0033915198367050247
237600,0.03551427339207314
241200,0.0034514118693534956
244800,-0.0030910112980207425
248400,0.02616743773626328
