time,vpos
226800,0.0004348545940816473
230400,7.293746157909798e-05
234000,-0.00030981269208731033
237600,-0.0008667313730904262
241200,-0.000674835864512919
244800,5.739009485049038e-05
248400,6.163488579713554e-05
