time,vpos
230400,-0.00018076075120538717
234000,-0.0002025509011485107
237600,-0.0001747975157009831
241200,8.770185692785901e-05
244800,7.45210334343015e-05
248400,-0.00037890693034475076
252000,-0.0006061982333920546
