time,vpos
230400,-0.0012603646752909136
234000,-0.0003521939564605658
237600,-0.0012980362893929155
241200,-0.00347540623054727
244800,0.0013643057535785712
248400,0.0008624701435846842
252000,-0.0048024343399267
