time,vpos
234000,0.0011272832718729336
237600,0.00015143316868286642
241200,-0.0021965090216945742
244800,-0.0034352871860003436
248400,0.0012401017116858975
252000,0.0007363142341675018
255600,-0.004309548218155531
