time,vpos
237600,-0.005096579687279879
241200,-0.0013411339347014855
244800,-0.0012937947251456772
248400,-0.004719473802541847
252000,0.002015053682353745
255600,0.0011522929848489386
259200,-0.006162567731925043
