time,vpos
237600,-0.0001845513242775069
241200,-0.00012392464112061957
244800,-8.746050155349219e-05
248400,-6.327082704249873e-05
252000,-7.35076583942742e-06
255600,7.238390836163903e-06
259200,1.4259704409437301e-05
