time,vpos
241200,-0.00018424495580042098
244800,-1.3591854102907363e-05
248400,0.0004017507893519851
252000,0.0002792008820160488
255600,-8.274205807854245e-05
259200,-7.744554907981855e-05
