time,vpos
241200,-0.00018304001063295077
244800,-0.00014342196450883353
248400,6.796718593269578e-05
252000,-4.4196048674404556e-05
255600,-0.0001937430843419349
259200,-5.935578108495283e-05
