time,vpos
25200,99.99999999999976
28800,33.36413547043813
32400,-33.625858075521535
36000,-34.2838935658174
39600,-34.880274886657695
43200,-35.42811118336525
46800,-35.68347263313036
