time,vpos
25200,36.895240868188225
28800,19.865953927548432
32400,2.8455247945262907
36000,2.862546756089484
39600,2.878888488218225
43200,2.8953608536723667
46800,2.9036556409433105
