time,vpos
28800,2.8618775964168406
32400,2.870673581200032
36000,2.8876350748938475
39600,2.904406864771277
43200,2.921016674839272
46800,2.937418996855922
50400,2.945817789771383
