time,vpos
28800,-27.699898401257606
32400,-28.005110751475744
36000,-28.5519073627913
39600,-29.04676297409464
43200,-29.52649561865591
46800,-29.965072068473237
50400,-30.17718722393521
