time,vpos
32400,-14.981301747926057
36000,-15.111222677274549
39600,-15.378126857600783
43200,-15.61960819668155
46800,-15.852174989643677
50400,-15.077799322759747
54000,-14.175354951016713
