time,vpos
32400,0.4656031246777031
36000,0.4669444325781409
39600,0.46961403322969675
43200,0.4722949377353512
46800,0.47499877475464125
50400,0.47771796828011626
54000,0.4790859365408374
