time,vpos
50400,0.0035460554045872836
54000,0.004186329103015397
57600,0.004826602801443511
