time,vpos
68400,-9.621956342797944e-07
72000,-1.038864585762439e-06
75600,-1.1155335372450836e-06
