time,vpos
86400,-0.0006350360359963785
90000,-0.0004407572606666627
93600,-0.00024647848533694685
