time,vpos
90000,-2.277283439947042e-08
93600,-2.0265000476304973e-07
97200,-3.8252717512662904e-07
