time,vpos
93600,-0.012256884635166061
97200,0.002329745549710721
100800,0.016916375734587503
