time,vpos
100800,4.345511658181608e-05
104400,-0.00019957232399929416
108000,-0.00044259976458040437
