time,vpos
108000,23.671527897997212
111600,23.8683542411559
115200,24.065180584314586
