time,vpos
122400,-68.29534614052466
126000,-56.863178871022704
129600,-45.43101160152075
