time,vpos
126000,-40.72289424203639
129600,-40.85362557353438
133200,-40.98435690503238
