time,vpos
136800,-17.995850197099365
140400,-18.04725099739394
144000,-18.098651797688515
