time,vpos
154800,-1.183051144895697e-05
158400,-0.0025235456254897658
162000,-0.0050352607395305745
