time,vpos
158400,-7.6937721689909e-05
162000,-3.515389920144596e-05
165600,6.629923287017079e-06
