time,vpos
165600,0.00214048457550073
169200,0.0016910102286020988
172800,0.0012415358817034674
