time,vpos
18000,0.0046901583905197865
21600,0.0029602264234203737
25200,0.0012302944563209609
