time,vpos
180000,2.510581493045394e-06
183600,-1.2311825943358938e-05
187200,-2.713423337976327e-05
