time,vpos
187200,4.738430296712115e-05
190800,-0.00012048300840335029
194400,-0.0002883503197738217
