time,vpos
190800,-3.054774065213567e-07
194400,-1.527989892522431e-05
198000,-3.0254320443927265e-05
