time,vpos
198000,5.285400193674278
201600,2.6426991448714237
205200,-1.9039314305691057e-06
