time,vpos
205200,-99.99999999999186
208800,-99.99999999998812
212400,-99.9999999999844
