time,vpos
212400,-99.99999999999974
216000,-99.99999999999922
219600,-99.99999999999869
