time,vpos
28800,0.004970874926096889
32400,-0.002382849555929395
36000,-0.009736574037955678
