time,vpos
0,0.0010086721350544264
3600,0.0031948964377874556
7200,0.0020088600451102657
10800,-0.0008655204150916865
14400,-0.00036764017988342047
