time,vpos
3600,-0.0036212379542656537
7200,-0.01979248015899391
10800,-0.0352084877187381
14400,0.001693613369561258
18000,0.03784047981287655
