time,vpos
36000,-0.0028455366302055675
39600,-0.0040659653096719464
43200,-0.010963054996733858
46800,0.003618582383658495
50400,0.023876880771646382
