time,vpos
39600,0.03216590902887587
43200,-0.011766637778173454
46800,-0.024865570467071958
50400,0.003436335828496304
54000,0.0009046280059137415
