time,vpos
43200,0.0009617948886140627
46800,0.01031460593444241
50400,0.0023109481315572874
54000,0.0007231152215919596
57600,0.0164917511603401
