time,vpos
46800,0.034765032714224056
50400,-0.017067479175353655
54000,-0.027360531938671842
57600,-0.007258373341372741
61200,-0.028695673870333168
