time,vpos
50400,1.650014667428472e-05
54000,-0.0003583848749483601
57600,-0.0012105155000431997
61200,-0.001834627791524418
64800,-0.001981494479533441
