time,vpos
54000,0.016302192840367616
57600,0.016105842822489905
61200,0.002481994760358659
64800,-0.004136234552396182
68400,0.0026730341791025153
