time,vpos
57600,-0.007126247467377527
61200,-0.007913092614493883
64800,-0.023662823986387877
68400,-0.01162208757736752
72000,0.015381535056430477
