time,vpos
61200,0.006929922407939923
64800,0.00435774014215716
68400,0.0012784270947452413
72000,-0.0004324076579924525
75600,-0.0016361116291009918
