time,vpos
64800,0.0013363633300904842
68400,-0.004640235592881517
72000,-0.011648192530562786
75600,-0.006254348695172978
79200,0.00017085315492609918
