time,vpos
68400,-0.007124961720142366
72000,0.0085978119834147
75600,-0.005846734484662644
79200,-0.002065959289580116
82800,0.03188213607713682
