time,vpos
7200,0.00928138985135541
10800,0.014334215564070267
14400,-0.007738149788684179
18000,-0.022985639461186546
21600,-0.011107938068219608
