time,vpos
72000,0.002439548151105501
75600,0.008375758354279159
79200,0.01057009910375249
82800,0.003825989176121133
86400,0.0008237487021901021
