time,vpos
75600,0.0015656926646909638
79200,0.0007196194298410887
82800,-6.654838725867412e-06
86400,-7.638256155689593e-05
90000,-0.00026590925067084323
