time,vpos
79200,0.008500910293111756
82800,0.012816979543411221
86400,0.008623675091133003
90000,0.0011863690922198555
93600,0.002258436795884392
