time,vpos
82800,0.0037226454604259414
86400,0.005494672674384592
90000,0.005270579695218221
93600,0.002404702387808096
97200,0.0015349452735229953
