time,vpos
86400,0.0017114714869828763
90000,0.0044524187755938735
93600,0.005183922660868763
97200,0.0013494609273333625
100800,-0.00047555740286593
