time,vpos
90000,-0.0022791401698558185
93600,0.020451778036427233
97200,0.006746436662605635
100800,-0.04470619862951826
104400,-0.05972257434153751
