time,vpos
93600,-0.0013960881652624125
97200,-0.0038710697956434105
100800,-0.02313383664276091
104400,-0.009498531161078513
108000,0.020924559537340383
