time,vpos
97200,0.0018085359681557312
100800,0.007504876214210783
104400,0.009294964420864079
108000,0.0035536016567084853
111600,0.0017184909319546476
