time,vpos
100800,13.418686985981784
104400,13.481395215335274
108000,13.604341955888843
111600,13.790602006039752
115200,13.916623544990578
