time,vpos
104400,16.531875837198744
108000,16.60185011677331
111600,16.80185560937956
115200,8.463588634874732
118800,-0.004709552661785396
