time,vpos
10800,0.039221113024118195
14400,0.03370601354633764
18000,0.001802845923188891
21600,-0.011760618859968201
25200,0.0010639845022428988
