time,vpos
108000,18.532289561023763
111600,18.701322233581248
115200,-6.841297567298358
118800,-32.91715216276378
122400,-33.281354284792094
