time,vpos
111600,7.565215054166358
115200,-26.441207599147543
118800,-61.055361910197384
122400,-62.460494710200166
126000,-63.25789585246698
