time,vpos
115200,-62.35556685060521
118800,-63.0566051821194
122400,-64.50242524015898
126000,-62.103823922062126
129600,-58.96044087743989
