time,vpos
118800,-64.95308176752376
122400,-65.71286536140776
126000,-62.71654491636682
129600,-46.14655287990976
133200,-33.332664882377664
