time,vpos
122400,-69.82703155986144
126000,-64.3937362186502
129600,-46.68419958625614
133200,-34.52927490991854
136800,-34.65059152476375
