time,vpos
126000,-39.699564041702914
129600,-37.054431429359916
133200,-34.529283313210534
136800,-23.493104250710108
140400,-12.336940692016062
