time,vpos
129600,-27.717677387089296
133200,-27.82058991088633
136800,-20.13022156335271
140400,-6.168177335009191
144000,0.0005860220036689066
