time,vpos
133200,-30.875819081336825
136800,-21.606379886681204
140400,-6.161474483491404
144000,0.004250447946607348
147600,-0.005490829149563383
