time,vpos
136800,-7.487968358276577
140400,-3.7467304226597533
144000,0.0008729867372022368
147600,-0.0037925228204697503
151200,-0.014823506158273134
