time,vpos
140400,0.028233297784854103
144000,0.013321429826296482
147600,0.00037723947189954757
151200,-0.010447260938338808
154800,-0.023239438952737848
