time,vpos
14400,15.065938754133612
18000,15.161558147279997
21600,15.397146551142532
25200,15.610910787190358
28800,15.684706012522035
