time,vpos
144000,-0.01640769771477434
147600,0.013979945977923973
151200,0.027902374936659816
154800,0.005492337396956614
158400,-0.00045248540878411374
