time,vpos
147600,-0.007502924915053083
151200,0.017007276700354342
154800,0.03043466147953297
158400,-0.001240178992783017
162000,-0.021832202628870208
