time,vpos
151200,-0.01633691308444219
154800,0.003960707874806288
158400,0.0012753347908372554
162000,-0.005176809551290325
165600,0.011354040149799606
