time,vpos
154800,-0.008297454570041399
158400,-0.0014493902317681143
162000,0.009156945268738982
165600,-0.0004401779230543061
169200,-0.013795572277081405
