time,vpos
158400,-0.002088087825189962
162000,-0.0036460407074358206
165600,0.002027191990886754
169200,0.004839579788339376
172800,0.00042078200522356396
