time,vpos
162000,-0.0003302471919453226
165600,-0.003157854797800297
169200,-0.0020441356871425155
172800,0.005486506219392343
176400,0.009075821409414446
