time,vpos
165600,8.06589951550406e-05
169200,0.0004741891566447315
172800,0.0005151044488009015
176400,-9.383117611008745e-05
180000,-0.0003501519316875553
