time,vpos
169200,-0.01383225082575166
172800,-0.0038635948036088866
176400,0.0190868050578864
180000,0.0017000805329659926
183600,-0.028668387831306923
