time,vpos
172800,0.0035504408785250988
176400,-0.0002234374210496675
180000,-0.02005683194366266
183600,-0.026374104686506028
187200,-0.01663186120631117
