time,vpos
176400,-0.015550005690000146
180000,0.005997755228184191
183600,0.0020922593104658743
187200,-0.009122168713711961
190800,0.005116660098012857
