time,vpos
18000,18.502491537410933
21600,18.67434676788965
25200,18.948536469225395
28800,9.518383053632858
32400,-0.01410483281671
