time,vpos
180000,-0.0011770473864395616
183600,0.006555406531856073
187200,0.021689088374015585
190800,0.01667646236503555
194400,0.004262608432191634
