time,vpos
183600,-0.04172776931215286
187200,-0.0031509140293301758
190800,0.02525108951674648
194400,-0.018989432731678746
198000,-0.053055103243357944
