time,vpos
187200,-0.005571818232775257
190800,0.009645418532019332
194400,0.03753227016592842
198000,0.015766416734470434
201600,-0.01866905156610206
