time,vpos
190800,-9.160228254025455
194400,-9.170606101967635
198000,-9.235068901261007
201600,-18.658948164350008
205200,-28.02874247608782
