time,vpos
194400,-11.594446212841236
198000,-11.669574217959765
201600,-55.872351111537974
205200,-99.99999999999842
208800,-99.99999999999916
