time,vpos
198000,-30.819096804005603
201600,-65.40954840199136
205200,-99.99999999998855
208800,-99.99999999999658
212400,-99.9999999999932
