time,vpos
201600,-100.0
205200,-100.0
208800,-99.99999999997549
212400,-99.99999999994246
216000,-99.99999999993395
