time,vpos
205200,-99.99999999992491
208800,-99.99999999996245
212400,-100.0
216000,-99.99999999995653
219600,-99.99999999991304
