time,vpos
208800,-99.99999999999967
212400,-99.99999999999882
216000,-99.9999999999983
219600,-83.74881169715871
223200,-67.49762339431882
