time,vpos
212400,-99.99999999999994
216000,-99.9999999999955
219600,-78.36277743556221
223200,-44.02367244622302
226800,-31.32179002131264
