time,vpos
21600,21.877281047264
25200,22.003946107645483
28800,11.067548324868206
32400,-0.0006126426971926622
36000,-0.005710767103826641
