time,vpos
216000,-99.99999999998228
219600,-74.9088102213393
223200,-36.00562087241554
226800,-22.274207074568526
230400,-22.35479284700227
