time,vpos
219600,-28.346639395293273
223200,-28.44992168112635
226800,-26.74550162268205
230400,-12.459413623631374
234000,0.018972031141921725
