time,vpos
223200,-20.14582618411161
226800,-20.21549774346201
230400,-10.136979286327998
234000,0.009277934837145998
237600,0.007345139517878345
