time,vpos
226800,-6.368807405859631
230400,-3.1892469726632457
234000,-0.00943673436258263
237600,-0.00753026776294238
241200,-0.005873606267579589
