time,vpos
230400,-0.019683113542674463
234000,0.007530162270630498
237600,0.027022371428333126
241200,0.008698907819032443
244800,-0.0019034891346659047
