time,vpos
234000,-0.004156076251733264
237600,0.008895065442705635
241200,0.015090103853556032
244800,0.00037041853359091534
248400,-0.007493163502785699
