time,vpos
237600,0.021657474191157794
241200,0.010670784724163454
244800,0.013091777351293365
248400,-0.0025806344727275117
252000,-0.03166072839087264
