time,vpos
241200,-0.0006684609828578442
244800,-0.004613322078421883
248400,-0.0025674039367301954
252000,0.003326843333101748
255600,0.0032303113656779645
