time,vpos
244800,-0.0006729535918672906
248400,-0.004443276270087191
252000,-0.0013073549077152412
255600,0.0041096335567547965
259200,0.002620377980632984
