time,vpos
248400,-0.005921011648873714
252000,-0.0010824603941666632
255600,-0.0007024420864649235
259200,-0.005160975033470234
