time,vpos
25200,13.500606992583172
28800,6.75778398473094
32400,0.008679849011651676
36000,0.004034519205499405
39600,0.005670317266404055
