time,vpos
28800,-0.013162417135519458
32400,0.0004096636755398256
36000,-0.006846384371485061
39600,-0.00014415578167269205
43200,0.027386201666223846
