time,vpos
32400,-0.026024485808680362
36000,-0.00912200789277383
39600,-0.00018509145551523913
43200,-0.022128561201604353
46800,-0.03610646946904553
