time,vpos
3600,0.0030200744871630714
7200,0.006936726872110144
10800,0.010853379257057217
