time,vpos
3600,-6.217259722475694e-06
7200,-0.00010699644288534808
10800,-0.00020777562604822048
