time,vpos
36000,-9.225228231934004
39600,-9.305300271554023
43200,-9.38537231117404
