time,vpos
36000,-0.039336861970556705
39600,-0.008808951287274294
43200,0.02171895939600812
