time,vpos
39600,-3.2895866507133206e-07
43200,-1.6066720327214887e-07
46800,7.624258527034328e-09
