time,vpos
39600,-8.100406754028436
43200,-8.170924751096855
46800,-8.241442748165275
