time,vpos
43200,-1.9347910426570358e-08
46800,3.5989094844448427e-07
50400,7.391298073155389e-07
