time,vpos
43200,-5.148609804554033e-08
46800,-5.530371445083143e-08
50400,-5.9121330856122534e-08
