time,vpos
46800,-2.45840352087513e-05
50400,-3.2104595644604525e-05
54000,-3.962515608045775e-05
