time,vpos
46800,0.0006853397863030672
50400,0.00031649554470480245
54000,-5.2348696893462284e-05
