time,vpos
50400,0.005765696707438488
54000,0.011629402950324693
57600,0.0174931091932109
