time,vpos
50400,-1.644163586017643e-05
54000,-4.250435227612652e-05
57600,-6.856706869207661e-05
