time,vpos
54000,-6.161607044720234e-05
57600,-1.7817592309443513e-05
61200,2.5980885828315314e-05
