time,vpos
54000,1.9316684920014926e-06
57600,1.2015675354866417e-06
61200,4.714665789717909e-07
