time,vpos
57600,0.0002090388839457447
61200,9.043081622283318e-05
64800,-2.8177251500078343e-05
