time,vpos
57600,-2.831517689760865e-06
61200,-4.166935279117934e-06
64800,-5.502352868475002e-06
