time,vpos
61200,1.9136945144090587e-05
64800,3.493294212821726e-05
68400,5.072893911234393e-05
