time,vpos
61200,-5.90459846468161e-07
64800,-1.1964445921627473e-06
68400,-1.8024293378573336e-06
