time,vpos
64800,-3.721362839971922e-08
68400,-4.933044864100406e-08
72000,-6.14472688822889e-08
