time,vpos
64800,9.275836580545718e-05
68400,5.077715351065417e-05
72000,8.795941215851161e-06
