time,vpos
68400,-8.97596727927591e-05
72000,-7.513958761952368e-05
75600,-6.0519502446288264e-05
