time,vpos
68400,1.4292215038541611e-05
72000,6.56694601865529e-06
75600,-1.158323001231032e-06
