time,vpos
7200,0.00028949901281374955
10800,0.0005177598027708539
14400,0.0007460205927279582
