time,vpos
7200,0.0008168469007795388
10800,0.0002985067292953543
14400,-0.0002198334421888302
