time,vpos
72000,-0.0007749428541316185
75600,0.009839099812571583
79200,0.020453142479274784
