time,vpos
72000,9.188791996478103e-05
75600,3.6656301023246595e-05
79200,-1.857531791828783e-05
