time,vpos
75600,6.0821478256236825e-05
79200,2.4432007739337558e-05
82800,-1.1957462777561712e-05
