time,vpos
75600,1.4534784108927168e-06
79200,2.990755048129512e-07
82800,-8.553274012668144e-07
