time,vpos
79200,0.0006530372150068608
82800,0.002326193639789662
86400,0.003999350064572463
