time,vpos
79200,5.902043241479901e-05
82800,-1.4786183509859171e-05
86400,-8.859279943451736e-05
