time,vpos
82800,-9.257051186250913e-08
86400,-2.0951611106988103e-07
90000,-3.264617102772529e-07
