time,vpos
82800,0.00020541934949425334
86400,-5.61548169737541e-05
90000,-0.00031772898344176154
