time,vpos
86400,0.0005070018640267529
90000,-0.0003582126854913964
93600,-0.0012234272350095457
