time,vpos
86400,5.134034022284849e-06
90000,-1.5838777675061832e-06
93600,-8.301789557297215e-06
