time,vpos
90000,0.0008394047084523076
93600,0.0003672292777040623
97200,-0.00010494615304418309
