time,vpos
90000,4.0157485136235395e-06
93600,-3.9533292639518645e-05
97200,-8.308233379266083e-05
