time,vpos
93600,-1.527302642490293e-05
97200,1.800558128178141e-05
100800,5.128418898846575e-05
