time,vpos
93600,0.004976751026385812
97200,0.00967778193299106
100800,0.014378812839596307
