time,vpos
97200,0.002042192157814286
100800,0.003913896660068424
104400,0.005785601162322561
