time,vpos
97200,-0.00011000004115774287
100800,-0.00035715212901507587
104400,-0.0006043042168724089
