time,vpos
100800,-8.543803812629407e-09
104400,-2.684357313391547e-08
108000,-4.5143342455201533e-08
