time,vpos
100800,0.0036675602395788535
104400,0.007488880446694797
108000,0.011310200653810741
