time,vpos
104400,4.073924400531761e-06
108000,-1.5286343130070163e-06
111600,-7.131193026545794e-06
