time,vpos
104400,0.0002901545448566852
108000,1.1567284557922831e-05
111600,-0.00026701997574083954
