time,vpos
10800,-0.0009029577867684294
14400,-0.00014366738737923228
18000,0.0006156230120099649
