time,vpos
10800,-4.921928464622638e-07
14400,7.406644698601528e-09
18000,5.070061358594669e-07
