time,vpos
108000,0.011714968778849888
111600,0.007183057919803615
115200,0.0026511470607573423
