time,vpos
108000,-4.310346967027937e-08
111600,-8.116705652095959e-09
115200,2.6870058366087455e-08
