time,vpos
111600,19.70073988861515
115200,-4.659723912529529
118800,-29.020187713674204
