time,vpos
111600,4.586024647298186
115200,2.2930114019941947
118800,-1.8433097957737399e-06
