time,vpos
115200,-25.88867357753096
118800,-26.224960307166583
122400,-26.56124703680221
