time,vpos
115200,-70.17941287211707
118800,-71.33349975235254
122400,-72.487586632588
