time,vpos
118800,-70.47617264872974
122400,-71.46548034782867
126000,-72.45478804692762
