time,vpos
118800,-88.95244586511267
122400,-90.21739150974352
126000,-91.48233715437438
