time,vpos
122400,-84.41072903266172
126000,-78.21843031552356
129600,-72.02613159838542
