time,vpos
122400,-59.57265071364395
126000,-60.1917327024743
129600,-60.81081469130465
