time,vpos
126000,-25.9158248336
129600,-26.038916104559682
133200,-26.16200737551937
