time,vpos
126000,-28.511180439800842
129600,-28.66773576450674
133200,-28.824291089212632
