time,vpos
129600,-21.901233239758312
133200,-21.98750220430555
136800,-22.073771168852783
