time,vpos
129600,-29.34951152162292
133200,-29.527558817064207
136800,-29.7056061125055
