time,vpos
133200,-35.2432535941793
136800,-22.224754648720733
140400,-9.206255703262169
