time,vpos
133200,-28.11235840625364
136800,-22.013100892610492
140400,-15.913843378967343
