time,vpos
136800,-2.573068946896949
140400,-2.164699465626574
144000,-1.7563299843561992
