time,vpos
136800,-1.1781460087975084e-06
140400,-4.73877542601594e-07
144000,2.303909235943204e-07
