time,vpos
140400,-0.00040960060878141545
144000,-0.0004127989809041407
147600,-0.00041599735302686597
