time,vpos
140400,-0.0008923851159444578
144000,-0.00019585190200623482
147600,0.000500681311931988
