time,vpos
14400,0.0022496360163785185
18000,0.0012962191078217515
21600,0.0003428021992649843
