time,vpos
14400,-9.03275394592562e-05
18000,-6.787940917164781e-06
21600,7.675165762492664e-05
