time,vpos
144000,9.593128067031495e-05
147600,-0.0003001902421647053
151200,-0.0006963117649997256
