time,vpos
144000,-3.5096626237185458e-06
147600,-2.9126123665679238e-06
151200,-2.3155621094173018e-06
