time,vpos
147600,0.0005848484732368531
151200,0.0011388942724719882
154800,0.0016929400717071233
