time,vpos
147600,-2.0269413892349747e-05
151200,2.91828998861451e-06
154800,2.6105993869578767e-05
