time,vpos
151200,-0.000183480776765216
154800,-8.112973368567751e-05
158400,2.1221309393860977e-05
