time,vpos
151200,1.3777946454859594e-05
154800,5.791249608771469e-05
158400,0.00010204704572056978
