time,vpos
154800,1.4291153475898266e-06
158400,3.5431064484246766e-07
162000,-7.204940579048913e-07
