time,vpos
154800,-0.00035760089269598193
158400,3.9979168712125614e-05
162000,0.00043755923012023316
