time,vpos
158400,-2.127789286779369e-06
162000,-1.6710435821968433e-06
165600,-1.2142978776143176e-06
