time,vpos
158400,-1.4730465060697447e-06
162000,-2.423594325304279e-07
165600,9.88327641008889e-07
