time,vpos
162000,0.000673930760299664
165600,0.0003428112177604237
169200,1.1691675221183308e-05
