time,vpos
162000,-9.207500031058408e-05
165600,9.171621578912237e-05
169200,0.0002755074318888288
