time,vpos
165600,-5.533798515776345e-07
169200,-4.938548546425418e-07
172800,-4.3432985770744913e-07
