time,vpos
165600,2.7910828540020855e-06
169200,-5.619398621886809e-05
172800,-0.00011517905529173826
