time,vpos
169200,1.4825519771555218e-05
172800,7.464011548804009e-06
176400,1.0250332605279966e-07
