time,vpos
169200,-1.4289154852409336e-06
172800,-3.180188569863046e-06
176400,-4.931461654485159e-06
