time,vpos
172800,0.011887374650450255
176400,0.01434803334373607
180000,0.016808692037021886
