time,vpos
172800,0.0002993359831195337
176400,-6.793114782821229e-05
180000,-0.0004351982787759583
