time,vpos
176400,0.00015903631611376368
180000,0.0001337804827916864
183600,0.00010852464946960914
