time,vpos
176400,-0.004201434807026266
180000,-0.0032487737179880604
183600,-0.002296112628949855
