time,vpos
18000,2.1047085810044783e-05
21600,1.701428708304211e-06
25200,-1.764422839343636e-05
