time,vpos
18000,-6.909068684789882e-07
21600,-5.07211391615435e-07
25200,-3.235159147518818e-07
