time,vpos
180000,1.7932461967144108e-06
183600,7.976285571186523e-07
187200,-1.9798908247710618e-07
