time,vpos
180000,-0.005662654264533204
183600,-0.007312255296339828
187200,-0.008961856328146452
