time,vpos
183600,-0.00017699419570129895
187200,-1.066696779643362e-05
190800,0.0001556602601084317
