time,vpos
183600,1.700459208011471e-05
187200,-1.382235492383687e-05
190800,-4.464930192778845e-05
