time,vpos
187200,0.009462300783576703
190800,0.021169591012845962
194400,0.03287688124211521
