time,vpos
187200,-8.49648944009469e-05
190800,0.0001889478116419749
194400,0.0004628605176848967
