time,vpos
190800,0.00034909178096806414
194400,-0.00037033450432907345
198000,-0.0010897607896262112
