time,vpos
190800,3.500429954575446e-08
194400,-3.4851744428777975e-08
198000,-1.0470778840331041e-07
