time,vpos
194400,26.38757640479472
198000,26.463016956598384
201600,26.538457508402054
