time,vpos
194400,1.7958192512733395e-05
198000,1.5856108195806988e-05
201600,1.375402387888058e-05
