time,vpos
198000,-64.86353506206524
201600,-70.76376663619124
205200,-76.66399821031723
