time,vpos
198000,30.504126176088924
201600,15.252062934504218
205200,-3.0708048763977154e-07
