time,vpos
201600,-99.99999999999964
205200,-99.99999999999946
208800,-99.99999999999926
