time,vpos
201600,-1.015818030998086e-08
205200,-3.431101571958887e-08
208800,-5.846385112919688e-08
