time,vpos
205200,-38.483783770685456
208800,-38.73020128463524
212400,-38.97661879858504
