time,vpos
205200,-100.0
208800,-99.99999999997848
212400,-99.99999999995698
