time,vpos
208800,-99.99999999999999
212400,-99.999999999978
216000,-99.99999999995602
