time,vpos
208800,-100.0
212400,-99.9999999999978
216000,-99.99999999999561
