time,vpos
212400,-99.99999999999987
216000,-99.9999999999875
219600,-99.99999999997515
