time,vpos
21600,49.17450600749524
25200,49.50644861437646
28800,49.83839122125768
