time,vpos
21600,81.57898193970108
25200,81.81158432360493
28800,82.0441867075088
