time,vpos
216000,-100.0
219600,-99.99999999995161
223200,-99.99999999990324
