time,vpos
216000,-100.0
219600,-99.99999795653378
223200,-99.99999591306754
