time,vpos
219600,-99.99999999999955
223200,-81.99932138231097
226800,-63.998642764622375
