time,vpos
219600,-100.0
223200,-99.99999988319767
226800,-99.99999976639535
