time,vpos
223200,-61.79112282621482
226800,-61.96738777641904
230400,-62.143652726623245
