time,vpos
223200,-45.62445414514032
226800,-45.98078628982725
230400,-46.337118434514174
