time,vpos
226800,-16.673746424576677
230400,-8.336873294788584
234000,-1.6500049198852828e-07
