time,vpos
226800,-15.858905593763042
230400,-7.929453032729554
234000,-4.7169606588737256e-07
