time,vpos
230400,3.8950761166119986e-05
234000,-0.00021578533761306925
237600,-0.0004705214363922585
