time,vpos
230400,-4.746319586489134e-07
234000,5.706346904114229e-07
237600,1.6159013394717592e-06
