time,vpos
234000,3.5526189212978752e-06
237600,1.0078945992275678e-06
241200,-1.5368297228427396e-06
