time,vpos
234000,1.5030192122909673e-07
237600,1.1477656150537304e-07
241200,7.925120178164935e-08
