time,vpos
237600,0.001231923572899492
241200,0.0026944132390936152
244800,0.004156902905287738
