time,vpos
237600,6.08607085605248e-05
241200,-9.332954582296487e-05
244800,-0.00024751980020645457
