time,vpos
241200,3.4867073069044796e-06
244800,1.2885104750098159e-06
248400,-9.096863568848479e-07
