time,vpos
241200,-0.00011351828209391483
244800,-0.00011874991359161509
248400,-0.00012398154508931532
