time,vpos
244800,-0.00034180630392095405
248400,-0.0003071850908871327
252000,-0.00027256387785331134
