time,vpos
244800,0.01404661599008713
248400,0.014118926644753515
252000,0.014191237299419901
