time,vpos
248400,-2.4027433272275512e-05
252000,-0.000131664636282539
255600,-0.0002393018392928025
