time,vpos
248400,-8.097627717668088e-07
252000,1.5390296025444283e-08
255600,8.405433638176973e-07
