time,vpos
25200,34.40015480972033
28800,17.19821410751197
32400,-0.0037265946963833244
