time,vpos
25200,7.787070033648108
28800,7.809322369826496
32400,7.831574706004886
