time,vpos
252000,-3.13632294333301e-05
255600,-1.795712047150509e-06
259200,2.7771805339029082e-05
