time,vpos
252000,-1.5960905074821272e-07
255600,-2.548091180748827e-07
259200,-3.500091854015527e-07
