time,vpos
255600,-4.959334346454295e-08
259200,-4.959334346454295e-08
