time,vpos
255600,-3.9030647713388794e-08
259200,-3.9030647713388794e-08
