time,vpos
28800,2.8985787831612906
32400,2.9068401252623106
36000,2.9151014673633306
