time,vpos
28800,-0.000427843562583597
32400,-0.0003108874844333828
36000,-0.00019393140628316862
