time,vpos
32400,-0.0016776054268737971
36000,0.00677159701118463
39600,0.01522079944924306
