time,vpos
32400,-9.402906329661092e-06
36000,-0.00016246425747185468
39600,-0.00031552560861404825
