time,vpos
0,0.003277181438336236
3600,0.006330026039485514
7200,0.003504794025086292
10800,-0.0012225605286653846
14400,-7.183846686856059e-05
