time,vpos
3600,0.0015280413886927283
7200,0.0019646040605210907
10800,0.0016004270387610432
14400,0.0006376891912823811
18000,0.00047569103739212876
