time,vpos
36000,0.02394643922152169
39600,0.008314358407169166
43200,0.004381449540914252
46800,-0.01098154835535263
50400,-0.03804371819971712
