time,vpos
39600,0.004314452072216188
43200,0.002437662308080089
46800,0.002661145096732196
50400,0.012479055542588146
54000,0.020196693435655885
