time,vpos
43200,-0.008846348526154733
46800,0.0017854782587744848
50400,0.0021105962061055868
54000,-0.006418783667950189
57600,-0.004641454704407849
