time,vpos
46800,0.004114088867440007
50400,0.0014674469961825155
54000,0.008488875352992257
57600,0.009890233167943886
61200,0.0016235207548282817
