time,vpos
50400,-0.01594208078203787
54000,-0.007227184931090714
57600,0.006007796161615309
61200,0.007695525704327747
64800,0.004863170005281318
