time,vpos
54000,-0.013390654452900722
57600,-0.00747179443623842
61200,6.379737592808785e-05
64800,-0.0016428332009784641
68400,-0.004966195573389223
