time,vpos
57600,-0.008654944625415472
61200,-0.005131485437578822
64800,-0.006057556658098937
68400,-0.010692528138822426
72000,-0.010877969211189149
