time,vpos
61200,0.0026744480197502516
64800,0.0020942780328483284
68400,0.004092183216027122
72000,0.007233911905164304
75600,0.007797565424220771
