time,vpos
64800,-0.007419779014595238
68400,0.006616228638638654
72000,-0.0009433263879935036
75600,-0.0037681583671764045
79200,0.015002572333506744
