time,vpos
68400,-0.006194645700794463
72000,0.001400094220333639
75600,0.009485076931616213
79200,0.008549852861183593
82800,0.007124386000596501
