time,vpos
7200,0.003728122548261599
10800,0.0033231052503712635
14400,0.0015211280485017348
18000,0.0006984157958453093
21600,0.0012726634471680774
