time,vpos
72000,0.00022293042922696537
75600,0.010185563180652479
79200,0.01834477826476923
82800,0.008158101342714394
86400,-0.00022515791203167948
