time,vpos
75600,0.00012758754621168805
79200,0.005140249243771019
82800,0.00828178705473454
86400,0.004672147361667691
90000,0.0029336315551966533
