time,vpos
79200,0.0028446593450908537
82800,0.01009911922372278
86400,0.012791664526278196
90000,0.006049680872104645
93600,0.0038696117940076064
