time,vpos
82800,0.0034744830535032097
86400,0.00989947273079672
90000,0.011592788578466441
93600,0.0051772029526097885
97200,0.0034932911563769235
