time,vpos
86400,-0.003274249661900904
90000,-0.008717543256174574
93600,-0.014006131231064915
97200,-0.0033063715070592425
100800,0.007238682597563101
