time,vpos
90000,0.0012392971015094461
93600,0.0019196100517321854
97200,0.0024615702588288227
100800,0.0020867085935142885
104400,0.0018501996713258563
