time,vpos
93600,0.004732604239579292
97200,-0.0032171716074408862
100800,-0.013694468076529227
104400,-0.014179539003275423
108000,-0.012137089307953458
