time,vpos
97200,0.0006588151020303547
100800,-0.003910184000415802
104400,-0.010212335222781957
108000,-0.008982982176601989
111600,-0.0060204770105020235
