time,vpos
100800,0.0062099477730094554
104400,0.006929256375927288
108000,0.003532797618483267
111600,-0.00012216893842137031
115200,0.00033863186503584573
