time,vpos
104400,-4.095025273278044
108000,-4.117886176955723
111600,-4.177806739351447
115200,-4.262302437243429
118800,-4.309738476417365
