time,vpos
10800,0.011689877626065975
14400,0.006798829178478956
18000,0.002701161408681012
21600,0.004632510465755674
25200,0.00577047884504126
