time,vpos
108000,-5.088702735643606
111600,-5.135981391415361
115200,-27.48222227098549
118800,-50.33350440457043
122400,-50.885824314356995
