time,vpos
111600,13.516246004192059
115200,-27.547875223551387
118800,-69.3929628021604
122400,-70.90796744056166
126000,-71.64200572809737
