time,vpos
115200,-61.26988822458005
118800,-61.968186482726836
122400,-63.322550880464036
126000,-61.5017478329147
129600,-59.02487864577496
