time,vpos
118800,-56.855052038582755
122400,-57.468288152396596
126000,-58.4873093481889
129600,-57.42482856514186
133200,-55.956562700116365
