time,vpos
122400,-52.463807020461026
126000,-52.786472594319925
129600,-53.26097535565767
133200,-53.56589020285148
136800,-53.71896786256644
