time,vpos
126000,-49.75945031655468
129600,-49.901351204617974
133200,-50.18583463980693
136800,-38.57766903913782
140400,-26.826920891343057
