time,vpos
129600,-43.33917885097936
133200,-43.46268528946744
136800,-35.206556309646345
140400,-19.47718047550579
144000,-12.127440059674429
