time,vpos
133200,-25.36876083347523
136800,-25.440908456727406
140400,-18.820248069827098
144000,-6.065366322299424
147600,-0.003292584924232463
