time,vpos
136800,-6.37970338051254
140400,-6.395302979473967
144000,-3.2311182525616724
147600,-0.02202076019111367
151200,0.007292406305723807
