time,vpos
140400,-0.04448747931738148
144000,-0.003078100462145834
147600,0.024059827079230697
151200,0.01428080363264789
154800,0.018773231499924197
