time,vpos
14400,38.46284408522314
18000,38.61545403940513
21600,39.01153832504907
25200,39.452401935754025
28800,39.649791214997045
