time,vpos
144000,0.02515176224283759
147600,0.012409823275904706
151200,0.016845844199270547
154800,-0.00296990395697843
158400,-0.03996361200352613
