time,vpos
147600,-0.0008119491773271256
151200,-0.005135363433454227
154800,-0.0026518251532733476
158400,0.0041296231940003356
162000,0.004104119004966038
