time,vpos
151200,0.018646741188241046
154800,0.013172930910704261
158400,-0.024684398534856353
162000,-0.01637960222280933
165600,0.024308713257261534
