time,vpos
154800,-0.014635608603111989
158400,-0.0024784613423813233
162000,0.017889864876703656
165600,0.0001357589391836776
169200,-0.025829525956690615
