time,vpos
158400,0.0001433337991065865
162000,0.00014718468561900587
165600,1.2950062717930421e-05
169200,-8.14954854990238e-05
172800,-3.785552430248321e-05
