time,vpos
162000,-0.006480164828787582
165600,-0.010405113823006604
169200,0.005712477398733535
172800,0.01588852609824676
176400,0.006022034581800828
