time,vpos
165600,-0.04407228509714244
169200,-0.0022270513921748654
172800,0.024025326639722226
176400,-0.022490423480121785
180000,-0.05341331792689531
