time,vpos
169200,-0.04276377953703065
172800,0.011955990552641826
176400,0.03696672541422725
180000,0.003940588886710013
183600,0.0006234875872798289
