time,vpos
172800,-0.012544298259590927
176400,-0.0023905610695232294
180000,-0.01253701730414466
183600,-0.019155680647841917
187200,-0.005474150566850042
