time,vpos
176400,-0.01079395459461052
180000,0.003011863056672539
183600,-0.021656511083963964
187200,-0.012035716028730065
190800,0.036059270818423396
