time,vpos
18000,37.66884602658286
21600,37.91126908725148
25200,38.355854881202525
28800,22.046701574711612
32400,5.53538553493829
