time,vpos
180000,0.0017539736998777146
183600,0.005288158653689636
187200,0.008887150352009703
190800,0.0061649785908874915
194400,0.003378000085257134
