time,vpos
183600,0.0028281251429214155
187200,0.006967377534077213
190800,0.00989217374637568
194400,0.006046680982345506
198000,0.00341564439717266
