time,vpos
187200,11.51282712112214
190800,11.545333741777425
194400,11.610599438797955
198000,11.676347780357704
201600,11.709337045552209
