time,vpos
190800,12.901718479082543
194400,12.98946206630663
198000,13.065653125376741
201600,6.531592914715077
205200,0.009085232207381479
