time,vpos
194400,14.48574394250144
198000,14.57051510025601
201600,-8.64268608409167
205200,-32.3380414910507
208800,-32.735424555907485
