time,vpos
198000,9.114814242104217
201600,-25.966021212314722
205200,-61.803514000254054
208800,-63.418697623654666
212400,-64.27722391353485
