time,vpos
201600,-78.55892902613986
205200,-79.55175149207147
208800,-81.63415764096777
212400,-83.89700127580507
216000,-85.07026122767768
