time,vpos
205200,-99.99999999999535
208800,-99.99999999999316
212400,-99.99999999999287
216000,-99.99999999999191
219600,-99.99999999998904
