time,vpos
208800,-100.0
212400,-99.9999999999743
216000,-99.9999999999743
219600,-76.77047675315892
223200,-53.540953506317834
