time,vpos
212400,-99.9999999999346
216000,-99.99999999996365
219600,-75.31854316714681
223200,-41.202387650024754
226800,-31.76768896574859
