time,vpos
21600,19.045879245718346
25200,19.145494449828256
28800,12.390247594439813
32400,4.54659369903626
36000,3.557801863131058
