time,vpos
216000,-100.0
219600,-94.13952384413162
223200,-56.700818289480594
226800,-25.21658573228609
230400,-25.310582573874214
