time,vpos
219600,-70.93404618946806
223200,-71.18276964187997
226800,-49.13425598903506
230400,-13.421396164682509
234000,-0.005773445586776654
