time,vpos
223200,-46.28335830446414
226800,-46.45467956731573
230400,-23.313014651499294
234000,-0.004698110126821688
237600,-0.0093677474223742
