time,vpos
226800,-17.05545282997901
230400,-8.544888385849553
234000,-0.029738107565292986
237600,-0.023338489929424878
241200,-0.021524706448360985
