time,vpos
230400,0.008992334971200264
234000,0.008715050226274553
237600,0.0062655036893342385
241200,-0.0006296001790610868
244800,-0.005352442255441807
