time,vpos
234000,0.018692373617370302
237600,0.00402142556830598
241200,0.0032610930320472542
244800,0.004471060055574391
248400,-0.008229588433704069
