time,vpos
237600,0.014523544630227168
241200,0.009860830181855802
244800,0.011006817590607752
248400,-0.001566106671887016
252000,-0.0199477327915051
