time,vpos
241200,0.0023101749283513497
244800,0.005646838331099532
248400,0.0043230163659689486
252000,-0.0032081065875799114
255600,-0.006078744173250005
