time,vpos
244800,-0.00885904596147107
248400,0.016886528869608893
252000,-0.010560443423967832
255600,-0.018045856814261324
259200,0.02766127692010187
