time,vpos
248400,6.904183041250844e-09
252000,2.3766577590504656e-07
255600,4.3055604531422494e-07
259200,3.926847218596076e-07
