time,vpos
25200,-0.009541327534686936
28800,-0.003915987644170955
32400,0.0031883971931257007
36000,0.006181856577166996
39600,0.007696271014427615
