time,vpos
28800,0.0005591623222865778
32400,-0.002882543783319519
36000,0.00989547565057109
39600,-0.0022772328726858183
43200,-0.030669666935439436
