time,vpos
32400,0.0019988109057972967
36000,0.0014560553069745677
39600,0.00010633835064530008
43200,-0.00043796705251599594
46800,-0.00017531109817075293
