time,vpos
0,-0.0003535617124066068
3600,-0.0006395555502691149
7200,-0.000925549388131623
