time,vpos
3600,-2.993229828926469e-07
7200,-6.826113144132659e-07
10800,-1.0658996459338849e-06
