time,vpos
3600,-3.445793234452358e-06
7200,-0.00011973098753595907
10800,-0.0002360161818374658
