time,vpos
36000,9.830949144169671e-05
39600,0.0001134070322286451
43200,0.00012850457301559346
