time,vpos
36000,3.980669445653208e-07
39600,5.085858318580432e-07
43200,6.191047191507655e-07
