time,vpos
39600,-0.00037350238994563183
43200,-0.0007219602511818295
46800,-0.0010704181124180272
