time,vpos
39600,-0.0024356788144996974
43200,-0.0033641120964194417
46800,-0.0042925453783391855
