time,vpos
43200,-4.976143919291972e-08
46800,-4.934149747056637e-08
50400,-4.892155574821302e-08
