time,vpos
43200,-9.978301076846077e-07
46800,-5.48065280141165e-07
50400,-9.830045259772227e-08
