time,vpos
46800,-0.0003759964896477892
50400,-0.0003189464095830706
54000,-0.000261896329518352
