time,vpos
46800,-0.006226223743042861
50400,-1.574920513738268e-05
54000,0.006194725332768096
