time,vpos
50400,-4.2921287466031466e-08
54000,-1.8172312385889185e-07
57600,-3.2052496025175223e-07
