time,vpos
50400,0.00011183244841631024
54000,-4.721892379660683e-06
57600,-0.0001212762331756316
