time,vpos
54000,-0.0004928079751296263
57600,-3.6684151404549844e-05
61200,0.0004194396723205266
