time,vpos
54000,2.463715931266819e-06
57600,6.054298905960875e-07
61200,-1.2528561500746438e-06
