time,vpos
57600,0.0028399739854049577
61200,0.0028692148642974914
64800,0.0028984557431900246
