time,vpos
57600,0.00019404130751727965
61200,8.272817994849486e-05
64800,-2.8584947620289932e-05
