time,vpos
61200,0.0003525501250349649
64800,3.950500269434291e-05
68400,-0.00027354011964627906
