time,vpos
61200,-5.731858002249059e-05
64800,-3.903481805887084e-05
68400,-2.075105609525109e-05
