time,vpos
64800,-2.0623257678177822e-05
68400,-9.792954430876655e-06
72000,1.0373488164245095e-06
