time,vpos
64800,-0.0002823460606881517
68400,0.0025235293260285167
72000,0.005329404712745185
