time,vpos
68400,5.7155234538930734e-08
72000,1.7528985999989147e-07
75600,2.934244854608522e-07
