time,vpos
68400,-0.0007968072233879538
72000,-0.0007624434642466041
75600,-0.0007280797051052544
