time,vpos
7200,5.770526226832594e-05
10800,-0.00020419819611394838
14400,-0.00046610165449622264
