time,vpos
7200,-1.9246496182277447e-05
10800,0.00018347060290109133
14400,0.0003861877019844601
