time,vpos
72000,0.003706863168896607
75600,0.002584381806283273
79200,0.0014619004436699384
