time,vpos
72000,-2.6740448782641452e-05
75600,1.1807517294761379e-05
79200,5.035548337216421e-05
