time,vpos
75600,4.32257713130213e-07
79200,2.413910102513038e-07
82800,5.0524307372394606e-08
