time,vpos
75600,-6.0849774716964435e-05
79200,8.98718188524514e-05
82800,0.00024059341242186724
