time,vpos
79200,0.0012498239207740097
82800,0.02253533211242112
86400,0.04382084030406823
