time,vpos
79200,-0.00047860994660693104
82800,0.00021208524148003257
86400,0.0009027804295669962
