time,vpos
82800,2.0887640878542082e-07
86400,1.5765227371144094e-07
90000,1.0642813863746106e-07
