time,vpos
82800,-1.1134992195654947e-06
86400,-7.862186168598739e-07
90000,-4.5893801415425317e-07
