time,vpos
86400,1.2926579878774953e-06
90000,-4.8607822619553914e-05
93600,-9.850830322698532e-05
