time,vpos
86400,-0.0024997676202970914
90000,-0.001462844277125069
93600,-0.0004259209339530466
