time,vpos
90000,3.1057475093309587e-06
93600,-2.558772027035995e-05
97200,-5.4281188050050864e-05
