time,vpos
90000,-0.0005280954646697227
93600,-0.0007781412862092901
97200,-0.0010281871077488574
