time,vpos
93600,1.1840535106208416e-06
97200,8.396239000504208e-07
100800,4.951942894799999e-07
