time,vpos
93600,-2.7714505191009488e-06
97200,-3.0646274261970256e-05
100800,-5.852109800483956e-05
