time,vpos
97200,-4.649624713604546e-05
100800,7.341019302266701e-05
104400,0.0001933166331813795
