time,vpos
97200,0.0001473085217970258
100800,0.0002579222304407823
104400,0.0003685359390845388
