time,vpos
100800,-9.55124159749451e-06
104400,3.866487838030375e-05
108000,8.688099835810201e-05
