time,vpos
100800,1.4111283105563976e-06
104400,1.3592967852650226e-06
108000,1.3074652599736475e-06
