time,vpos
104400,-0.0015416193824243632
108000,-0.0047813873004643685
111600,-0.008021155218504373
