time,vpos
104400,-3.5885143002216734e-06
108000,-2.0650174180921275e-06
111600,-5.415205359625812e-07
