time,vpos
10800,-5.104782443976497e-07
14400,-1.1212224784035163e-06
18000,-1.731966712409383e-06
