time,vpos
10800,-1.4297463162637423e-05
14400,-0.00010319779671557469
18000,-0.00019209813026851196
