time,vpos
108000,75.86797850147052
111600,76.26749890222924
115200,76.66701930298797
