time,vpos
108000,-0.0002292180015694826
111600,0.00018849704535539265
115200,0.0006062120922802679
