time,vpos
111600,16.30448307738172
115200,8.152241490745777
118800,-9.589016960835899e-08
