time,vpos
111600,40.14737395208717
115200,20.073636426825352
118800,-0.00010109843646523634
