time,vpos
115200,-15.741897104196125
118800,-15.948401371890542
122400,-16.154905639584953
