time,vpos
115200,-16.219979005555825
118800,-16.37308525972428
122400,-16.526191513892737
