time,vpos
118800,-34.54738963853373
122400,-34.9284374542203
126000,-35.30948526990688
