time,vpos
118800,-74.58302879087769
122400,-75.42927895160527
126000,-76.27552911233283
