time,vpos
122400,-48.19519705304969
126000,-40.12473323939998
129600,-32.05426942575026
