time,vpos
122400,-83.67330086064368
126000,-74.79079840499784
129600,-65.908295949352
