time,vpos
126000,-40.3753067900613
129600,-40.49176138112033
133200,-40.60821597217936
