time,vpos
126000,-39.83247108628742
129600,-39.97084255339585
133200,-40.109214020504275
