time,vpos
129600,-50.642044087888905
133200,-50.82052888106342
136800,-50.999013674237936
