time,vpos
129600,-25.54536488058638
133200,-25.61855817801404
136800,-25.6917514754417
