time,vpos
133200,-47.70227011754705
136800,-47.87665915551622
140400,-48.05104819348539
