time,vpos
133200,-22.31397101925277
136800,-22.377697522052074
140400,-22.441424024851386
