time,vpos
136800,-31.23475976760421
140400,-27.9157668706858
144000,-24.596773973767394
