time,vpos
136800,-21.327347033274517
140400,-21.388123119081293
144000,-21.448899204888072
