time,vpos
140400,-2.0256564505822692e-06
144000,-1.0798072731559233e-06
147600,-1.3395809572957747e-07
