time,vpos
140400,-5.326861171162888
144000,-2.663430620117377
147600,-6.90718657617162e-08
