time,vpos
14400,3.76954986125631e-05
18000,-0.00011339579588871804
21600,-0.0002644870903899992
