time,vpos
14400,-7.827670692617944e-08
18000,-7.019673743105179e-08
21600,-6.211676793592413e-08
