time,vpos
144000,-0.0009872384126958069
147600,-0.0006630923621526845
151200,-0.00033894631160956206
