time,vpos
144000,-6.614051520568988e-05
147600,-4.283543908455743e-05
151200,-1.953036296342498e-05
