time,vpos
147600,0.00011652097111942446
151200,-2.1339489565558672e-05
154800,-0.0001591999502505418
