time,vpos
147600,-0.006247580599807057
151200,-0.00048451413186525387
154800,0.005278552336076549
