time,vpos
151200,-1.5482145478260242e-06
154800,6.3240267555054065e-06
158400,1.4196268058836837e-05
