time,vpos
151200,-1.3342063256288617e-06
154800,4.4279159375562593e-07
158400,2.2197895131401135e-06
