time,vpos
154800,-2.9249877487539516e-08
158400,-8.714349805996613e-08
162000,-1.4503711863239274e-07
