time,vpos
154800,0.00022107722650784587
158400,-5.70350488674741e-05
162000,-0.00033514732424279407
