time,vpos
158400,0.00016483490925879888
162000,9.135758906970103e-05
165600,1.788026888060318e-05
