time,vpos
158400,-0.00021368922486118217
162000,-0.0019070738369402341
165600,-0.003600458449019286
