time,vpos
162000,-6.7977238588420914e-06
165600,1.7361473681054066e-05
169200,4.152067122095022e-05
