time,vpos
162000,-4.567954889345138e-06
165600,-2.144945434202211e-06
169200,2.780640209407159e-07
