time,vpos
165600,0.00011918407998274428
169200,0.00012033684572517822
172800,0.00012148961146761217
