time,vpos
165600,0.010430947426207853
169200,0.0020087775064247496
172800,-0.006413392413358353
