time,vpos
169200,-7.663901723848785e-06
172800,-9.504011904742294e-06
176400,-1.13441220856358e-05
