time,vpos
169200,-3.5081629346303544e-07
172800,-2.4660493023716604e-07
176400,-1.4239356701129663e-07
