time,vpos
172800,-0.00010943229927784515
176400,-5.916252935403432e-05
180000,-8.892759430223496e-06
