time,vpos
172800,0.00012494257344381293
176400,2.5229488831076514e-05
180000,-7.44835957816599e-05
