time,vpos
176400,-0.0004726882713172476
180000,-0.00038708849634874255
183600,-0.0003014887213802375
