time,vpos
176400,3.925655662345706e-06
180000,6.843087593162733e-06
183600,9.76051952397976e-06
