time,vpos
18000,-0.01971609582981028
21600,-0.026379587520595073
25200,-0.03304307921137986
