time,vpos
18000,-0.00021391879162477355
21600,-0.00016620828254784487
25200,-0.00011849777347091618
