time,vpos
180000,-4.919141245382508e-07
183600,-3.02606862831456e-07
187200,-1.132996011246612e-07
