time,vpos
180000,-5.9245353569602005e-08
183600,-4.680696295220929e-08
187200,-3.436857233481658e-08
