time,vpos
183600,-1.4896262244545877e-07
187200,1.8728323666200586e-08
190800,1.8641926977785994e-07
