time,vpos
183600,0.0002640836187182365
187200,-5.4397685483154656e-05
190800,-0.0003728789896845458
