time,vpos
187200,-1.6217533647301137e-05
190800,4.3092158871528495e-06
194400,2.4835965421606836e-05
