time,vpos
187200,0.0007646139512330116
190800,0.0015600698654895276
194400,0.0023555257797460436
