time,vpos
190800,-2.060050581943057e-07
194400,-9.31491469461504e-08
198000,1.970676430200491e-08
