time,vpos
190800,-7.438801991112523e-05
194400,1.67356396921494e-05
198000,0.00010785929929542403
