time,vpos
194400,-0.001383866575184814
198000,-0.0003127803517643385
201600,0.0007583058716561369
