time,vpos
194400,40.430207594325026
198000,40.54552898502928
201600,40.660850375733524
