time,vpos
198000,-33.01750051325146
201600,-33.3974370989659
205200,-33.77737368468034
