time,vpos
198000,33.21227018766863
201600,16.606135172554502
205200,1.5744037830403483e-07
