time,vpos
201600,-6.947603001487746
205200,-7.029015903493471
208800,-7.110428805499199
