time,vpos
201600,-88.44489330606636
205200,-90.11624096113032
208800,-91.78758861619428
