time,vpos
205200,-73.5813521570988
208800,-66.4679932609507
212400,-59.35463436480261
