time,vpos
205200,-99.9999999999825
208800,-99.99999999999125
212400,-100.0
