time,vpos
208800,-93.53681439273481
212400,-94.64844571090255
216000,-95.76007702907029
