time,vpos
208800,-99.99999999957974
212400,-99.99999999935606
216000,-99.99999999913238
