time,vpos
212400,-100.0
216000,-99.99999888202441
219600,-99.99999776404883
