time,vpos
21600,27.630868436351314
25200,27.87722888863353
28800,28.123589340915757
