time,vpos
21600,35.679362332040235
25200,35.88182039276228
28800,36.08427845348431
