time,vpos
216000,-99.99999999963734
219600,-99.97368259023787
223200,-99.9473651808384
