time,vpos
216000,-99.99999999999999
219600,-99.99999999999999
223200,-99.99999999999999
