time,vpos
219600,-99.99999999999915
223200,-91.03148974340436
226800,-82.06297948680957
