time,vpos
219600,-92.43747069766665
223200,-92.69982475730158
226800,-92.96217881693653
