time,vpos
223200,-51.19915758134962
226800,-51.34495979482592
230400,-51.490762008302205
