time,vpos
223200,-54.273786268236194
226800,-54.72965787326929
230400,-55.185529478302385
