time,vpos
226800,-10.87392653712546
230400,-5.436963624607072
234000,-7.12088684043618e-07
