time,vpos
226800,-66.920082054591
230400,-33.458115917537576
234000,0.0038502195158578796
