time,vpos
230400,-8.988120169866885e-06
234000,-8.77252040763384e-06
237600,-8.556920645400794e-06
