time,vpos
230400,1.0460432086495386e-07
234000,-1.2694712158106518e-07
237600,-3.584985640270842e-07
