time,vpos
234000,-3.3218959519607926e-08
237600,1.6816676377606256e-06
241200,3.396554235040859e-06
