time,vpos
234000,0.014714415130119195
237600,0.01213420941447007
241200,0.009554003698820944
