time,vpos
237600,-0.0006328102388489353
241200,0.00014716389181218867
244800,0.0009271380224733128
