time,vpos
237600,-1.2774465130149792e-05
241200,-6.611758346895813e-06
244800,-4.490515636418335e-07
