time,vpos
241200,0.01458720151478357
244800,-8.529083619923661e-08
248400,-0.014587372096455968
