time,vpos
241200,7.269929583660293e-05
244800,-7.330260803400246e-05
248400,-0.00021930451190460784
