time,vpos
244800,5.546679009428129e-08
248400,1.3227871765709192e-05
252000,2.6400276741324102e-05
