time,vpos
244800,1.114787083304758e-06
248400,-4.4865413944758514e-07
252000,-2.0120953621999282e-06
