time,vpos
248400,0.0014466594220658552
252000,0.0013311191973082134
255600,0.0012155789725505715
