time,vpos
248400,-4.809115129222827e-06
252000,3.0175954153097774e-08
255600,4.869467037529022e-06
