time,vpos
25200,22.958866555678238
28800,11.47943322971435
32400,-9.624953847547914e-08
