time,vpos
25200,37.837281984075176
28800,18.918634407265294
32400,-1.316954458818742e-05
