time,vpos
252000,0.0005888193553020354
255600,0.0004721721181267219
259200,0.00035552488095140847
