time,vpos
252000,-0.02515651563203096
255600,-0.025052902532431403
259200,-0.024949289432831846
