time,vpos
255600,-6.07798491397693e-06
259200,-6.07798491397693e-06
