time,vpos
255600,-3.302088749079622e-05
259200,-3.302088749079622e-05
