time,vpos
28800,0.0010880294264719909
32400,0.00028967173837411773
36000,-0.0005086859497237554
