time,vpos
28800,-3.782366710854586e-06
32400,7.891634850616212e-07
36000,5.3606936809778285e-06
