time,vpos
32400,-0.0014146296365032053
36000,-0.0030670981066597187
39600,-0.004719566576816232
