time,vpos
32400,-0.0002116181394190785
36000,-0.00043668808078916146
39600,-0.0006617580221592444
