time,vpos
0,0.005554373241481144
3600,0.007306871839243205
7200,0.003207904628798152
10800,-0.0016726730964263213
14400,-0.000701785013443681
