time,vpos
3600,0.0012450104174788349
7200,0.0011550579324408293
10800,0.0005051164136182188
14400,-5.7611985062786496e-05
18000,-6.0351349959186784e-05
