time,vpos
36000,0.0006023175600048811
39600,-0.0063827482080172394
43200,-0.00956342462896768
46800,-0.0053219897546465614
50400,-0.004884944227397125
