time,vpos
39600,0.0016362858198135728
43200,-0.005235884532137444
46800,-0.009359204324138662
50400,-0.006142706601750867
54000,-0.005675059439312874
