time,vpos
43200,0.0017505472672290404
46800,-0.005944524823763573
50400,-0.010568467027946157
54000,-0.006511409645198455
57600,-0.005525482149260779
