time,vpos
46800,0.002792160236784536
50400,0.0007461592346128421
54000,0.007253703365617736
57600,0.009045633124446228
61200,0.0022840177500981326
