time,vpos
50400,-0.019468568392484974
54000,-0.0022190504844114786
57600,0.013198438709207734
61200,0.0020903204935199086
64800,-0.007185769007713632
