time,vpos
54000,-0.017707668073311502
57600,-0.007288048608125101
61200,0.007336330854685957
64800,0.013404961119295157
68400,0.0152688313862797
