time,vpos
57600,-0.00772799872594764
61200,0.004478325710492866
64800,0.03352565003646853
68400,0.025062581764472576
72000,-0.00024148639705852404
