time,vpos
61200,-0.04410506777420204
64800,-0.0012090465525732195
68400,0.023045595501437494
72000,-0.022897235092434354
75600,-0.0501986865186881
