time,vpos
64800,0.004427708612395547
68400,-0.005297220695463545
72000,-0.011382869990497773
75600,-0.005748042988150451
79200,-0.003752495998627994
