time,vpos
68400,0.005566485016410088
72000,-0.018451619649803127
75600,-0.021237933189539242
79200,-0.01884369528147243
82800,-0.03768124849988272
