time,vpos
7200,-0.0016685948231735543
10800,-0.007252116858340687
14400,-0.012471972089023191
18000,-0.01628571690202773
21600,-0.020463128519516895
