time,vpos
72000,0.00021846666391749922
75600,0.0035430117601483587
79200,0.006455684477209207
82800,0.004248773651644843
86400,0.002453735205250492
