time,vpos
75600,0.00043112984333761083
79200,0.005510875233248638
82800,0.008945237949085728
86400,0.0051720160343512065
90000,0.0030441767936906206
