time,vpos
79200,0.0008945077084938316
82800,0.007516487492092936
86400,0.011033239607154507
90000,0.005679734285219697
93600,0.003431456631822422
