time,vpos
82800,0.002536423047711363
86400,0.010383198661858545
90000,0.013291163978060105
93600,0.006261963736324268
97200,0.004171573792534052
