time,vpos
86400,0.0028476688296293212
90000,0.010932730829107498
93600,0.013274822085900537
97200,0.005294846977828586
100800,0.0030578426124417725
