time,vpos
90000,0.0016457084825482002
93600,0.008482545748661386
97200,0.010279609080133183
100800,0.0037157997688066994
104400,0.002191764392121603
