time,vpos
93600,-0.0016815721403296415
97200,-0.01365321533192792
100800,-0.0232047440436922
104400,-0.005667111268067696
108000,0.009450407027722808
