time,vpos
97200,0.004182601938070081
100800,0.006007472266133377
104400,0.0014273377419467075
108000,-0.006454200074387654
111600,-0.007930733038472047
