time,vpos
100800,0.012485337872588471
104400,0.0047976552754901884
108000,0.0002214887170722793
111600,0.0071169659426154955
115200,0.010900927129478337
