time,vpos
104400,0.018177582940117086
108000,0.0017070765495876185
111600,0.008294575285975443
115200,0.032027141913498945
118800,0.03270170341410515
