time,vpos
10800,-0.007200336919935393
14400,-0.00881237105368787
18000,-0.029997026131740823
21600,0.007493738237447438
25200,0.06455712355093618
