time,vpos
108000,2.1181349349785954
111600,2.1372542495182176
115200,-9.174045638994228
118800,-20.769076518306772
122400,-21.033688194567254
