time,vpos
111600,7.873752676009483
115200,-16.10532126325058
118800,-40.58863219347374
122400,-41.55959444791485
126000,-42.02631971139284
