time,vpos
115200,-41.147216430867125
118800,-41.68327666511363
122400,-42.696222198190505
126000,-43.26774227433226
129600,-43.36237705164362
