time,vpos
118800,-48.70018732039462
122400,-49.26712915827968
126000,-46.59822402390138
129600,-35.52292949601229
133200,-27.68348194038655
