time,vpos
122400,-65.96659197637938
126000,-54.664484514006205
129600,-39.587744100333325
133200,-35.96541501955268
136800,-36.11771889007175
