time,vpos
126000,-44.07982664928195
129600,-44.26944284231229
133200,-44.31888523098142
136800,-25.617874982474433
140400,-7.057038538328651
