time,vpos
129600,-45.19447071450546
133200,-45.37835506674164
136800,-26.309638978655997
140400,-3.522562684199059
144000,0.011913169936060146
