time,vpos
133200,-30.35515323620902
136800,-30.48439024060301
140400,-15.305743790918774
144000,-0.003826368892380911
147600,-0.009792400944206718
