time,vpos
136800,-8.343244298364226
140400,-8.364743054125908
144000,-4.1887295428678275
147600,0.005436736787425541
151200,0.0020907494229125204
