time,vpos
140400,-0.020064647822828494
144000,-0.0005825335820475587
147600,0.02103520635421181
151200,0.020782344752975863
154800,0.018393857456261486
