time,vpos
14400,51.117825158275906
18000,51.19026649183203
21600,51.49747014698312
25200,51.91711668243455
28800,52.10200089629099
