time,vpos
144000,-0.002923539837176338
147600,0.009855725444298056
151200,0.017155455780244397
154800,0.0035689647445875765
158400,-0.004537991345541191
