time,vpos
147600,0.0010765581943904777
151200,0.011146619204584034
154800,0.017084597635192357
158400,4.925258327076118e-05
162000,-0.012854009889065598
