time,vpos
151200,-0.010516685495401173
154800,0.005697195388013168
158400,-0.0036420399551699784
162000,-0.006385449683095134
165600,0.016424256815577198
