time,vpos
154800,0.005489265783046746
158400,0.016815797601348458
162000,-0.019786255368730056
165600,-0.017190296102280737
169200,0.0333342479525488
