time,vpos
158400,-0.0006792691668900444
162000,-0.0043475179573518
165600,-0.0010749835751146892
169200,0.004270091576961265
172800,0.0026743835563383537
