time,vpos
162000,0.01619682680797051
165600,0.00855136070782905
169200,-0.025212316187795618
172800,-0.013949732899985951
176400,0.023431061183306928
