time,vpos
165600,-0.015734402065854598
169200,-0.0027367793085958355
172800,0.02036514154008359
176400,0.0008195745328008742
180000,-0.028830290565902503
