time,vpos
169200,-0.0039547922905375675
172800,-0.0004905282109466119
176400,0.0047711330621299
180000,-0.00040599362521961827
183600,-0.007380517506054693
