time,vpos
172800,-0.016466385549576374
176400,-0.0014490933535903615
180000,0.014963758662948998
183600,-0.00491705779810362
187200,-0.026193434079709584
