time,vpos
176400,-0.05002782757662484
180000,-0.006756888557347214
183600,0.012234996109286765
187200,-0.0298630960291671
190800,-0.047682133814977316
