time,vpos
18000,49.86569596283958
21600,50.040997493597274
25200,50.38897069398123
28800,27.679465069777176
32400,4.797287775946836
