time,vpos
180000,-0.0010004027649768035
183600,0.001177031588646532
187200,0.006793568852848236
190800,0.007274617950148549
194400,0.0043165641368704925
