time,vpos
183600,-0.0024219287149913026
187200,0.0064435709000419195
190800,0.004364818679279095
194400,0.0009753051046107811
198000,0.008530043365738513
