time,vpos
187200,0.02712059980980821
190800,0.005452876441302228
194400,-0.015048531395488608
198000,0.0074846129033868496
201600,0.028851441670547158
