time,vpos
190800,-8.435304865466328
194400,-8.464233690607324
198000,-8.528649524176865
201600,-8.687595332238091
205200,-8.81105413187077
