time,vpos
194400,-8.006108709549045
198000,-8.040001055599708
201600,-48.22906759989203
205200,-90.13507826632238
208800,-91.88591473451106
