time,vpos
198000,-15.763658418384033
201600,-57.88182920919187
205200,-99.99999999998349
208800,-99.99999999997264
212400,-99.99999999997802
