time,vpos
201600,-99.99999999998406
205200,-99.99999999999116
208800,-99.99999999999079
212400,-99.99999999999164
216000,-99.99999999999999
