time,vpos
205200,-99.99999999994411
208800,-99.99999999997155
212400,-99.99999999999838
216000,-99.99999999999827
219600,-99.99999999999876
