time,vpos
208800,-99.99999999997146
212400,-99.99999999998572
216000,-99.99999999998101
219600,-89.45312760561185
223200,-78.90625521126167
