time,vpos
212400,-99.99999999999999
216000,-100.0
219600,-85.48724530678706
223200,-63.372498674660115
226800,-55.77050673574612
