time,vpos
21600,20.94179028831157
25200,21.02024493014242
28800,12.947993673963232
32400,2.398887611501474
36000,0.0004874470497577728
