time,vpos
216000,-100.0
219600,-82.98397967941118
223200,-55.76208208984643
226800,-41.75054624803882
230400,-37.94488767520715
