time,vpos
219600,-60.76555987362627
223200,-60.99212137819394
226800,-44.658858424407825
230400,-14.04363939018382
234000,0.01175518568637614
