time,vpos
223200,-34.96763796703666
226800,-31.53333596654646
230400,-14.049341763527828
234000,-0.00018754171651653453
237600,-0.0007255224336384495
