time,vpos
226800,-11.661300441262753
230400,-5.813683627361107
234000,0.022429346592643434
237600,-0.0017025696497757654
241200,-0.01433064594429791
