time,vpos
230400,0.007288475181415509
234000,0.005837705815954028
237600,0.0040845451484739035
241200,0.0008195731761902658
244800,-0.0021430074940747283
