time,vpos
234000,0.017748794917508796
237600,0.011426849921232735
241200,0.012909621629994865
244800,-0.002602115015215914
248400,-0.025918568365464884
