time,vpos
237600,-0.00012586828781434843
241200,-0.003354275811250376
244800,-0.0009293176506957128
248400,0.0035457092102285943
252000,0.002367370387162211
