time,vpos
241200,0.014714454228279158
244800,0.006998694470744654
248400,-0.02496988721636367
252000,-0.013516721973837144
255600,0.022189265198263208
