time,vpos
244800,-0.014512560480768122
248400,-0.0023923508526271895
252000,0.018757837911812535
255600,0.0004868851782631185
259200,-0.026814046691585085
