time,vpos
248400,-0.004397308192852917
252000,-0.0015698248936770257
255600,-0.002655196444469217
259200,-0.006568051294437299
