time,vpos
25200,-0.004469414992848441
28800,-0.002237428542952748
32400,-0.002384573732753701
36000,-0.0024389422338146212
39600,-0.00011417909517889499
