time,vpos
28800,-0.05017488066918935
32400,-0.03937492139707705
36000,-0.03040299807101037
39600,-0.03296338051332481
43200,-0.03369572700959362
