time,vpos
32400,0.001254401463914997
36000,-0.00403698535230927
39600,-0.007251052125958322
43200,-0.004599679785578914
46800,-0.00402562748777472
