time,vpos
3600,-5.380496641712543e-07
7200,-5.306843293163709e-05
10800,-0.00010559881619910292
