time,vpos
3600,-5.231587728131426e-07
7200,2.3563568670066648e-07
10800,9.944301462144756e-07
