time,vpos
36000,0.004184409417791338
39600,0.0025568048602820073
43200,0.000929200302772677
