time,vpos
36000,0.0009483075749312602
39600,0.0007472530729474087
43200,0.0005461985709635572
