time,vpos
39600,0.030131846641300898
43200,0.018514670105305237
46800,0.006897493569309578
