time,vpos
39600,2.8914255931397163e-05
43200,-4.843377677798785e-06
46800,-3.8601011286994734e-05
