time,vpos
43200,-3.8898541209208016e-05
46800,-2.536238464065363e-05
50400,-1.182622807209925e-05
