time,vpos
43200,-0.002442725387930163
46800,-0.0010228795908331575
50400,0.0003969662062638479
