time,vpos
46800,-0.00038140603152641656
50400,-0.00018366437400147546
54000,1.4077283523465631e-05
