time,vpos
46800,0.011590093546653208
50400,0.01236226284202789
54000,0.013134432137402573
