time,vpos
50400,-0.00034244147361774146
54000,8.673933400774996e-05
57600,0.0005159201416332414
