time,vpos
50400,-0.008939952926269985
54000,-0.003664480429730249
57600,0.0016109920668094867
