time,vpos
54000,1.1080436984611808e-06
57600,1.4180273049529957e-07
61200,-8.244382374705816e-07
