time,vpos
54000,0.0004665200331968608
57600,0.00036546759727473094
61200,0.00026441516135260114
