time,vpos
57600,0.0022929455131477086
61200,0.0022247673662458313
64800,0.0021565892193439544
