time,vpos
57600,-1.7812991103244964e-05
61200,1.1188400784133225e-05
64800,4.0189792671511414e-05
