time,vpos
61200,-4.73411219514136e-08
64800,2.93772493146821e-07
68400,6.348861082450556e-07
