time,vpos
61200,0.00019156351513122173
64800,-1.4639166526013455e-05
68400,-0.00022084184818324862
