time,vpos
64800,0.0023178477162890797
68400,0.002271945923136879
72000,0.0022260441299846783
