time,vpos
64800,0.00037489572072323465
68400,0.00040106281512311776
72000,0.00042722990952300086
