time,vpos
68400,2.46782697792128e-05
72000,1.331031237392758e-05
75600,1.9423549686423597e-06
