time,vpos
68400,2.2642927528619683e-07
72000,3.284994780860216e-07
75600,4.305696808858464e-07
