time,vpos
7200,0.0008877551392494952
10800,5.9057322827650436e-05
14400,-0.0007696404935941944
