time,vpos
7200,0.01013360482998351
10800,0.023417421104992165
14400,0.03670123738000082
