time,vpos
72000,0.0027419160662696136
75600,0.009004387490665098
79200,0.01526685891506058
