time,vpos
72000,0.0004996269196899687
75600,-0.0002444579459545782
79200,-0.000988542811599125
