time,vpos
75600,0.00020973546534668253
79200,-2.2293217063766465e-05
82800,-0.0002543218994742155
