time,vpos
75600,-2.006151451558469e-09
79200,-1.8058416810518008e-07
82800,-3.591621847588017e-07
