time,vpos
79200,-3.441809556491149e-05
82800,-3.0117866856678097e-05
86400,-2.5817638148444705e-05
