time,vpos
79200,-5.540831254255849e-05
82800,1.5512550612008512e-05
86400,8.643341376657552e-05
