time,vpos
82800,-0.00017479321478094668
86400,-0.0002439201768627647
90000,-0.0003130471389445827
