time,vpos
82800,-1.855656460089672e-07
86400,1.9884211829163112e-07
90000,5.832498825922294e-07
