time,vpos
86400,0.031109774871122514
90000,0.00956453726069943
93600,-0.011980700349723657
