time,vpos
86400,0.0001498172092206917
90000,-0.0003949916399658796
93600,-0.0009398004891524509
