time,vpos
90000,-1.0245518260176834e-06
93600,-6.279948743751623e-07
97200,-2.314379227326413e-07
