time,vpos
90000,4.406045824516824e-05
93600,-0.0002884836611430393
97200,-0.000621027780531247
