time,vpos
93600,9.214768482889808e-05
97200,-8.946220823308893e-05
100800,-0.000271072101295076
