time,vpos
93600,0.006772593538551105
97200,0.01687402866646932
100800,0.026975463794387533
