time,vpos
97200,6.929975231877758e-05
100800,-0.00015064438266512448
104400,-0.00037058851764902655
