time,vpos
97200,-0.030917018858461764
100800,-0.008385764700224833
104400,0.014145489458012098
