time,vpos
100800,3.140021198382243e-05
104400,-2.870257180977081e-05
108000,-8.880535560336404e-05
