time,vpos
100800,0.00035752675693742283
104400,0.0006481855550414973
108000,0.0009388443531455716
