time,vpos
104400,-0.0002416763459813488
108000,-0.00013768307671256806
111600,-3.368980744378734e-05
