time,vpos
104400,0.0002116586039844885
108000,0.00037758576565687205
111600,0.0005435129273292556
