time,vpos
10800,0.009668157495021801
14400,0.02105262270180005
18000,0.03243708790857829
