time,vpos
10800,-0.000565313748378824
14400,-6.96711072387426e-05
18000,0.00042597153390133875
