time,vpos
108000,48.00504344787179
111600,48.32996276140001
115200,48.65488207492824
