time,vpos
108000,-2.5979803710535397e-05
111600,3.141745208834124e-05
115200,8.881470788721787e-05
