time,vpos
111600,25.771216453591943
115200,11.7427597396931
118800,-2.2856969742057482
