time,vpos
111600,28.919196600060392
115200,14.459534671868452
118800,-0.0001272563234910179
