time,vpos
115200,-7.474400736963327
118800,-7.533285672619604
122400,-7.592170608275881
