time,vpos
115200,-54.246825779480325
118800,-55.040659013150226
122400,-55.83449224682013
