time,vpos
118800,-74.4649365178558
122400,-75.54182211636173
126000,-76.61870771486765
