time,vpos
118800,-47.45216530439256
122400,-46.77752212195124
126000,-46.10287893950992
