time,vpos
122400,-62.606109792554335
126000,-62.833152755291756
129600,-63.06019571802916
