time,vpos
122400,-63.64998497085538
126000,-64.34707281710136
129600,-65.04416066334737
