time,vpos
126000,-73.91812203166424
129600,-74.12860735016311
133200,-74.339092668662
