time,vpos
126000,-40.52525179655249
129600,-40.743911980391154
133200,-40.962572164229826
