time,vpos
129600,-39.195164998655905
133200,-39.396205702486355
136800,-39.59724640631679
