time,vpos
129600,-54.01476619033151
133200,-54.16905521269151
136800,-54.32334423505152
