time,vpos
133200,-34.104804379587314
136800,-34.27930578678892
140400,-34.453807193990514
