time,vpos
133200,-41.71502501755425
136800,-41.83407811021082
140400,-41.95313120286738
