time,vpos
136800,4.727095267543851e-06
140400,2.605945770723381e-08
144000,-4.674976352129383e-06
