time,vpos
136800,-30.250012220770383
140400,-30.336075310323817
144000,-30.42213839987726
