time,vpos
140400,0.0016706130135978096
144000,0.00022436792856763316
147600,-0.0012218771564625433
