time,vpos
140400,3.0723548763633083e-06
144000,-1.7851871637528067e-05
147600,-3.877609815141944e-05
