time,vpos
14400,-1.599322035378964e-05
18000,-9.867965115803728e-06
21600,-3.742709877817816e-06
