time,vpos
14400,6.66375335638485e-05
18000,5.1620323551630065e-05
21600,3.660311353941163e-05
