time,vpos
144000,-3.0475664689478665e-06
147600,9.848538924183239e-08
151200,3.2445372474315312e-06
