time,vpos
144000,-1.8826146188310154e-06
147600,-4.967672275000678e-07
151200,8.890801638308798e-07
