time,vpos
147600,-5.420660026253174e-05
151200,0.0003307505482872601
154800,0.0007157076968370519
