time,vpos
147600,-5.360662096512425e-08
151200,4.156757048214433e-08
154800,1.367417619294129e-07
