time,vpos
151200,1.5605606730473287e-06
154800,1.1040856836858765e-06
158400,6.476106943244242e-07
