time,vpos
151200,7.336227840467127e-05
154800,6.615963765571462e-05
158400,5.895699690675797e-05
