time,vpos
154800,0.0005318378496032184
158400,0.0004494216860985314
162000,0.00036700552259384434
