time,vpos
154800,0.011037618189289335
158400,0.007825793990687935
162000,0.004613969792086536
