time,vpos
158400,2.058060628255115e-06
162000,1.6401483358963187e-06
165600,1.2222360435375224e-06
