time,vpos
158400,-4.983120738960567e-08
162000,-1.1761253851253275e-07
165600,-1.8539386963545984e-07
