time,vpos
162000,-8.869797570032478e-08
165600,-4.330197859894573e-08
169200,2.0940185024333202e-09
