time,vpos
162000,-0.00025529207921744267
165600,-6.190172339206592e-05
169200,0.00013148863243331082
