time,vpos
165600,0.0003715857000424243
169200,3.7892306498284844e-05
172800,-0.0002958010870458546
