time,vpos
165600,-6.910276482622746e-08
169200,-3.7511137399157624e-08
172800,-5.919509972087788e-09
