time,vpos
169200,-1.0522499692324633e-07
172800,2.8698873887154225e-08
176400,1.6262274469755478e-07
