time,vpos
169200,-8.071219068745564e-05
172800,-3.684188733685219e-05
176400,7.028416013751254e-06
