time,vpos
172800,-4.062665173965675e-05
176400,-3.275118051767819e-05
180000,-2.487570929569963e-05
