time,vpos
172800,1.2729263523456047e-06
176400,-1.0114104163558291e-07
180000,-1.4752084356167705e-06
