time,vpos
176400,0.00134136286053793
180000,0.0007565455622063162
183600,0.0001717282638747026
