time,vpos
176400,-4.141122303402689e-06
180000,-5.664525442976298e-06
183600,-7.187928582549907e-06
