time,vpos
18000,3.228613654379705e-07
21600,8.467104857988735e-08
25200,-1.535192682781958e-07
