time,vpos
18000,-1.4997877685568362e-05
21600,6.904461278288385e-06
25200,2.880680024214513e-05
