time,vpos
180000,1.0002822376573588e-05
183600,-3.1128269874088406e-06
187200,-1.622847635139127e-05
