time,vpos
180000,-0.011824522996497708
183600,-0.008162949424022205
187200,-0.004501375851546701
