time,vpos
183600,-0.00032962935380211164
187200,0.0001943894199524265
190800,0.0007184081937069647
