time,vpos
183600,-4.077805100533016e-06
187200,-1.6286768358877296e-06
190800,8.204514287575571e-07
