time,vpos
187200,0.011250882964399661
190800,0.00555997288387948
194400,-0.00013093719664070136
