time,vpos
187200,0.0003584892249126808
190800,-0.00035691347239182796
194400,-0.0010723161696963367
