time,vpos
190800,0.00019588250161161849
194400,-0.0002463213156841936
198000,-0.0006885251329800056
