time,vpos
190800,-5.655089416189973e-06
194400,-1.1265704217590378e-06
198000,3.401948572671898e-06
