time,vpos
194400,0.8059104049747717
198000,0.8082896330294246
201600,0.8106688610840774
