time,vpos
194400,4.016251451942029
198000,4.034256718092252
201600,4.052261984242475
