time,vpos
198000,14.15352329975492
201600,-4.015359813546652
205200,-22.184242926848224
