time,vpos
198000,5.219149996742126
201600,2.6095746133360853
205200,-7.700699550250434e-07
