time,vpos
201600,-79.94441376521769
205200,-81.50439974357523
208800,-83.0643857219328
