time,vpos
201600,-39.74473960800494
205200,-40.19093415172343
208800,-40.63712869544192
