time,vpos
205200,-94.41514130582989
208800,-95.64828623864527
212400,-96.88143117146065
