time,vpos
208800,-99.99999999999987
212400,-99.99999999999987
216000,-99.99999999999987
