time,vpos
212400,-99.99999999998094
216000,-99.99999999999048
219600,-99.99999999999999
