time,vpos
212400,-99.99999999986709
216000,-99.99999999986626
219600,-99.99999999986544
