time,vpos
21600,52.582942873592266
25200,52.881665152909285
28800,53.1803874322263
