time,vpos
21600,33.1199175281953
25200,33.33120821409721
28800,33.54249889999911
