time,vpos
216000,-99.99999999995383
219600,-87.95445011301655
223200,-75.90890022607925
