time,vpos
219600,-56.42360929365551
223200,-56.64460150493992
226800,-56.865593716224325
