time,vpos
219600,-96.90270397755206
223200,-97.17802245796398
226800,-97.45334093837589
