time,vpos
223200,-44.60442889933163
226800,-44.78647887043837
230400,-44.96852884154512
