time,vpos
223200,-52.60111730025545
226800,-52.751146556307596
230400,-52.90117581235974
