time,vpos
226800,-36.23289129729082
230400,-18.116004314620785
234000,0.0008826680492535922
