time,vpos
226800,-11.399598568048255
230400,-5.699799423409832
234000,-2.78771409602252e-07
