time,vpos
230400,-7.56107271032095e-08
234000,-4.8703373452252396e-08
237600,-2.1796019801295294e-08
