time,vpos
230400,-2.2118517441834396e-05
234000,-5.195843241567006e-06
237600,1.1726830958700384e-05
