time,vpos
234000,-9.846858467499331e-08
237600,-7.619586421536706e-06
241200,-1.5140704258398419e-05
