time,vpos
234000,-0.0004781522684678912
237600,9.529011666974275e-05
241200,0.0006687325018073767
