time,vpos
237600,-0.0007530599195530708
241200,-0.0007775285123068289
244800,-0.000801997105060587
