time,vpos
237600,0.0091995699948978
241200,0.005913870953793004
244800,0.0026281719126882083
