time,vpos
241200,8.070953885623046e-06
244800,7.351310927643283e-06
248400,6.6316679696635204e-06
