time,vpos
241200,2.4042869924134624e-06
244800,9.316624240748167e-07
248400,-5.40962144263829e-07
