time,vpos
244800,0.000699391317723563
248400,0.0007698676388515044
252000,0.0008403439599794457
