time,vpos
244800,-3.5935126790898053e-06
248400,4.87566661523664e-07
252000,4.568646002137133e-06
