time,vpos
248400,0.004025732925067331
252000,0.002708922618602336
255600,0.0013921123121373412
