time,vpos
248400,-1.376843613551176e-06
252000,-1.226422732559249e-06
255600,-1.076001851567322e-06
