time,vpos
25200,30.770734942273066
28800,15.762850840209278
32400,0.7549667381454905
