time,vpos
25200,22.8063877323716
28800,11.403192868678586
32400,-1.9950144279483596e-06
