time,vpos
252000,0.0002974030881663955
255600,-5.131981320542728e-05
259200,-0.00040004271457725005
