time,vpos
252000,1.2401933013536648e-07
255600,1.5761592139958147e-07
259200,1.9121251266379646e-07
