time,vpos
255600,7.3542848880170375e-06
259200,7.3542848880170375e-06
