time,vpos
255600,0.00018037731126295482
259200,0.00018037731126295482
