time,vpos
28800,2.451536544119044
32400,2.4585329153769875
36000,2.4655292866349314
