time,vpos
28800,-0.001128808836731686
32400,-0.0006025772486874459
36000,-7.634566064320595e-05
