time,vpos
32400,-0.005817757014906985
36000,-0.006905262861724181
39600,-0.007992768708541377
