time,vpos
32400,-3.2847465088192696e-06
36000,2.5053395752080987e-06
39600,8.295425659235467e-06
