time,vpos
79200,0.0032372683803197954
82800,0.004386282394419391
86400,0.0041079864551915755
90000,0.0019428551424984387
93600,0.0012050337831327144
