time,vpos
82800,0.0029507362229592798
86400,0.003806158148139069
90000,0.0033513136293870493
93600,0.0014814326842368312
97200,0.0009218181830184229
