time,vpos
97200,0.0015722535247825631
100800,0.00427710116844246
104400,0.004826835912693183
108000,0.0012783540352150112
111600,-0.00011501494285398551
