time,vpos
10800,-0.006373675159843726
14400,-0.00018364754639366352
18000,0.004797243360710716
21600,0.003435699019439147
25200,0.0032832913845132596
