time,vpos
111600,12.286390244699854
115200,-21.754989345566244
118800,-56.45183696135554
122400,-57.73805894016362
126000,-58.36881289344852
