time,vpos
151200,-0.0009988202376426056
154800,-0.005536095015983112
158400,-0.0026913984792187188
162000,0.004399305161041851
165600,0.004108037486197521
