time,vpos
169200,-0.01842025253449113
172800,-0.0015955450228179234
176400,0.016390633081325857
180000,-0.005593038250872973
183600,-0.028738180175542378
