time,vpos
201600,-99.9999999999993
205200,-99.99999999999662
208800,-99.99999999999352
212400,-99.99999999999531
216000,-99.99999999999753
