time,vpos
21600,17.83263192040105
25200,17.955431374050885
28800,9.041019385922935
32400,-0.0003020621521346682
36000,-0.004412068449415528
