time,vpos
25200,18.07823049490147
28800,9.009913656617655
32400,-0.03490303931458394
36000,-0.019938480545536822
39600,-0.028474064128067987
