time,vpos
3600,-2.2746760785716247e-07
7200,-1.234308011702212e-09
10800,2.2499899183375804e-07
