time,vpos
43200,-8.702149037172549e-08
46800,-8.612097562513263e-07
50400,-1.635398022130927e-06
