time,vpos
50400,-0.000694576464913973
54000,-0.00024215712342624788
57600,0.00021026221806147726
