time,vpos
61200,1.3326345990258281e-07
64800,5.560822230530997e-07
68400,9.789009862036166e-07
