time,vpos
7200,0.009582174009332544
10800,0.014411047941094966
14400,0.019239921872857387
