time,vpos
72000,-0.000589642896869089
75600,-0.0011251677041443692
79200,-0.0016606925114196493
