time,vpos
82800,2.031665200658006e-09
86400,-1.2732056838948153e-07
90000,-2.5667280197962106e-07
