time,vpos
86400,-0.025722958399786795
90000,-0.00235446350756337
93600,0.021014031384660056
