time,vpos
93600,-8.751620129992629e-05
97200,-0.00015006202191877917
100800,-0.00021260784253763205
