time,vpos
97200,6.304285498864395e-05
100800,-0.000216325458848595
104400,-0.000495693772685834
