time,vpos
100800,0.002782701385963782
104400,0.002014831941340657
108000,0.001246962496717532
