time,vpos
104400,-0.0003268585234415376
108000,-0.0003438910953192704
111600,-0.00036092366719700324
