time,vpos
104400,0.01475467051708975
108000,0.028593172738189898
111600,0.042431674959290046
