time,vpos
108000,30.30132264629834
111600,30.553418975678646
115200,30.80551530505895
