time,vpos
122400,-68.29492199160912
126000,-56.86295675845925
129600,-45.430991525309395
