time,vpos
129600,-35.79954207619439
133200,-35.902014439709575
136800,-36.00448680322475
