time,vpos
136800,-17.414370468826505
140400,-17.464082296779864
144000,-17.513794124733227
