time,vpos
140400,0.0030401969969759673
144000,0.0009086666836395456
147600,-0.001222863629696876
