time,vpos
151200,-0.0003159806509129041
154800,4.387377520396194e-05
158400,0.00040372820132082796
