time,vpos
172800,-1.4048276042455399e-06
176400,-6.8461702943333445e-06
180000,-1.228751298442115e-05
