time,vpos
176400,-0.0074510072176867635
180000,0.001358776796086072
183600,0.010168560809858907
