time,vpos
183600,0.057507337173728565
187200,0.029734477187925816
190800,0.001961617202123067
