time,vpos
194400,8.593815123280642
198000,8.62057632487729
201600,8.647337526473937
