time,vpos
205200,-99.99999997999166
208800,-99.99999997998962
212400,-99.99999997998759
