time,vpos
21600,34.449577247952305
25200,34.698989128273524
28800,34.94840100859474
