time,vpos
216000,-100.0
219600,-95.7565566746344
223200,-91.51311334926879
