time,vpos
219600,-68.89957928690613
223200,-69.10199490277155
226800,-69.30441051863698
