time,vpos
223200,-39.527933770628266
226800,-39.642234664169315
230400,-39.75653555771038
