time,vpos
226800,-4.7509598100324775
230400,-2.3754804713810156
234000,-1.1327295539910465e-06
