time,vpos
234000,-1.358217404345797e-06
237600,-5.3161963497042615e-05
241200,-0.00010496570958973943
