time,vpos
241200,-0.0004430347855258124
244800,-0.00011294334243387495
248400,0.00021714810065806252
