time,vpos
248400,9.460825256893401e-07
252000,-3.8067181321217725e-07
255600,-1.7074261521136946e-06
