time,vpos
25200,34.94840100838079
28800,17.474167149569496
32400,-6.670924179719151e-05
