time,vpos
252000,-0.0065920136693082545
255600,-0.004101420774123483
259200,-0.0016108278789387113
