time,vpos
255600,7.541679687694813e-06
259200,7.541679687694813e-06
