time,vpos
28800,1.903083101210956e-05
32400,0.00014735136523408125
36000,0.00027567189945605294
