time,vpos
32400,-0.0018689888373450334
36000,0.0015725281968571772
39600,0.005014045231059388
