time,vpos
3600,-1.842665438636648e-08
7200,-3.700201156326549e-07
10800,-7.216135768789433e-07
