time,vpos
3600,-3.680626684852296e-06
7200,-1.5444058878309183e-05
10800,-2.7207491071766068e-05
