time,vpos
36000,-0.002560311307158933
39600,0.01150042334740935
43200,0.025561158001977634
