time,vpos
36000,2.346496814585857e-05
39600,-1.4939219244604189e-05
43200,-5.334340663506695e-05
