time,vpos
39600,-9.225120662073897e-06
43200,-1.2844596554857151e-05
46800,-1.6464072447640406e-05
