time,vpos
39600,-0.007282047446292264
43200,0.0036350093598512827
46800,0.01455206616599483
