time,vpos
43200,-0.0006880931776924375
46800,-0.000522390226889775
50400,-0.00035668727608711276
