time,vpos
43200,-0.011321381795019589
46800,-0.007050843881014601
50400,-0.002780305967009614
