time,vpos
46800,6.230347330605547e-07
50400,2.386212697271309e-07
54000,-1.4579219360629295e-07
