time,vpos
46800,1.308841562770217e-06
50400,9.303251132620613e-05
54000,0.00018475618108964207
