time,vpos
50400,-0.00021863094060410837
54000,-0.00013662734530065003
57600,-5.4623749997191666e-05
