time,vpos
50400,-2.549812509354196e-07
54000,-1.6473135811705987e-07
57600,-7.448146529870012e-08
