time,vpos
54000,0.009778522273440424
57600,0.006256664934544808
61200,0.002734807595649192
