time,vpos
54000,-4.185090013490329e-06
57600,-9.026287201442985e-06
61200,-1.386748438939564e-05
