time,vpos
57600,-3.695286225556031e-05
61200,9.791862126612763e-06
64800,5.6536586508785836e-05
