time,vpos
57600,-0.00010116820346390328
61200,-8.698231583580671e-05
64800,-7.279642820771015e-05
