time,vpos
61200,-0.011588103587556638
64800,0.0026350411976365853
68400,0.01685818598282981
