time,vpos
61200,8.910570997845602e-06
64800,3.5094131874307006e-05
68400,6.127769275076841e-05
