time,vpos
64800,0.00012647693127894167
68400,0.00010922637801284017
72000,9.197582474673868e-05
