time,vpos
64800,-4.324735636881266e-08
68400,-5.973694770181753e-08
72000,-7.62265390348224e-08
