time,vpos
68400,0.00039653324663156404
72000,-0.00033338656681024985
75600,-0.0010633063802520638
