time,vpos
68400,0.009440685851934286
72000,0.009856174316391197
75600,0.010271662780848108
