time,vpos
7200,-0.0007589706822859477
10800,-0.0005981921939202887
14400,-0.0004374137055546297
