time,vpos
7200,-0.003694733090342517
10800,-0.002626487444067939
14400,-0.001558241797793361
