time,vpos
72000,0.0001507759920418671
75600,-0.0005155481142768537
79200,-0.0011818722205955746
