time,vpos
72000,0.006996067347618453
75600,0.014134539885499566
79200,0.02127301242338068
