time,vpos
75600,8.179920480209399e-05
79200,-0.0003535367383357305
82800,-0.0007888726814735549
