time,vpos
75600,0.003445195747970274
79200,0.006588331040245448
82800,0.009731466332520622
