time,vpos
79200,-3.1800965159344116e-06
82800,-2.1010302934855637e-06
86400,-1.0219640710367158e-06
