time,vpos
79200,0.01251914391292219
82800,0.026925950456502538
86400,0.04133275700008289
