time,vpos
82800,0.0034119759580203413
86400,0.00657055210619025
90000,0.009729128254360158
