time,vpos
82800,0.0003489702937896973
86400,-0.0001766787794706055
90000,-0.0007023278527309083
