time,vpos
86400,-6.919437711115785e-05
90000,-0.00019349223561124725
93600,-0.00031779009411133665
