time,vpos
86400,0.000431759823875963
90000,0.0007682076431265042
93600,0.0011046554623770455
