time,vpos
90000,-1.1407698318963155e-07
93600,-1.8644248123448823e-07
97200,-2.588079792793449e-07
