time,vpos
90000,-0.00010656950082784819
93600,-2.5862330929352752e-05
97200,5.4844838969142685e-05
