time,vpos
93600,-0.0004275851684961491
97200,-0.0001500846430188399
100800,0.00012741588245846925
