time,vpos
93600,0.0015598589753999755
97200,0.0009886913363678425
100800,0.0004175236973357095
