time,vpos
97200,4.7812330960725347e-08
100800,2.0998549882418616e-08
104400,-5.815231195888115e-09
