time,vpos
97200,9.461755774099878e-05
100800,-0.00020023436502184083
104400,-0.0004950862877846805
