time,vpos
100800,-0.017239934836715126
104400,-0.02004089252620085
108000,-0.022841850215686577
