time,vpos
100800,-7.054841695203272e-06
104400,-0.0004288571090496789
108000,-0.0008506593764041545
