time,vpos
104400,6.750738474605337e-06
108000,-2.0525820538299854e-05
111600,-4.780237955120504e-05
