time,vpos
104400,-1.1937227172020837e-06
108000,-1.0958459657067765e-06
111600,-9.979692142114693e-07
