time,vpos
10800,3.152614877627302e-05
14400,-5.814893186085676e-05
18000,-0.00014782401249798655
