time,vpos
10800,0.0128558500976126
14400,0.025801839047650384
18000,0.03874782799768817
