time,vpos
108000,0.005566147705275866
111600,-5.8380235755882935e-05
115200,-0.005682908176787632
