time,vpos
108000,79.35987681844475
111600,79.58640519999283
115200,79.81293358154092
