time,vpos
111600,63.42839490187953
115200,31.714197643761317
118800,3.8564310501671857e-07
