time,vpos
111600,-0.04282886766897498
115200,-9.0249806312928
118800,-18.007132394916624
