time,vpos
115200,-52.24267056502736
118800,-53.149582386924024
122400,-54.05649420882068
