time,vpos
115200,-2.427587523962666
118800,-2.434755107419427
122400,-2.441922690876188
