time,vpos
118800,-54.28444403664948
122400,-54.44476368370319
126000,-54.60508333075691
