time,vpos
118800,-58.68671703375308
122400,-59.54116497510144
126000,-60.39561291644979
