time,vpos
122400,-36.58049498212021
126000,-36.92465135584991
129600,-37.26880772957963
