time,vpos
122400,-82.7379305561128
126000,-82.97540735613616
129600,-83.21288415615953
