time,vpos
126000,-20.872074030294552
129600,-20.965253009431155
133200,-21.058431988567765
