time,vpos
126000,-94.2465619140909
129600,-94.51575808361329
133200,-94.7849542531357
