time,vpos
129600,-34.07847755980639
133200,-34.23642641607568
136800,-34.39437527234497
