time,vpos
129600,-73.67415648723646
133200,-73.88477102896987
136800,-74.09538557070329
