time,vpos
133200,-50.40413548761726
136800,-50.54765783696008
140400,-50.6911801863029
