time,vpos
133200,-47.38943216509268
136800,-30.983196756637305
140400,-14.57696134818193
