time,vpos
136800,-4.151640368005662
140400,-4.163512287490048
144000,-4.175384206974433
