time,vpos
136800,-26.006120147191574
140400,-22.16596194879954
144000,-18.325803750407506
