time,vpos
140400,-8.899162533112348
144000,-4.449580058529613
147600,2.4160531218037073e-06
