time,vpos
140400,-7.125202257769964e-08
144000,-6.160912921658796e-08
147600,-5.1966235855476287e-08
