time,vpos
14400,-8.161268229506198e-05
18000,-8.277304841200015e-05
21600,-8.393341452893831e-05
