time,vpos
14400,-0.004503835579932475
18000,-0.002767536897788016
21600,-0.0010312382156435571
