time,vpos
144000,-0.00019138629404099998
147600,-2.6011260266400017e-05
151200,0.00013936377350819994
