time,vpos
144000,1.216833659702099e-06
147600,7.382471368597154e-07
151200,2.5966061401733187e-07
