time,vpos
147600,1.032443861740534e-07
151200,4.108601210905125e-07
154800,7.184758560069716e-07
