time,vpos
147600,-0.0005122813725376722
151200,-0.00023578680277255693
154800,4.070776699255835e-05
