time,vpos
151200,-0.0005892031080714788
154800,2.6299022549275408e-05
158400,0.0006418011531700296
