time,vpos
151200,-0.019612405365518337
154800,-0.01724242856093721
158400,-0.014872451756356084
