time,vpos
154800,0.00027994558202239304
158400,0.00010548269694753544
162000,-6.898018812732216e-05
