time,vpos
154800,3.412569751087835e-07
158400,-2.9440997513160982e-08
162000,-4.0013897013510547e-07
