time,vpos
158400,-3.475019111354172e-05
162000,-2.2990117534184284e-05
165600,-1.1230043954826852e-05
