time,vpos
158400,-4.801627616221821e-05
162000,-4.415199267687438e-05
165600,-4.028770919153055e-05
