time,vpos
162000,-0.00020829743324277523
165600,-0.0001954844464153683
169200,-0.00018267145958796136
