time,vpos
162000,-1.1257777869644325e-08
165600,-2.917519707160837e-07
169200,-5.722461635625231e-07
