time,vpos
165600,1.1937509904191845e-07
169200,2.9199957821157176e-07
172800,4.6462405738122506e-07
