time,vpos
165600,0.0002053424354918125
169200,-0.00025797491207960884
172800,-0.0007212922596510302
