time,vpos
169200,-6.28930038018273e-05
172800,3.7607271879476595e-05
176400,0.0001381075475607805
