time,vpos
169200,0.006090138245295411
172800,-0.004463925410894213
176400,-0.015017989067083837
