time,vpos
172800,-4.966541672368763e-05
176400,-4.386751475474182e-05
180000,-3.8069612785796014e-05
