time,vpos
172800,-4.434442714728435e-05
176400,1.4105588135319215e-05
180000,7.255560341792278e-05
