time,vpos
176400,0.0016493593977631572
180000,0.0006502490301170547
183600,-0.0003488613375290478
