time,vpos
176400,-0.001242253925620414
180000,0.0004096752754477169
183600,0.002061604476515848
