time,vpos
18000,-8.309861045802114e-09
21600,1.6169483829132913e-08
25200,4.064882870406794e-08
