time,vpos
18000,-0.00047006566431876924
21600,-0.0003879009454375645
25200,-0.00030573622655635975
