time,vpos
180000,-3.5086437507117485e-06
183600,-2.589734768038837e-06
187200,-1.6708257853659259e-06
