time,vpos
180000,0.0002706756938717059
183600,-0.00040558630757679323
187200,-0.0010818483090252924
