time,vpos
183600,8.624922083824704e-07
187200,3.016895148413509e-08
190800,-8.021543054142002e-07
