time,vpos
183600,0.0010990016287569615
187200,0.0004639673590001289
190800,-0.00017106691075670371
