time,vpos
187200,-0.00011339078261618507
190800,2.675946947049146e-05
194400,0.000166909721557168
