time,vpos
187200,8.450330588917476e-07
190800,7.339533379712229e-07
194400,6.228736170506982e-07
