time,vpos
190800,-0.025549083288136862
194400,-0.016338696364052562
198000,-0.0071283094399682626
