time,vpos
190800,1.2806191891645557e-06
194400,2.433759358584295e-06
198000,3.586899528004034e-06
