time,vpos
194400,17.633660603348467
198000,17.702976884941673
201600,17.77229316653488
