time,vpos
194400,3.799492724226235
198000,3.816476368440342
201600,3.8334600126544496
