time,vpos
198000,21.75983325604078
201600,10.879916637117443
205200,1.8194106421374537e-08
