time,vpos
198000,6.989699192036902
201600,-0.7486696178883769
205200,-8.487038427813657
