time,vpos
201600,-54.283295120775485
205200,-55.048166815458224
208800,-55.813038510140956
