time,vpos
201600,-91.92951585005642
205200,-93.75397439294508
208800,-95.57843293583376
