time,vpos
205200,-99.9999999999987
208800,-99.99999999999936
212400,-100.0
