time,vpos
205200,-99.99999999966033
208800,-99.99999999954221
212400,-99.99999999942408
