time,vpos
208800,-99.99999999995921
212400,-99.9999999999295
216000,-99.99999999989977
