time,vpos
208800,-99.9999999998065
212400,-99.99999999990325
216000,-100.0
