time,vpos
212400,-62.421776261010486
216000,-63.463261954274984
219600,-64.50474764753947
