time,vpos
212400,-99.99999999999798
216000,-99.99999999999899
219600,-100.0
