time,vpos
21600,34.04635621040655
25200,34.22345090096941
28800,34.400545591532264
