time,vpos
21600,21.460548295634656
25200,21.64835764861807
28800,21.836167001601485
