time,vpos
216000,-99.99999999999987
219600,-99.99999999999982
223200,-99.99999999999974
