time,vpos
219600,-100.0
223200,-99.99210105531061
226800,-99.98420211062123
