time,vpos
219600,-87.18407380060708
223200,-73.61065641315989
226800,-60.037239025712694
