time,vpos
223200,-28.093160101551582
226800,-28.245141751707344
230400,-28.3971234018631
