time,vpos
223200,-68.41570646132224
226800,-68.68958746684568
230400,-68.96346847236912
