time,vpos
226800,-36.33228524963159
230400,-18.16614248214724
234000,2.8533710745744234e-07
