time,vpos
226800,-42.54612794777677
230400,-21.273063955115685
234000,3.7545398875187314e-08
