time,vpos
230400,-1.5034408043165803e-06
234000,-1.1637116753950363e-06
237600,-8.239825464734923e-07
