time,vpos
230400,-2.1071428721449945e-06
234000,-2.290331554966052e-06
237600,-2.4735202377871093e-06
