time,vpos
234000,5.408993244103433e-06
237600,4.180230949802147e-06
241200,2.9514686555008607e-06
