time,vpos
234000,-1.8826088034879624e-05
237600,2.4057068369969615e-06
241200,2.3637501708873547e-05
