time,vpos
237600,1.6739090314671205e-05
241200,-1.919230649406712e-06
244800,-2.057755161348463e-05
