time,vpos
237600,-0.023959461692709544
241200,-0.02855866274976334
244800,-0.03315786380681714
