time,vpos
241200,-0.00025924752337870896
244800,9.87502728335802e-06
248400,0.00027899757794542504
