time,vpos
241200,-1.5156510561439144e-08
244800,-6.748909817061153e-07
248400,-1.3346254528507915e-06
