time,vpos
244800,-0.00029185329153504
248400,0.00025696382202711795
252000,0.0008057809355892758
