time,vpos
244800,-1.9956279767585627e-06
248400,-1.850875831245491e-06
252000,-1.7061236857324191e-06
