time,vpos
248400,-1.944039605510095e-07
252000,-6.872936151409645e-08
255600,5.6945237522816605e-08
