time,vpos
248400,-2.393028452350775e-05
252000,8.742612881735981e-06
255600,4.1415510286979713e-05
