time,vpos
25200,31.918557032394983
28800,15.959278450763792
32400,-1.3086740014467272e-07
