time,vpos
25200,20.096093616060408
28800,10.048045246875246
32400,-3.122309917308764e-06
