time,vpos
252000,1.4893887963218777e-07
255600,3.6118460090177676e-07
259200,5.734303221713657e-07
