time,vpos
252000,0.0008935472575647815
255600,0.0009650230128352824
259200,0.0010364987681057833
