time,vpos
255600,5.3092894329118275e-06
259200,5.3092894329118275e-06
