time,vpos
255600,6.180754780205078e-06
259200,6.180754780205078e-06
