time,vpos
28800,-1.2535435929290212e-07
32400,-7.378647256292125e-07
36000,-1.3503750919655229e-06
