time,vpos
28800,-0.0005465956596370925
32400,-0.0006265873110335016
36000,-0.0007065789624299107
