time,vpos
32400,-5.629306704353053e-05
36000,-3.4443040450949646e-06
39600,4.94044589533406e-05
