time,vpos
32400,-0.02734741794934506
36000,-0.006925226169900286
39600,0.013496965609544487
