time,vpos
0,-0.001010496078502482
3600,-5.209996190996824e-05
7200,0.0009062961546825454
