time,vpos
39600,-0.003046802129316609
43200,-0.0034350076806909297
46800,-0.0038232132320652505
