time,vpos
43200,0.00044424363018896355
46800,0.0001452733298197362
50400,-0.00015369697054949116
