time,vpos
46800,0.0005733191299152904
50400,0.0004977298790858785
54000,0.0004221406282564665
