time,vpos
46800,-0.012946850658023906
50400,-0.0026887968107910908
54000,0.007569257036441724
