time,vpos
54000,-2.9436184756197192e-06
57600,-1.6249735346803712e-06
61200,-3.0632859374102317e-07
