time,vpos
61200,0.00031798254804551784
64800,-0.00010034656576957902
68400,-0.0005186756795846759
