time,vpos
64800,0.008462745049259299
68400,0.008995959400883694
72000,0.009529173752508089
