time,vpos
64800,-0.0002940623636957609
68400,0.00022350104948236487
72000,0.0007410644626604907
