time,vpos
7200,6.775685882444492e-05
10800,-0.00020583179386853267
14400,-0.0004794204465615102
