time,vpos
79200,-0.006634964086025196
82800,0.0002813159540942606
86400,0.007197595994213718
