time,vpos
79200,0.00023652008608303438
82800,-0.00043315352843943677
86400,-0.001102827142961908
