time,vpos
97200,2.2780644176600973e-07
100800,-4.615250501650153e-08
104400,-3.201114517990128e-07
