time,vpos
111600,30.80548900070341
115200,15.40274126601124
118800,-6.468680931352787e-06
