time,vpos
118800,-66.84605271512473
122400,-67.57080228875367
126000,-68.29555186238262
