time,vpos
133200,-26.400439431320166
136800,-26.47577876391594
140400,-26.551118096511715
