time,vpos
133200,-27.563444555018336
136800,-27.64211669920207
140400,-27.720788843385808
