time,vpos
140400,-3.1189404034016484e-08
144000,-1.1246625172268156e-07
147600,-1.9374309941134663e-07
