time,vpos
14400,0.001836128906120742
18000,0.003514991339827287
21600,0.005193853773533832
