time,vpos
144000,-0.0006196507601446688
147600,0.00011359210696733841
151200,0.0008468349740793456
