time,vpos
147600,-6.265878490632407e-05
151200,-3.4466042565104495e-06
154800,5.576557639330317e-05
