time,vpos
158400,-1.0300263400455506e-07
162000,-8.86117737020943e-08
165600,-7.422091339963355e-08
