time,vpos
169200,0.0002454805770689972
172800,0.00024382903639016333
176400,0.00024217749571132948
