time,vpos
169200,-5.093258008273885e-08
172800,-5.250206149822953e-08
176400,-5.407154291372021e-08
