time,vpos
183600,-0.0003919389018589085
187200,-0.00012596827004154217
190800,0.00014000236177582416
