time,vpos
187200,-3.633370962603799e-07
190800,-1.865513436869609e-07
194400,-9.765591113541916e-09
