time,vpos
194400,5.252594121990659
198000,5.268997118773959
201600,5.285400115557259
