time,vpos
201600,-62.354006079900756
205200,-63.32632051070119
208800,-64.2986349415016
