time,vpos
212400,-99.99999999997094
216000,-99.9999999999633
219600,-99.99999999995566
