time,vpos
21600,35.4506939651482
25200,35.70735982358326
28800,35.96402568201832
