time,vpos
223200,-39.5274480759214
226800,-39.64203660920287
230400,-39.756625142484346
