time,vpos
241200,0.0011294910608431541
244800,0.0004377732092969124
248400,-0.0002539446422493294
