time,vpos
244800,-3.1554838547664943e-06
248400,-2.84029846690792e-07
252000,2.5874241613849103e-06
