time,vpos
248400,-8.098866976504425e-05
252000,4.003319087005525e-06
255600,8.89953079390553e-05
