time,vpos
252000,0.0006886149453076936
255600,0.0004795311874621679
259200,0.00027044742961664217
