time,vpos
0,0.005535703638104837
3600,0.007534090481679757
7200,0.0036325994700494068
10800,-0.001307552734237626
14400,-0.00034782708331938805
