time,vpos
3600,0.0013363114675748133
7200,0.001417800192216208
10800,0.0010541671521594929
14400,0.0004318201193354899
18000,0.0002545948512095971
