time,vpos
36000,-0.006492937314485559
39600,0.0002826380900684667
43200,0.008317053455001189
46800,0.01398259046968316
50400,0.018389287523986438
