time,vpos
39600,-0.0034297095513406185
43200,0.0009294044446062685
46800,0.0061458213205712545
50400,-0.006719790793727686
54000,-0.020442705788044725
