time,vpos
43200,-0.0038988045113938895
46800,0.00164919602234094
50400,0.0005600306404042276
54000,-0.00943486127009295
57600,-0.012792587264918585
