time,vpos
46800,-0.0003081719221852044
50400,-0.0005889173770456599
54000,0.005049593655052378
57600,0.008408418748653813
61200,0.0058479873552967545
