time,vpos
50400,-7.479880806773344e-06
54000,3.2420619837120884e-05
57600,-5.1814872875272674e-05
61200,-2.1041054109913562e-05
64800,0.00013386875801173334
