time,vpos
54000,6.782070002394822e-05
57600,0.0006179156249511359
61200,0.0006515202784395464
64800,0.00016278558414790966
68400,0.00019054116129505003
