time,vpos
57600,-0.010583965996317887
61200,-0.01399653636807984
64800,-0.02842110761961565
68400,-0.032136219802882116
72000,-0.02483933110637472
