time,vpos
61200,0.0019019133022793791
64800,0.0028270365754359214
68400,0.006141366931441043
72000,0.005546075354701457
75600,0.002561576695113291
