time,vpos
64800,-0.00038228062844608465
68400,-0.0006767829416473449
72000,-0.0008083554959208291
75600,-0.0008424372962281361
79200,-0.001039448855463219
