time,vpos
68400,0.00343456896517125
72000,0.005811982783221334
75600,0.008040931559110079
79200,0.00549799778800414
82800,0.0031035290590595427
