time,vpos
7200,-0.005732520729078106
10800,-0.006578194326184515
14400,-0.03676869727657809
18000,0.0068848245124567605
21600,0.07988317565477879
