time,vpos
72000,0.002966157073564321
75600,0.0078527916679528
79200,0.010202122255081355
82800,0.004948903658451558
86400,0.002232989069081686
