time,vpos
75600,0.00454880526430479
79200,0.012550885284206496
82800,0.01342466536261237
86400,0.005818858314705813
90000,0.00534135120829509
