time,vpos
79200,0.0031052311169815555
82800,0.0037662426279602835
86400,0.004131150356119899
90000,0.002698739218510071
93600,0.001562431863719356
