time,vpos
82800,0.00357462324740035
86400,0.004622829909929063
90000,0.004132939806117137
93600,0.0018873444716171746
97200,0.0011798459034578507
