time,vpos
86400,0.0027740762603982705
90000,0.0049477426730378075
93600,0.0052271326986891315
97200,0.0019723153213880087
100800,0.0006117743310750986
