time,vpos
90000,0.0005187099186883563
93600,-0.010502967551394304
97200,-0.014236620346661323
100800,-0.0021927170604646657
104400,0.002563161550916352
