time,vpos
93600,-0.012389870294580435
97200,-0.009277838619799427
100800,-0.013439721048741514
104400,-0.019611226607544305
108000,-0.018508818062624
