time,vpos
97200,0.0016723244147797095
100800,-0.0028305857744706214
104400,-0.00650156795306151
108000,-0.004107962665924771
111600,-0.0025462853894474735
