time,vpos
100800,0.0003578847811784927
104400,0.0012854294866127577
108000,0.0008514382892347433
111600,0.0008659763461178241
115200,0.0022420503058131844
