time,vpos
104400,-1.3668475302044287
108000,-1.3533899604606412
111600,-1.375982768510171
115200,-1.4220704123579129
118800,-1.4321076784123372
