time,vpos
10800,0.001570105283910995
14400,-0.003953684016751304
18000,-0.0028481225957593635
21600,-0.0006584326241679684
25200,-0.0050980933742308145
