time,vpos
108000,-9.8583996913254
111600,-9.997932772830548
115200,-24.185286096872886
118800,-38.76110937622164
122400,-39.28911241303321
