time,vpos
111600,18.57239698915281
115200,-20.199619542370662
118800,-59.79565565501548
122400,-61.46287283658726
126000,-62.30607043703769
