time,vpos
115200,-51.13369816791562
118800,-51.8457553812904
122400,-53.269892903453275
126000,-52.00518351618084
129600,-50.02839382012033
