time,vpos
118800,-51.49180063529079
122400,-52.18407375023162
126000,-51.45237034264605
129600,-27.868275345594956
133200,-5.7081568710702735
