time,vpos
122400,-49.135904789781534
126000,-49.56827384277115
129600,-31.032809630330966
133200,-12.116182240727065
136800,-12.167388116552956
