time,vpos
126000,-45.42805241027662
129600,-28.732810095382767
133200,-12.116068618631898
136800,-6.076587123862389
140400,0.04139520905010411
