time,vpos
129600,-9.78454918725707
133200,-9.834006994399394
136800,-4.950708756665838
140400,-0.009306529815118432
144000,-0.0006603478402769213
