time,vpos
133200,-16.346160189014746
136800,-16.40519876806351
140400,-8.21866973907814
144000,0.03309617170203219
147600,0.0392944744480735
