time,vpos
136800,-10.415192161960592
140400,-10.44448173123724
144000,-5.235372206201759
147600,0.001845577366177585
151200,0.0006642666219834137
