time,vpos
140400,-0.009731851241098592
144000,-0.009300093872732892
147600,-0.007773686032410807
151200,-1.0082661344008002e-05
154800,0.006658870237766408
