time,vpos
14400,38.43399727453669
18000,38.56837766184293
21600,38.92590769639388
25200,39.33317004513688
28800,39.51728274663517
