time,vpos
144000,0.0004533704666733959
147600,-0.0010934814878986988
151200,-0.00011616351318731178
154800,0.002168558074340209
158400,0.0019291097325842483
