time,vpos
147600,0.012250949996357112
151200,-6.512839049069665e-05
154800,-0.014741995039433558
158400,-0.018772206292742663
162000,-0.02044162928395671
