time,vpos
151200,-0.00227816920476292
154800,0.0005662782620687685
158400,-0.008331665655935197
162000,-0.017629813632467385
165600,-0.015185570224163919
