time,vpos
154800,0.0018051606578821724
158400,0.012583821429659747
162000,0.018394264743763333
165600,-0.0019864596032672516
169200,-0.017398966492623846
