time,vpos
158400,0.00258945433589036
162000,0.007388307024538107
165600,0.005520465003178506
169200,-0.004434400442882361
172800,-0.007722571178935878
