time,vpos
162000,-0.0023231534627328678
165600,0.018852624088783562
169200,-0.01605379945863946
172800,-0.020201013513434337
176400,0.03173397353071024
