time,vpos
165600,-0.0007790524040601472
169200,-0.004459594671844076
172800,-0.001259025724667634
176400,0.004272131101761784
180000,0.0029221767132308315
