time,vpos
169200,0.01586476471931512
172800,0.00905226822141498
176400,-0.0257565731765877
180000,-0.015637353650489745
183600,0.022478210775710758
