time,vpos
172800,-0.004040190352255292
176400,-0.00042453855069929435
180000,0.004621652293000333
183600,-0.000517587107412348
187200,-0.007087365549968659
