time,vpos
176400,0.016717279465809295
180000,0.0036973371608735157
183600,-0.017466523415201447
187200,0.005765731936324474
190800,0.03714190555898957
