time,vpos
18000,37.31868357582274
21600,37.539004250334216
25200,37.95796564596963
28800,21.428648097692303
32400,4.70068982829103
