time,vpos
180000,0.008939626468657076
183600,0.0031077233340986847
187200,-0.011907813848093184
190800,0.00025256319920407525
194400,0.021596574294134814
