time,vpos
183600,-0.013505765414014007
187200,0.0016246203252094171
190800,0.009199759073637433
194400,-0.017448170572000606
198000,-0.03654085322684324
