time,vpos
187200,4.528493942709171e-05
190800,-0.0008331947542144938
194400,-0.002101473743109305
198000,-0.00812581329929655
201600,-0.01376035356023057
