time,vpos
190800,-11.694328696798062
194400,-11.723433994766602
198000,-11.790413914868386
201600,-11.921951428001393
205200,-12.015614319001157
