time,vpos
194400,-16.036383361251502
198000,-16.08144197420583
201600,-48.2843623177874
205200,-81.751766493588
208800,-83.06130893876134
