time,vpos
198000,-13.02532287039733
201600,-56.51266143519822
205200,-99.9999999999976
208800,-99.99999999999802
212400,-99.99999999999993
