time,vpos
201600,-99.99999999997907
205200,-99.99999999996226
208800,-99.99999999997273
212400,-100.0
216000,-100.0
