time,vpos
205200,-99.99999999999999
208800,-99.99999999999999
212400,-99.99999999999746
216000,-99.99999999998307
219600,-99.99999999997125
