time,vpos
208800,-100.0
212400,-99.99999999997029
216000,-99.99999999994796
219600,-91.67512923839531
223200,-83.35025847683526
