time,vpos
212400,-99.99999999999974
216000,-99.99999999999983
219600,-88.3272177186221
223200,-66.78974675581802
226800,-56.925058074391764
