time,vpos
21600,13.44136263375208
25200,13.511431328887436
28800,9.14109492615663
32400,2.3504118022752944
36000,0.0001337762601264815
