time,vpos
216000,-99.99999999999497
219600,-94.89574112479676
223200,-65.43953936111836
226800,-41.24815320627931
230400,-41.40870993992041
