time,vpos
219600,-64.22473634503753
223200,-64.48083219552615
226800,-50.69354909468517
230400,-18.294074603205864
234000,0.06202093694381763
