time,vpos
223200,-35.00755773086102
226800,-35.14618156233335
230400,-17.647840646132753
234000,-0.010199335924827283
237600,-0.0095227733898193
