time,vpos
226800,-27.739776068007334
230400,-13.882376340651106
234000,-0.026908315189526442
237600,-0.009291309392215832
241200,0.010257398299739302
