time,vpos
230400,0.01631941397122619
234000,-0.0007759175452282428
237600,-0.01843668488926111
241200,0.003529925788868879
244800,0.026061972294577303
