time,vpos
234000,-0.016577434640564596
237600,-0.01886756203920328
241200,0.0022260166167118985
244800,0.034180940852770104
248400,0.04275215903427444
