time,vpos
237600,0.03796040178391268
241200,0.0069278164827013995
244800,-0.02136887801106933
248400,-0.022516169298049712
252000,-0.02639935139247065
