time,vpos
241200,-0.012530224858440978
244800,-0.0012777798120239931
248400,0.006433059989884908
252000,0.0056682706138876035
255600,0.008445086482398383
