time,vpos
244800,0.005763612042765029
248400,0.007555797440046306
252000,0.008626019611880295
255600,0.0014115438674221822
259200,-0.005080968651588642
