time,vpos
248400,-0.0008086561822654619
252000,0.00013302860271209496
255600,0.00010126954759869368
259200,-0.0008721742924922644
