time,vpos
25200,-0.032052117735949584
28800,0.003954963142217371
32400,0.0013174987529746365
36000,-0.022702022572900032
39600,-0.008076998631365007
