time,vpos
28800,-0.0016501541666544255
32400,0.009587116526918979
36000,0.014399746368153232
39600,-0.0020055070423382047
43200,-0.011986119600490487
