time,vpos
32400,-0.005279672430908174
36000,-0.0008017717527281773
39600,0.00900250933961474
43200,-0.0012612692960856835
46800,-0.016851428345949028
