time,vpos
3600,3.090795652402334e-07
7200,4.0780791558340385e-07
10800,5.065362659265743e-07
