time,vpos
3600,-1.9296490318713663e-06
7200,-4.983222281440037e-05
10800,-9.773479659692938e-05
