time,vpos
36000,-0.0006042289688193702
39600,-0.0005008512394719465
43200,-0.00039747351012452283
