time,vpos
36000,-0.036844192403310994
39600,-0.02854054787353961
43200,-0.02023690334376823
