time,vpos
39600,8.36615548602585e-05
43200,-5.109124203473896e-06
46800,-9.387980326720629e-05
