time,vpos
39600,0.00496998043588567
43200,0.00201232987732913
46800,-0.0009453206812274099
