time,vpos
43200,0.0013758076054857724
46800,0.0014697635405469924
50400,0.0015637194756082124
