time,vpos
43200,-3.370027176589907e-07
46800,-2.6576225963838296e-07
50400,-1.9452180161777521e-07
