time,vpos
46800,2.8589734529446686e-08
50400,-2.1952943077751738e-07
54000,-4.6764859608448145e-07
