time,vpos
46800,-0.0005585313922720925
50400,-0.0003852104701502471
54000,-0.0002118895480284016
