time,vpos
50400,-2.5050274508853663e-05
54000,-1.9798368252698106e-06
57600,2.109060085831404e-05
