time,vpos
50400,0.0001223064223850913
54000,-2.1662986588339437e-05
57600,-0.00016563239556177016
