time,vpos
54000,-0.013363318008188666
57600,-0.0012660883105102992
61200,0.010831141387168067
