time,vpos
54000,-0.00020908363055693944
57600,1.0435939128611077e-05
61200,0.0002299555088141616
