time,vpos
57600,4.1193711640581665e-07
61200,6.705388773799257e-07
64800,9.291406383540347e-07
