time,vpos
57600,0.00020537365603039829
61200,-3.0174516952470607e-05
64800,-0.00026572268993533947
