time,vpos
61200,9.202326314156073e-07
64800,-6.723464314050027e-08
68400,-1.0547019176966078e-06
