time,vpos
61200,-0.0002789914203978202
64800,-3.8531235047714176e-05
68400,0.00020192895030239185
