time,vpos
64800,-0.0003237393670411478
68400,1.948070654315107e-05
72000,0.00036270078012745
