time,vpos
64800,-0.021367060898268286
68400,0.002412384060586272
72000,0.02619182901944083
