time,vpos
68400,0.0003091053351976305
72000,-0.00010056580533376961
75600,-0.0005102369458651698
