time,vpos
68400,0.0007245826730879193
72000,0.0013022824909797275
75600,0.0018799823088715356
