time,vpos
7200,-0.011677115330885682
10800,0.012487063010532807
14400,0.036651241351951296
