time,vpos
7200,0.0010557672793167967
10800,0.0004029557130659342
14400,-0.00024985585318492825
