time,vpos
72000,3.8458879080514874e-07
75600,5.111889341729084e-08
79200,-2.8235100397056706e-07
