time,vpos
72000,3.8584778578152235e-05
75600,0.0001750131393679584
79200,0.00031144150015776457
