time,vpos
75600,-0.00015059776447310245
79200,-4.4015507043141365e-05
82800,6.256675038681971e-05
