time,vpos
75600,8.696825364029603e-07
79200,1.1522767276797574e-06
82800,1.4348709189565545e-06
