time,vpos
79200,0.00012536361132536476
82800,0.00010644662607599297
86400,8.752964082662119e-05
