time,vpos
79200,1.7206881294389324e-05
82800,-0.00022227315022900991
86400,-0.00046175318175240915
