time,vpos
82800,-1.9368865443805672e-07
86400,1.8693752304043028e-07
90000,5.675637005189173e-07
