time,vpos
82800,0.0003218924563824872
86400,-0.0004329785304297441
90000,-0.0011878495172419755
