time,vpos
86400,2.2111359973212634e-05
90000,-0.0002946958976530551
93600,-0.0006115031552793228
