time,vpos
86400,0.0029886459628877026
90000,0.0020982153475564273
93600,0.001207784732225152
