time,vpos
90000,2.528870222257007e-05
93600,-0.00032976626978779974
97200,-0.0006848212417981695
