time,vpos
90000,4.6783219997612036e-07
93600,3.600643596213954e-07
97200,2.522965192666704e-07
