time,vpos
93600,0.008162028636923
97200,0.010897966547143739
100800,0.013633904457364477
