time,vpos
93600,2.166854678839643e-06
97200,-0.0002180450289419397
100800,-0.00043825691256271906
