time,vpos
97200,0.010895328594223708
100800,0.024118684910762515
104400,0.03734204122730132
