time,vpos
97200,7.998759620033174e-05
100800,-0.0002784206271460365
104400,-0.0006368288504924048
