time,vpos
100800,1.5724314428807312e-05
104400,7.80406749626037e-06
108000,-1.1617943628657262e-07
