time,vpos
100800,0.0006713973406384077
104400,-0.00012129293355655352
108000,-0.0009139832077515147
