time,vpos
104400,-1.1081812177973771e-07
108000,-1.4358340538669218e-07
111600,-1.7634868899364664e-07
