time,vpos
104400,4.992188992565877e-05
108000,4.4517390201065606e-05
111600,3.911289047647244e-05
