time,vpos
10800,7.798578239495967e-05
14400,-0.00016270822415888076
18000,-0.0004034022307127212
