time,vpos
10800,0.0022934642235520036
14400,0.0046835391205571906
18000,0.0070736140175623775
