time,vpos
108000,57.063573147205446
111600,57.404694652629196
115200,57.745816158052946
