time,vpos
108000,-1.645911579988349e-06
111600,0.00012240430722446806
115200,0.0002464545260289245
