time,vpos
111600,11.825371822832304
115200,5.91268597905169
118800,1.3527107498912706e-07
