time,vpos
111600,37.97435282127823
115200,18.98717599059892
118800,-8.400803957630134e-07
