time,vpos
115200,-27.05646900151374
118800,-27.31673534384142
122400,-27.5770016861691
