time,vpos
115200,-48.447769347990786
118800,-49.18333458036152
122400,-49.918899812732235
