time,vpos
118800,-62.52253356673849
122400,-63.05746284727237
126000,-63.59239212780625
