time,vpos
118800,-67.84882215978033
122400,-68.77076643848199
126000,-69.69271071718364
