time,vpos
122400,-59.445499689961366
126000,-59.75193651909325
129600,-60.05837334822514
