time,vpos
122400,-54.73186156819669
126000,-55.23887180152218
129600,-55.74588203484767
