time,vpos
126000,-56.54402034716731
129600,-56.705239475289645
133200,-56.866458603412
