time,vpos
126000,-39.39265215896982
129600,-39.573273065141144
133200,-39.75389397131247
