time,vpos
129600,-45.37388829669258
133200,-45.50416937568171
136800,-45.634450454670855
