time,vpos
129600,-34.564178264403154
133200,-34.70289325492201
136800,-34.84160824544086
