time,vpos
133200,-30.15704738268521
136800,-26.710712090379968
140400,-23.264376798074725
