time,vpos
133200,-31.513369964649424
136800,-31.603226210997448
140400,-31.693082457345472
