time,vpos
136800,-6.757350080900039
140400,-6.776656731727308
144000,-6.795963382554578
