time,vpos
136800,-19.058329611270135
140400,-19.112812605676854
144000,-19.167295600083573
