time,vpos
140400,-2.88164910777692
144000,-1.440824410434693
147600,2.8690753418160743e-07
