time,vpos
140400,1.7206455662728145e-08
144000,-2.1039513281500774e-08
147600,-5.9285482225729694e-08
