time,vpos
14400,-5.99500857471168e-05
18000,1.0335902474373066e-05
21600,8.062189069586293e-05
