time,vpos
14400,-1.947645389584196e-07
18000,1.749495933214308e-07
21600,5.446637256012812e-07
