time,vpos
144000,-1.0484491272128721e-07
147600,-1.338396411602362e-07
151200,-1.6283436959918518e-07
