time,vpos
144000,-0.00035194653031354363
147600,9.074081324721373e-06
151200,0.0003700946929629864
