time,vpos
147600,2.609147182619582e-05
151200,-0.0001710983844573187
154800,-0.0003682882407408332
