time,vpos
147600,-1.674366557837155e-07
151200,-1.0054726569299743e-07
154800,-3.3657875602279355e-08
