time,vpos
151200,-0.0009174622797949691
154800,0.001787853823618935
158400,0.004493169927032839
