time,vpos
151200,1.119626598761566e-05
154800,7.363489401333672e-07
158400,-9.723568107348926e-06
