time,vpos
154800,-7.057157247903484e-08
158400,-8.746403836379282e-08
162000,-1.043565042485508e-07
