time,vpos
154800,-5.8748794836031574e-05
158400,-9.022345373626612e-05
162000,-0.00012169811263650067
