time,vpos
158400,-2.698005333034992e-06
162000,-7.551684888529309e-07
165600,1.18766835532913e-06
