time,vpos
158400,-3.475784953822519e-05
162000,-1.7771021321288447e-05
165600,-7.841931043517072e-07
