time,vpos
162000,-0.0018292689262416938
165600,-0.00026102813758322753
169200,0.0013072126510752387
