time,vpos
162000,-0.00040886225535007135
165600,5.023594019603135e-05
169200,0.0005093341357421341
