time,vpos
165600,-8.231050201232964e-08
169200,-1.5044086847039624e-07
172800,-2.1857123492846284e-07
