time,vpos
165600,-0.0004162704163868103
169200,1.4749366786942497e-05
172800,0.0004457691499606953
