time,vpos
169200,5.965050241946157e-09
172800,-4.037965911727476e-07
176400,-8.135582325874413e-07
