time,vpos
169200,-2.1799201332939333e-08
172800,-6.036321763777143e-05
176400,-0.00012070463607420992
