time,vpos
172800,-0.0017466023434002946
176400,-0.0018011179399197571
180000,-0.0018556335364392198
