time,vpos
172800,1.3178254816581005e-05
176400,0.00017425117978268814
180000,0.00033532410474879527
