time,vpos
176400,1.4594528913516869e-06
180000,5.551735892349568e-07
183600,-3.491057128817733e-07
