time,vpos
176400,-0.00039952292580241837
180000,-6.0724626296941415e-05
183600,0.00027807367320853557
