time,vpos
18000,4.302224252222069e-09
21600,-4.031594843225835e-08
25200,-8.493412111673877e-08
