time,vpos
18000,-0.0006475572609967832
21600,-0.002264355761874082
25200,-0.003881154262751381
