time,vpos
180000,3.930996327693008e-05
183600,3.938510691854672e-05
187200,3.946025056016336e-05
