time,vpos
180000,0.000262360154983576
183600,0.002872549829391075
187200,0.005482739503798574
