time,vpos
183600,0.00018545669053100146
187200,-2.397258541694595e-05
190800,-0.00023340186136489336
