time,vpos
183600,-4.856368885156059e-07
187200,-4.1725662524748006e-07
190800,-3.488763619793542e-07
