time,vpos
187200,-3.227024233699623e-05
190800,2.629064580288563e-05
194400,8.485153394276749e-05
