time,vpos
187200,-0.0139817584230666
190800,0.0011454954232694749
194400,0.01627274926960555
