time,vpos
190800,-8.115619514956207e-07
194400,-3.296448723363876e-07
198000,1.5227220682284548e-07
