time,vpos
190800,1.4832783694232129e-05
194400,5.6724945897682115e-05
198000,9.86171081011321e-05
