time,vpos
194400,-0.0005626880066439432
198000,-1.2963150887662991e-05
201600,0.0005367617048686172
