time,vpos
194400,21.732569025926914
198000,21.809077466576543
201600,21.88558590722617
