time,vpos
198000,-6.6853613537448675e-06
201600,-3.4086105040950776e-06
205200,-1.318596544452877e-07
