time,vpos
198000,13.75973048995639
201600,6.879865114090365
205200,-2.6177566034985e-07
