time,vpos
201600,-73.01410879546853
205200,-74.25281206466528
208800,-75.49151533386201
