time,vpos
201600,-62.89617568266321
205200,-63.91045454474798
208800,-64.92473340683274
