time,vpos
205200,-99.99999999999991
208800,-99.99999999999989
212400,-99.99999999999987
