time,vpos
205200,-99.99999999964089
208800,-99.99999999940297
212400,-99.99999999916504
