time,vpos
208800,-99.99999998763704
212400,-99.99999998381813
216000,-99.99999997999923
