time,vpos
212400,-99.99999999999997
216000,-99.99999999996379
219600,-99.99999999992761
