time,vpos
212400,-99.99999999973157
216000,-99.9999999997317
219600,-99.99999999973181
