time,vpos
21600,32.22501615112699
25200,32.4601329797318
28800,32.69524980833663
