time,vpos
21600,35.00435522302521
25200,35.27912141899698
28800,35.55388761496875
