time,vpos
216000,-99.99999999999999
219600,-98.2579921176243
223200,-96.51598423524862
