time,vpos
219600,-74.53008631904098
223200,-74.81132132004733
226800,-75.09255632105368
