time,vpos
219600,-68.91104928065288
223200,-69.14364413309401
226800,-69.37623898553514
