time,vpos
223200,-42.96442512614064
226800,-43.12635927205582
230400,-43.288293417971005
