time,vpos
223200,-35.326409563651765
226800,-35.45106809716759
230400,-35.57572663068343
