time,vpos
226800,-4.807274373436103
230400,-2.4036379285575586
234000,-1.4836790141088685e-06
