time,vpos
226800,-12.258310354742234
230400,-6.129155213288113
234000,-7.183399225725505e-08
