time,vpos
230400,0.007898618993165685
234000,0.01218868873423054
237600,0.016478758475295396
