time,vpos
230400,-0.00037996338501100624
234000,-0.00022342484972088595
237600,-6.688631443076565e-05
