time,vpos
234000,-5.3871244730834325e-05
237600,-3.3871159011462785e-06
241200,4.709701292854177e-05
