time,vpos
234000,-6.570621394891285e-06
237600,-3.535515081306423e-06
241200,-5.004087677215607e-07
