time,vpos
237600,-1.548013697840069e-05
241200,-1.082747127023064e-05
244800,-6.174805562060592e-06
