time,vpos
237600,6.300975241013695e-05
241200,3.0690560933605004e-05
244800,-1.6286305429269454e-06
