time,vpos
241200,1.9907871867679586e-05
244800,3.0212444245705938e-05
248400,4.051701662373229e-05
