time,vpos
241200,1.5893050287277277e-06
244800,6.813727839328348e-07
248400,-2.2655946086205803e-07
