time,vpos
244800,3.111317010154541e-06
248400,-2.3738792410918114e-07
252000,-3.5860928583729033e-06
