time,vpos
244800,-0.02027019518957493
248400,-0.01447245973060507
252000,-0.008674724271635209
