time,vpos
248400,-0.00031432308276391685
252000,-0.00020184354376943855
255600,-8.936400477496025e-05
