time,vpos
248400,1.8125460665360804e-06
252000,8.03213145474102e-07
255600,-2.061197755878763e-07
