time,vpos
25200,36.50313448510045
28800,18.251560033523294
32400,-1.4418053870215722e-05
