time,vpos
25200,34.725107077903424
28800,17.362513998847696
32400,-7.90802080310668e-05
