time,vpos
252000,-9.872719850066604e-05
255600,-0.00021678361174568123
259200,-0.00033484002499069646
