time,vpos
252000,2.618252894484238e-05
255600,7.215254981852992e-06
259200,-1.1752018981136397e-05
