time,vpos
255600,4.513231531168006e-05
259200,4.513231531168006e-05
