time,vpos
255600,-2.334388880115279e-08
259200,-2.334388880115279e-08
