time,vpos
28800,-0.005798024914865311
32400,-0.012151650809423022
36000,-0.018505276703980732
