time,vpos
28800,4.319268012318187e-05
32400,2.03167626576683e-05
36000,-2.559154807845268e-06
