time,vpos
32400,-0.0004605445479823793
36000,0.009142011320384358
39600,0.018744567188751095
