time,vpos
32400,-9.151099317237791e-05
36000,5.272162454975744e-05
39600,0.0001969542422718928
