time,vpos
0,-0.0010769667268208248
3600,-0.00036594879859888705
7200,0.0005006850526149316
10800,0.00025868635615833676
14400,-0.00047308141917297
18000,-0.00042451884093978626
21600,-4.180310682377127e-05
