time,vpos
0,0.011968516476591837
3600,0.008798888766392966
7200,0.014567792007964318
10800,0.00968994770238296
14400,0.0039212333474548
18000,0.0036443202312068674
21600,-0.0046802537874644865
