time,vpos
3600,0.004248605769226611
7200,-0.0012723285829475072
10800,0.004030681614469018
14400,0.007363589078819576
18000,-0.0016842649223356755
21600,-0.0013390566303958839
25200,0.0005629685774590756
