time,vpos
3600,-0.000830558462323102
7200,-0.000778647777956241
10800,-0.00048727126987192174
14400,-0.00020529175562980853
18000,-0.00028729593916757045
21600,0.0008755320968483447
25200,0.0021628780069266767
