time,vpos
36000,1.8003623343785717
39600,1.8180352377762907
43200,1.8294443893301149
46800,1.8301201730215304
50400,1.8473109264929537
54000,1.8596871221571003
57600,1.8618120998851333
