time,vpos
39600,-0.03608944205707123
43200,-0.02661496172273823
46800,-0.008125282658091388
50400,0.010950069824044792
54000,0.017743266761582426
57600,0.004678730599464961
61200,-0.005118848748367798
