time,vpos
43200,0.005497731758571304
46800,-0.0011361314795564645
50400,0.005946070372878761
54000,0.006516941619436734
57600,-0.0037386909629889705
61200,-0.012839967984151001
64800,-0.024830806266892345
