time,vpos
46800,0.0015780573137803887
50400,0.01848829673873272
54000,0.024052357359352693
57600,0.006356128776628807
61200,0.017131966648626727
64800,0.02067421143401056
68400,0.007090568569004946
