time,vpos
50400,0.00036984141440683273
54000,-2.9000870042754368e-05
57600,-0.0007287586098641543
61200,-0.0006674642952680162
64800,-0.00022518939029531667
68400,1.2211572189882967e-05
72000,0.00016954739967033408
