time,vpos
50400,0.008709901699279866
54000,0.009860631286522108
57600,0.0023718256830609612
61200,-0.010919427656626311
64800,0.011124385913393198
68400,0.021423609992585538
72000,0.005027302352774484
