time,vpos
54000,0.004335626364622935
57600,0.0038770171068851994
61200,-0.008354198899095264
64800,0.0018710770138751223
68400,0.012820083571398432
72000,-0.0012631353132692231
75600,-0.0042974780942470776
