time,vpos
57600,0.012459254015956874
61200,0.0009408352724952574
64800,0.00021056096428802534
68400,0.014263006450770428
72000,0.00886094567862487
75600,0.0007978793953708154
79200,0.001401174935490335
