time,vpos
61200,-0.00020294381474723818
64800,0.0001075707769623392
68400,0.00028491498438948056
72000,-9.19076112617371e-07
75600,-0.0001493861112047432
79200,-3.9402339368843154e-05
82800,6.638479133952077e-05
