time,vpos
61200,0.01337778622845097
64800,-0.0010891531175134112
68400,0.0030544824304923933
72000,0.01631646931378304
75600,0.00655963571042662
79200,0.0024486591848710947
82800,0.0027459282519924585
