time,vpos
64800,0.01151976776372003
68400,-0.0044276979192999465
72000,0.00685991839351901
75600,0.018388906047076485
79200,0.002947952702994335
82800,0.004822527836155202
86400,0.0064319619711167625
