time,vpos
68400,0.009326894631628346
72000,-0.00475181011693411
75600,0.01045254388322779
79200,0.018206987129830793
82800,0.000982915150808316
86400,0.00678711349332368
90000,0.008286768312740169
