time,vpos
7200,6.196546090878198
10800,6.214217051726984
14400,6.2512108957023
18000,6.314515140421828
21600,6.43184712204884
25200,6.560524226341837
28800,6.615850710600818
