time,vpos
7200,15.654603988105292
10800,15.696550335602943
14400,15.775796275773946
18000,15.906105664683725
21600,16.134501698490162
25200,16.373193094429517
28800,16.476498252798866
