time,vpos
72000,0.008443064926363063
75600,-0.004517458421735747
79200,0.010868118268227433
82800,0.017218957161888142
86400,0.0004351213867360978
90000,0.007043319073261038
93600,0.008440091390536739
