time,vpos
75600,-0.007430692490245541
79200,-0.0024515242639032205
82800,-0.0024045100803833912
86400,-0.0009381024485994758
90000,0.0017260786188460532
93600,0.0008534320698964505
97200,0.0037151661281077256
