time,vpos
79200,0.006432200960318469
82800,-0.004467704237377834
86400,0.008720693338721221
90000,0.01401091189433319
93600,-9.605793531754304e-05
97200,0.006009218498449457
100800,0.007423380543683804
