time,vpos
82800,-0.00017558733461128892
86400,6.65916840372409e-06
90000,0.0002833755741450052
93600,0.00032377661385609563
97200,9.860632412396126e-05
100800,-0.0001161260024672695
104400,-0.00015975690234154346
