time,vpos
82800,-0.0004455233770369379
86400,-0.0003934502533340604
90000,0.0020844815488307664
93600,0.00928139072849001
97200,-0.0001290187114749987
100800,0.0009690992463160615
104400,0.016248677145269425
