time,vpos
86400,-0.013819972543097938
90000,-0.012990436189990162
93600,-0.0008663166754589975
97200,0.004896448184236626
100800,0.00979490034782168
104400,0.012719056911579454
108000,0.0052129430100244095
