time,vpos
90000,0.004316681119509338
93600,-0.0034094666493574444
97200,0.006037412556989883
100800,0.010930870288658334
104400,-0.00041641144370067895
108000,0.003715434435644993
111600,0.00691499280380402
