time,vpos
93600,14.33959521245423
97200,14.376308989920455
100800,14.448260929472475
104400,14.535161297426946
108000,14.629753838836802
111600,14.765209851524524
115200,14.857735528671071
