time,vpos
93600,23.747714756149097
97200,23.815285832538834
100800,23.95097240537304
104400,24.087684748355258
108000,24.225244303349143
111600,24.44490375491057
115200,24.595600498015877
