time,vpos
97200,23.807860378902664
100800,23.87580097424739
104400,24.012145327978146
108000,24.14912034267552
111600,24.367772621062265
115200,12.258929076028208
118800,4.508918750781113e-06
