time,vpos
97200,14.36269359965301
100800,14.402517333654385
104400,14.490585894846634
108000,14.575323584310496
111600,14.707460760097174
115200,7.401154419317786
118800,-0.0007962349752806607
