time,vpos
100800,13.55577581309786
104400,13.598047507797117
108000,13.660078312615726
111600,13.761873099669247
115200,1.7110772714134643
118800,-10.531614734214271
122400,-10.641475234652052
