time,vpos
100800,23.11064576029019
104400,23.176535651293324
108000,23.30859822232112
111600,23.519675830691945
115200,5.791766311872017
118800,-12.196496469536683
122400,-12.311944803779289
