time,vpos
104400,12.618461129737574
108000,12.650033614047334
111600,12.773831359910586
115200,-9.462317853222949
118800,-32.05857304840886
122400,-32.59831689963381
126000,-32.87018003035987
