time,vpos
104400,22.324742190621766
108000,22.39049784755144
111600,22.5946454587797
115200,-4.544393692410067
118800,-32.1250307896356
122400,-32.69560818197551
126000,-32.96297958257824
