time,vpos
10800,16.003597298962706
14400,16.047538554073654
18000,16.185454597693514
21600,16.388821572656305
25200,16.62234789551431
28800,8.3797391156559
32400,0.01299619939335115
