time,vpos
10800,6.325587685408683
14400,6.345261191900374
18000,6.409534158233934
21600,6.528629030043545
25200,6.659257821229336
28800,3.357695730596264
32400,2.6074513946276867e-07
