time,vpos
108000,19.925845260969517
111600,20.049218531189393
115200,-5.882621808698252
118800,-32.24353727212591
122400,-32.81861192919231
126000,-33.26004272045814
129600,-33.4321007079777
