time,vpos
108000,10.668697261909255
111600,10.738072357673405
115200,-11.176116810783968
118800,-33.4478399130378
122400,-34.010803862778246
126000,-34.45953617511418
129600,-34.63346337574198
