time,vpos
111600,-4.938373172059885
115200,-19.124052374330514
118800,-33.61409614766361
122400,-34.17899037604733
126000,-34.61958386752884
129600,-34.89367047225478
133200,-34.9876932428205
