time,vpos
111600,-7.230112304006381
115200,-19.58410550238651
118800,-32.24356981348342
122400,-32.81857853567451
126000,-33.2600195660545
129600,-32.09396701400733
133200,-30.756011041054492
