time,vpos
115200,-36.84836312437762
118800,-37.18715612334324
122400,-37.8131541450062
126000,-38.29883000966747
129600,-37.060720670522244
133200,-33.14922479937689
136800,-30.67430910934069
