time,vpos
115200,-41.412478737858244
118800,-41.80844392869073
122400,-42.55412407997382
126000,-38.34415258867109
129600,-32.27023899335828
133200,-29.517824166588436
136800,-28.279636483378084
