time,vpos
118800,-52.925460769414954
122400,-53.36395697194671
126000,-43.79345652516029
129600,-32.27023359701241
133200,-29.517818399341873
136800,-25.41955059374687
140400,-22.55947170699269
