time,vpos
118800,-49.95866653420692
122400,-50.35520881959297
126000,-44.735619255033484
129600,-37.171813947248154
133200,-33.1492247993722
136800,-26.21394921539678
140400,-21.753589321457515
