time,vpos
122400,-56.470623745288684
126000,-56.75231447253872
129600,-46.32907284460157
133200,-33.14922479937964
136800,-26.213949215401342
140400,-16.662048936745126
144000,-11.570508552032468
