time,vpos
122400,-55.65264463837748
126000,-55.94223174129353
129600,-43.493914976172576
133200,-29.517823719227376
136800,-25.419558934765043
140400,-19.74375348392452
144000,-16.928025428638165
