time,vpos
126000,-56.25697415958151
129600,-56.417720898357395
133200,-42.42905270567395
136800,-25.419560522244677
140400,-19.74375613913455
144000,-8.464014044765502
147600,9.184633518010529e-07
