time,vpos
126000,-57.58364136407067
129600,-57.75448457305299
133200,-44.299818445684444
136800,-26.213949215394926
140400,-16.66204893675183
144000,-5.786391413081566
147600,-0.00227427411573812
