time,vpos
129600,-47.416824953197064
133200,-47.5634295326001
136800,-34.73181171673072
140400,-16.66204893675064
144000,-5.7897138940198785
147600,-0.033449636312032384
151200,-0.05798003662729253
