time,vpos
129600,-47.99505636857205
133200,-48.132305131130344
136800,-35.414518586289724
140400,-19.74375625018595
144000,-8.463995024608
147600,4.330788958268447e-05
151200,4.744351407953496e-05
