time,vpos
133200,-34.92974904840952
136800,-35.032691205011915
140400,-23.353070956824595
144000,-5.784664668416315
147600,0.0020427227525867883
151200,-0.0030057880165425027
154800,-0.008917806336000873
