time,vpos
133200,-38.020679951971076
136800,-38.129089240556176
140400,-27.58276373500634
144000,-8.464009272377847
147600,9.39736404656993e-07
151200,-7.006288778160113e-06
154800,-5.49593465870865e-06
