time,vpos
136800,-28.74383892567017
140400,-28.825628234999094
144000,-14.45304703342416
147600,0.0008531407634416742
151200,0.00041199870865039494
154800,6.172339377061249e-05
158400,-0.0003177465825774725
