time,vpos
136800,-23.327211897031116
140400,-23.405620353411123
144000,-11.742068337844872
147600,0.007068824396146769
151200,-0.0016085118193623338
154800,-0.0026622962179446213
158400,0.012137945893747691
