time,vpos
140400,-0.0037324054779562543
144000,-0.015447684424653023
147600,-0.008374793279738287
151200,0.0007835246170896258
154800,0.0032163143854944
158400,0.0051862886165208255
162000,-0.004906379115641118
