time,vpos
14400,6.5700438959887
18000,6.616143404058497
21600,6.739108645338307
25200,6.873840484195356
28800,3.465855771250544
32400,3.312119649032873e-06
36000,1.6715806053237066e-06
