time,vpos
14400,16.422961700983716
18000,16.507646205848616
21600,16.734670350359345
25200,16.991529043606864
28800,8.541099148354235
32400,-0.024576867772954678
36000,-0.0253039350458169
