time,vpos
144000,-0.009397428543872521
147600,-0.011289990457139892
151200,-0.0028422769030447296
154800,-0.0016187957169980672
158400,0.002832113195309739
162000,0.006212700930980088
165600,-0.003974414526973242
