time,vpos
144000,0.0010594621313484603
147600,0.0006615757443287525
151200,0.0003990742223126887
154800,5.5536016540530276e-05
158400,0.00020667603649613122
162000,0.0004889348854902072
165600,0.00014113064375287983
