time,vpos
147600,-0.00019486024470095854
151200,-0.00030682618111327407
154800,-0.0005206196347582279
158400,-0.00028236984652256356
162000,7.493328089966996e-05
165600,0.00028041033701604775
169200,0.00046866157117849463
