time,vpos
147600,-0.02280064033535968
151200,-0.013296758289120145
154800,0.006480477889611971
158400,-0.0004011013619774199
162000,0.002167116950628386
165600,0.008712432480304646
169200,-0.004465403686706868
