time,vpos
151200,-0.05500197216910768
154800,-0.008947172627455985
158400,0.02504895964962336
162000,0.009027260572343687
165600,0.00019802697759200866
169200,0.004137148967672473
172800,0.012942472739797293
