time,vpos
154800,-0.041813805380972596
158400,-0.012157655136145657
162000,0.003898803635817309
165600,0.0003204954766889117
169200,0.009462763932805322
172800,0.004331480887448432
176400,7.931269971070756e-05
