time,vpos
154800,-1.4990107442518631e-05
158400,-6.571343716360145e-06
162000,-1.9701127319247098e-05
165600,-4.0772288041623914e-05
169200,-3.6066038968901893e-05
172800,-2.9724194219044654e-05
176400,-2.7611211935240808e-05
