time,vpos
158400,-0.032453260504921144
162000,-0.0029717432244085375
165600,0.013618748371035178
169200,0.00705795129023353
172800,0.0033875746886009553
176400,0.002575732818767353
180000,0.011764496154833567
