time,vpos
158400,-2.754566167075998e-06
162000,0.00028421195458708807
165600,0.0007458147618809316
169200,0.00047864752200297715
172800,-0.0002583027499019252
176400,-0.0005440004708991615
180000,-0.0005345514464091294
