time,vpos
162000,-0.039945652873708395
165600,-0.011646268657863522
169200,0.002952206289178795
172800,0.004013646378377073
176400,0.011152785907995684
180000,0.004034209177216122
183600,0.004538842274818785
