time,vpos
165600,-0.040804060591289035
169200,-0.010387891210060713
172800,0.005531462737682594
176400,0.006566859954011084
180000,0.011604791808913857
183600,0.0038673669472092157
187200,0.006624222880415302
