time,vpos
169200,-0.0473345446821843
172800,-0.010529238308534392
176400,0.0074653065922066246
180000,0.006793393580198546
183600,0.013857770852547587
187200,0.004834681273228598
190800,0.006886062882461382
