time,vpos
172800,-0.04474143943992248
176400,-0.0022814446047149752
180000,0.008307082622859258
183600,0.0035692601824813897
187200,0.017344498589813604
190800,0.003633725519220301
194400,0.003281359208550191
