time,vpos
172800,-0.0004007587103675345
176400,-2.993900429795029e-05
180000,-0.00011275006066767042
183600,-0.00025898412639945034
187200,-1.2520240581979938e-05
190800,-2.1384547560179497e-05
194400,3.068395635167496e-05
