time,vpos
176400,-0.018339144205278324
180000,0.0035975788422851793
183600,0.0023410213678052975
187200,0.00625094554715017
190800,0.01278571400524352
194400,-0.0005858643977028513
198000,0.0066109934426456865
