time,vpos
18000,15.596977117504462
21600,15.73751174074458
25200,15.977262714392392
28800,8.037470300243
32400,0.0030240511904927256
36000,-0.008783761820263157
39600,-0.025154090335598484
