time,vpos
18000,6.956575476410476
21600,7.035718624416399
25200,7.176506162844803
28800,3.619142473662143
32400,1.3024184198974803e-05
36000,-0.001023687830216966
39600,-0.001939029971831081
