time,vpos
180000,1.2125066901730233
183600,1.2162418274315367
187200,1.2237228374200568
190800,1.231176858733351
194400,1.2385911876743028
198000,1.2456533515975765
201600,1.249009335163185
