time,vpos
180000,0.0010198095243464482
183600,0.0005845234750211006
187200,0.006938206362045265
190800,0.005958068459143708
194400,0.006282170271077532
198000,0.007922058102163152
201600,0.00146873728206388
