time,vpos
183600,1.5110991954851793
187200,1.515694867771394
190800,1.5246183820655481
194400,1.5332759983403257
198000,1.5421526684276872
201600,0.7733995802754747
205200,9.959630273841592e-05
