time,vpos
183600,-8.262754916553543
187200,-8.286351904862906
190800,-8.331686941266733
194400,-8.3768354800554
198000,-8.434884898671639
201600,-9.454645717410662
205200,-10.439767608227655
