time,vpos
187200,-8.026932340669179
190800,-8.052012475692429
194400,-8.101162129992524
198000,-8.155428131199113
201600,-48.709533542276304
205200,-90.87826905795554
208800,-92.52309564448733
