time,vpos
187200,2.6842422901738034
190800,2.691893049577918
194400,2.7071740453579927
198000,2.722633295601615
201600,-24.634038679371066
205200,-52.713504829514314
208800,-53.428469990817206
