time,vpos
190800,-9.692907650742837
194400,-9.72047110335576
198000,-9.791068833757324
201600,-54.917051555692886
205200,-99.9999999998787
208800,-99.99999999995808
212400,-99.99999999999856
