time,vpos
190800,3.172291879031018
194400,3.181332053995145
198000,3.1994652346524233
201600,-36.388095762009456
205200,-77.02968991523302
208800,-79.20024302936292
212400,-80.3258559926243
