time,vpos
194400,4.887447292912149
198000,4.901436778500282
201600,-40.666100751092756
205200,-87.43363880507994
208800,-89.89733763626411
212400,-92.47497414603694
216000,-93.7749228634316
