time,vpos
194400,-13.923699390538902
198000,-13.985222220520214
201600,-57.023372525224794
205200,-99.9999999999681
208800,-99.99999999999407
212400,-100.0
216000,-100.0
