time,vpos
198000,7.2814031076087415
201600,-41.9090511438541
205200,-92.35253379498826
208800,-94.95510336580946
212400,-97.67843969628471
216000,-99.52602946944009
219600,-99.99982408327013
