time,vpos
198000,-19.8025224439145
201600,-59.90126122195709
205200,-99.99999999999942
208800,-99.9999999999965
212400,-99.9999999999812
216000,-99.99999999996501
219600,-99.99999999996146
