time,vpos
201600,-99.9999999999704
205200,-99.99999999996044
208800,-99.99999999997445
212400,-99.99999999999807
216000,-99.99999999999612
219600,-90.93045711013399
223200,-81.86091422027349
