time,vpos
201600,-91.41577419969387
205200,-92.68158421613006
208800,-95.30751794938858
212400,-98.04464013357139
216000,-99.71081930046594
219600,-65.0540112950146
223200,-30.108022590029204
