time,vpos
205200,-99.71127110347952
208800,-99.8556355504712
212400,-99.99999999663626
216000,-99.99999999521496
219600,-65.05400853284851
223200,-26.221244226434663
226800,-22.33447138179259
