time,vpos
205200,-99.99999999972061
208800,-99.99999999983204
212400,-99.99999999994927
216000,-99.99999999997753
219600,-88.90408977742888
223200,-66.33929131056333
226800,-54.8704030662689
