time,vpos
208800,-99.99999999999939
212400,-99.99999999994759
216000,-99.99999999994611
219600,-87.69074414047427
223200,-59.847436209161245
226800,-41.075091687764335
230400,-37.83679923815826
