time,vpos
208800,-99.99999999817486
212400,-99.99999999908744
216000,-100.0
219600,-66.72180032336271
223200,-28.050658114013594
226800,-16.899253927526807
230400,-11.140792273751845
