time,vpos
212400,-100.0
216000,-100.0
219600,-86.70781225041146
223200,-56.26173922992186
226800,-34.700122078805926
230400,-15.146230363467556
234000,-7.052834405991589e-05
