time,vpos
212400,-99.9999998044259
216000,-99.99999976677039
219600,-68.94563927273181
223200,-30.670913753648648
226800,-17.40990584073018
230400,-5.679864599684724
234000,0.009533791142345868
