time,vpos
21600,11.448329981575625
25200,11.54558411074984
28800,5.82163350252425
32400,0.00012659984833412034
36000,-8.627073010012421e-06
39600,-7.501179521347347e-05
43200,-0.0003083348721843256
