time,vpos
21600,6.969867607031899
25200,6.998516748750612
28800,3.5073834300418834
32400,0.005645430118059484
36000,-0.005660344003461227
39600,-0.007572652197222166
43200,0.019865274234155964
