time,vpos
216000,-99.99999999999892
219600,-85.07105897913067
223200,-51.81751734722392
226800,-29.878298908320204
230400,-13.13187863285566
234000,-2.1852087667211015e-05
237600,3.24810809793151e-05
