time,vpos
216000,-99.99999997997327
219600,-83.35489439784749
223200,-44.83841866143604
226800,-16.760932772960185
230400,-5.277618459837078
234000,-0.0003816724640888826
237600,-0.00034346402404848296
