time,vpos
219600,-63.34572926231042
223200,-44.350028268565254
226800,-24.39489495006921
230400,-11.731307532667472
234000,-0.016486537503694002
237600,-0.00515056636001195
241200,-0.00448049772922884
