time,vpos
219600,-59.38885771520138
223200,-59.55814654382164
226800,-34.86250961379883
230400,-4.998790673259236
234000,-1.8854589961737794e-05
237600,-1.541179638798313e-05
241200,9.394224434800714e-06
