time,vpos
223200,-6.687774486459075
226800,-6.718195452685355
230400,-3.381818934838753
234000,0.014182147541339039
237600,0.018761194470960006
241200,-0.0004407963987955975
244800,0.004981764109039439
