time,vpos
223200,-34.06315239001124
226800,-34.160108558341896
230400,-17.128239663725555
234000,-0.00036254865835164753
237600,-0.0006910613208896415
241200,8.231359028408303e-05
244800,0.0002362532842021964
