time,vpos
226800,-0.621007853508149
230400,-0.3105946139528379
234000,-0.00028967460163044573
237600,-0.00019218744138117545
241200,0.0008705974849164296
244800,0.0003133094404052872
248400,-0.0011009761660504716
