time,vpos
226800,-0.3912764186346389
230400,-0.19563610313564672
234000,5.6442178012833645e-06
237600,1.2767645207293873e-05
241200,4.433406573921407e-06
244800,-3.913805474312694e-06
248400,1.7647940609786107e-06
