time,vpos
230400,-0.0004038646699937824
234000,0.00014591225765678558
237600,0.0002983189870224776
241200,-4.70271290782467e-05
244800,-0.0003574892624596947
248400,-0.0005215655055617513
252000,-0.0003231555330982083
