time,vpos
230400,-0.00452676438040759
234000,-0.007542547467896253
237600,-0.018793462382440333
241200,0.0011870749629354067
244800,0.005692081874784758
248400,0.00569897196036382
252000,0.029416524306524684
