time,vpos
234000,-0.03922887303316257
237600,-0.010035502011684379
241200,0.008726815422081277
244800,-0.002408187758412913
248400,0.006917155573744343
252000,0.006906665468984328
255600,-0.0031331175607146014
