time,vpos
237600,-0.0475819630951745
241200,-0.012223027553833605
244800,0.0049774287358076725
248400,0.0011903776850298619
252000,0.012464307244580756
255600,0.005808428314088278
259200,0.0022500480249667133
