time,vpos
237600,-2.4087003113749644e-06
241200,-2.1523280013191183e-06
244800,-2.5147350078513994e-07
248400,1.0919439140201341e-06
252000,6.361396354879952e-07
255600,2.1201585423048498e-07
259200,-5.736842416774465e-08
