time,vpos
241200,0.002937516500021696
244800,-0.001489998562315712
248400,-0.0008580705173544526
252000,0.002185920594663504
255600,-0.011735323189824239
259200,-0.02364111497903127
