time,vpos
241200,-1.1639974351472824e-05
244800,-7.951554383389122e-07
248400,3.811970613757889e-05
252000,4.695729881002443e-05
255600,1.9463595517861288e-07
259200,-2.7335576909328857e-05
