time,vpos
25200,21.66640166973656
28800,10.833203697067324
32400,-1.9735467329841205e-06
36000,5.8134126422258885e-06
39600,-1.0281677389844431e-06
43200,-6.410112912400236e-06
46800,1.0534426492952053e-05
