time,vpos
25200,0.5953730217981562
28800,0.5987625313832332
32400,0.5982739140540553
36000,0.6100202836824846
39600,0.621654749556105
43200,0.6196757012534901
46800,0.6216866836199392
