time,vpos
28800,2.5407127245834693
32400,2.5495439639539255
36000,2.5731366381992786
39600,2.576197482714225
43200,2.5780595684373493
46800,2.615961841775359
50400,2.640301439030293
