time,vpos
28800,0.00028424543149457415
32400,0.0011192582907747967
36000,0.0010104242974729616
39600,0.00017183638208721237
43200,-0.00011073094410193101
46800,-0.00011332425547364472
50400,0.0002719086965400937
