time,vpos
32400,-0.00029401793910332195
36000,-2.2309013610787498e-05
39600,8.087768093393624e-05
43200,9.313007936508049e-05
46800,0.00015705644229137118
50400,7.585280053928821e-05
54000,0.00011149742523986956
