time,vpos
32400,1.8683975548703289
36000,1.8658352820556465
39600,1.8833097669649455
43200,1.8957714529757221
46800,1.8986458375571156
50400,1.9177429696981954
54000,1.9263906455446775
