time,vpos
3600,4.6012883728879794e-07
7200,3.08088287737443e-08
10800,-3.9851117974130934e-07
