time,vpos
3600,-1.760521977446343e-06
7200,-5.1273242390972354e-05
10800,-0.00010078596280449836
