time,vpos
36000,-0.0007561395728732343
39600,-0.0005935821087147853
43200,-0.00043102464455633627
