time,vpos
36000,0.007503176131275625
39600,-0.009652126591160362
43200,-0.02680742931359635
