time,vpos
39600,-0.004361931819651346
43200,-0.004813244856148119
46800,-0.005264557892644892
