time,vpos
39600,4.17252429663062e-05
43200,8.872157313442267e-05
46800,0.00013571790330253915
