time,vpos
43200,0.012459450841485623
46800,-0.002893262182421014
50400,-0.01824597520632765
