time,vpos
43200,5.586407971023213e-05
46800,4.717777951540028e-05
50400,3.8491479320568426e-05
