time,vpos
46800,-0.0006070156260740676
50400,-0.000621148022317668
54000,-0.0006352804185612683
