time,vpos
46800,-0.011061752933421353
50400,-0.004827522547539584
54000,0.0014067078383421863
