time,vpos
50400,0.00028955224363066777
54000,7.78542191518826e-05
57600,-0.00013384380532690258
