time,vpos
50400,-0.004857518126490275
54000,-0.0030847975685437254
57600,-0.001312077010597176
