time,vpos
54000,-0.001411386557919139
57600,-0.0004746674450688981
61200,0.0004620516677813428
