time,vpos
54000,-0.0005873545221791607
57600,-0.0002720458257579613
61200,4.326287066323809e-05
