time,vpos
57600,0.00031848311316809197
61200,0.00018769080356475316
64800,5.6898493961414344e-05
