time,vpos
57600,-0.01997094748691548
61200,-0.006725037361717841
64800,0.006520872763479799
