time,vpos
61200,0.0007455668690153856
64800,-0.00013927959562481262
68400,-0.0010241260602650108
