time,vpos
61200,-2.538222721934491e-06
64800,-1.3921585784344714e-06
68400,-2.460944349344518e-07
