time,vpos
64800,-0.005226216664601076
68400,-0.0062411292427854564
72000,-0.007256041820969837
