time,vpos
64800,1.6840920823359845e-06
68400,8.929823014388112e-06
72000,1.617555394644024e-05
