time,vpos
68400,-5.559805277684872e-05
72000,-2.637873936014724e-05
75600,2.8405740565542385e-06
