time,vpos
68400,6.053992448410567e-08
72000,-1.5411879802961284e-07
75600,-3.6877752054333135e-07
