time,vpos
7200,1.4331682022744401e-05
10800,-0.00015108614282552448
14400,-0.00031650396767379335
