time,vpos
7200,-4.618648840697386e-05
10800,0.006826797777736461
14400,0.013699782043879897
