time,vpos
72000,-1.1473332457712093e-07
75600,-3.08414566628501e-07
79200,-5.02095808679881e-07
