time,vpos
72000,0.0003192831716003968
75600,-6.250070267867443e-05
79200,-0.00044428457695774566
