time,vpos
75600,-1.691968639846997e-08
79200,-2.6605970526770786e-07
82800,-5.151997241369458e-07
