time,vpos
75600,0.0004466893639455386
79200,0.00042200501909247146
82800,0.0003973206742394044
