time,vpos
79200,4.6262501217624735e-05
82800,2.44800973733892e-05
86400,2.6976935291536663e-06
