time,vpos
79200,-0.0025925865947008103
82800,-0.012707089687247448
86400,-0.022821592779794085
