time,vpos
82800,2.3614946460977226e-07
86400,7.49122063426616e-08
90000,-8.632505192444906e-08
