time,vpos
82800,-0.00029222015496787175
86400,1.8165515692244922e-05
90000,0.0003285511863523616
