time,vpos
86400,0.0017869129806786198
90000,0.00484566876531471
93600,0.0079044245499508
