time,vpos
86400,-0.00036805606346531413
90000,2.1167930329158433e-05
93600,0.000410391924123631
