time,vpos
90000,-4.959253459280166e-07
93600,1.5336855433648738e-07
97200,8.026624546009914e-07
