time,vpos
90000,-0.0005524545745658185
93600,-0.00047894249528789495
97200,-0.0004054304160099714
