time,vpos
93600,0.004534548165960502
97200,0.011960262494499128
100800,0.019385976823037755
