time,vpos
93600,-3.309187244275974e-07
97200,-9.064479863637941e-08
100800,1.4962912715483858e-07
