time,vpos
97200,-3.192499397654258e-07
100800,6.212737232221682e-08
104400,4.4350468440985946e-07
