time,vpos
97200,-5.718286938246806e-06
100800,7.670679231784627e-07
104400,7.252422784603731e-06
