time,vpos
100800,0.002288009182774102
104400,0.015124852087009108
108000,0.027961694991244113
