time,vpos
100800,0.002139350001884032
104400,0.0008064947419061842
108000,-0.0005263605180716636
