time,vpos
104400,-2.6938367025941545e-05
108000,-1.6332620464409864e-05
111600,-5.726873902878182e-06
