time,vpos
104400,0.01416493381802622
108000,0.0038336409580277606
111600,-0.0064976519019707
