time,vpos
10800,-5.1204218166676734e-05
14400,-6.154242207195488e-05
18000,-7.188062597723303e-05
