time,vpos
10800,0.0001166074646032772
14400,0.00012628995629839195
18000,0.0001359724479935067
