time,vpos
108000,62.47652337646594
111600,62.80883273619842
115200,63.14114209593088
