time,vpos
108000,7.772141802327005e-05
111600,5.737647322410366e-05
115200,3.703152842493729e-05
