time,vpos
111600,41.29361928023826
115200,20.646657307564944
118800,-0.0003046651083825347
