time,vpos
111600,13.2277339278053
115200,-1.756256524208069
118800,-16.74024697622144
