time,vpos
115200,-68.25862855718697
118800,-69.56696964156144
122400,-70.87531072593592
