time,vpos
115200,-33.333281859254775
118800,-33.6350955406791
122400,-33.93690922210344
