time,vpos
118800,-79.96495819479834
122400,-81.41124026592308
126000,-82.85752233704784
