time,vpos
118800,-64.914783229141
122400,-65.43848378022717
126000,-65.96218433131335
