time,vpos
122400,-58.94269825523555
126000,-59.75255068333063
129600,-60.56240311142571
