time,vpos
122400,-62.525036753960116
126000,-62.83415795156186
129600,-63.14327914916361
