time,vpos
126000,-62.823843606269335
129600,-63.00389704145613
133200,-63.183950476642906
