time,vpos
126000,-23.067017400768293
129600,-23.226587958448192
133200,-23.386158516128088
