time,vpos
129600,-46.61981122791919
133200,-46.753442299920465
136800,-46.88707337192174
