time,vpos
129600,-24.38649929506039
133200,-24.521946203676624
136800,-24.657393112292855
