time,vpos
133200,-31.470447274023993
136800,-27.27027168899241
140400,-23.07009610396082
