time,vpos
133200,-28.181973170350112
136800,-28.262520136458086
140400,-28.34306710256606
