time,vpos
136800,-22.176462596759592
140400,-22.239840354551617
144000,-22.303218112343647
