time,vpos
136800,-5.6722762448863095e-06
140400,-4.996683320660639e-06
144000,-4.321090396434968e-06
