time,vpos
140400,-0.5611339238891146
144000,-0.280566856952607
147600,2.0998390062344774e-07
