time,vpos
140400,-5.122022136292212e-05
144000,0.0005689703519552926
147600,0.0011891609252735072
