time,vpos
14400,6.120780332308307e-05
18000,1.1156667733464075e-06
21600,-5.897646977639026e-05
