time,vpos
14400,1.7287484044867067e-06
18000,1.0513031067831764e-06
21600,3.7385780907964617e-07
