time,vpos
144000,1.588924124913819e-07
147600,-3.5741430573089443e-07
151200,-8.737210239531708e-07
