time,vpos
144000,0.00012925497653842725
147600,1.4467637075034595e-05
151200,-0.00010031970238835806
