time,vpos
147600,3.973593241169668e-07
151200,-1.129231517931008e-05
154800,-2.2981989682737125e-05
