time,vpos
147600,-0.0011106068186464977
151200,-0.0008451328285962651
154800,-0.0005796588385460326
