time,vpos
151200,-1.2339743196202704e-05
154800,1.5419222897955243e-06
158400,1.5423587775793753e-05
