time,vpos
151200,3.5387649709867075e-06
154800,1.4397271121818767e-06
158400,-6.593107466229542e-07
