time,vpos
154800,-1.7373505673380987e-07
158400,5.617576073052922e-06
162000,1.1408887202839654e-05
