time,vpos
154800,-0.00031932306061988654
158400,-0.0003557278185084255
162000,-0.00039213257639696445
