time,vpos
158400,6.571041790862737e-05
162000,5.281708966761836e-05
165600,3.992376142660935e-05
