time,vpos
158400,-0.010491739289555848
162000,-0.00039520757126329867
165600,0.00970132414702925
