time,vpos
162000,0.00020469233220951865
165600,0.00022500035552102716
169200,0.00024530837883253567
