time,vpos
162000,-1.1136800440181283e-06
165600,-4.423782572898771e-07
169200,2.2892352943837402e-07
