time,vpos
165600,2.7352345596127743e-05
169200,1.1133097761728132e-06
172800,-2.5125726043782117e-05
