time,vpos
165600,0.00030759100474213796
169200,5.015601779531512e-05
172800,-0.00020727896915150772
