time,vpos
169200,-4.981524624227129e-07
172800,-1.3588508569230273e-07
176400,2.2638229103810747e-07
