time,vpos
169200,-0.00038233108784564555
172800,0.00023116921466673972
176400,0.000844669517179125
