time,vpos
172800,0.0006247170348662418
176400,-1.1972973993944539e-05
180000,-0.0006486629828541309
