time,vpos
172800,0.00012500037404458158
176400,-0.00013738499068883527
180000,-0.00039977035542225215
