time,vpos
176400,0.00931007367417692
180000,0.0015841107744098961
183600,-0.006141852125357127
