time,vpos
176400,0.0002979752916662183
180000,3.015294452030071e-05
183600,-0.00023766940262561688
