time,vpos
18000,0.014454902890875462
21600,0.02765128659586039
25200,0.040847670300845317
