time,vpos
18000,-0.00021209682761473314
21600,-0.0007387589749532947
25200,-0.0012654211222918562
