time,vpos
180000,-0.00045385973633762426
183600,2.5295896009343212e-05
187200,0.0005044515283563107
