time,vpos
180000,-8.249618340880338e-07
183600,-5.209577789771699e-07
187200,-2.1695372386630607e-07
