time,vpos
183600,-0.0021944135112104968
187200,0.0037964965251699565
190800,0.009787406561550409
