time,vpos
183600,-1.100147718063882e-06
187200,-5.851164093035243e-07
190800,-7.008510054316679e-08
