time,vpos
187200,-8.106153259745952e-06
190800,-6.14921116075251e-06
194400,-4.1922690617590685e-06
