time,vpos
187200,-0.0002297147144454602
190800,1.2277145111152184e-05
194400,0.00025426900466776455
