time,vpos
190800,-0.008590057896396778
194400,-0.01940405003715874
198000,-0.030218042177920703
