time,vpos
190800,-0.0013898510855268036
194400,-0.0011425804846629806
198000,-0.0008953098837991577
