time,vpos
194400,31.462925654558376
198000,31.556278779220193
201600,31.649631903882003
