time,vpos
194400,-4.921001002522463e-07
198000,-6.738682125110793e-07
201600,-8.556363247699122e-07
