time,vpos
198000,-48.19889233619058
201600,-48.951408986182884
205200,-49.703925636175185
