time,vpos
198000,25.946008824187096
201600,12.973004489782024
205200,1.5537695520539723e-07
