time,vpos
201600,-79.52771051457151
205200,-80.91058786771022
208800,-82.29346522084892
