time,vpos
201600,-96.77152729951426
205200,-98.38576364975712
208800,-100.0
