time,vpos
205200,-99.99999999782145
208800,-99.99999999732736
212400,-99.99999999683328
