time,vpos
208800,-99.99999998607557
212400,-99.99999998275457
216000,-99.99999997943358
