time,vpos
208800,-99.99999999999869
212400,-99.99999999999861
216000,-99.99999999999852
