time,vpos
212400,-99.99999936155149
216000,-99.99999900562457
219600,-99.99999864969767
