time,vpos
212400,-99.99999999992515
216000,-99.99999999996257
219600,-100.0
