time,vpos
21600,30.68689774817606
25200,30.92362172793669
28800,31.160345707697314
