time,vpos
21600,22.12413218470394
25200,22.33556768983234
28800,22.547003194960745
