time,vpos
216000,-100.0
219600,-96.11851975072274
223200,-92.23703950144548
