time,vpos
216000,-99.99999999996419
219600,-79.26388982161401
223200,-58.52777964326382
