time,vpos
219600,-35.7302540715286
223200,-35.86986423385503
226800,-36.00947439618147
