time,vpos
219600,-59.91954090774605
223200,-60.14432371860754
226800,-60.36910652946902
