time,vpos
223200,-16.319978662816087
226800,-16.366559667082477
230400,-16.41314067134887
