time,vpos
223200,-30.39753785039721
226800,-30.50311555017965
230400,-30.608693249962094
