time,vpos
226800,0.00854090296887322
230400,0.002717041156018781
234000,-0.0031068206568356585
