time,vpos
226800,-4.11233617960145
230400,-2.0561681159404808
234000,-5.227951110214901e-08
