time,vpos
230400,8.606873794713477e-07
234000,3.1712217208056023e-06
237600,5.481756062139857e-06
