time,vpos
230400,0.00011851318184310719
234000,0.0001211032135036447
237600,0.00012369324516418222
