time,vpos
234000,4.436970500585348e-05
237600,-3.9609759456618293e-05
241200,-0.00012358922391909007
