time,vpos
234000,2.2337045711619697e-05
237600,2.4375968300040284e-05
241200,2.641489088846087e-05
