time,vpos
237600,-0.0002244969991110985
241200,-0.00015958065286475923
244800,-9.466430661841997e-05
