time,vpos
237600,2.3247091153130728e-07
241200,1.1963374557926593e-06
244800,2.1602040000540113e-06
