time,vpos
241200,0.00021187173511925624
244800,2.4074228493823187e-05
248400,-0.00016372327813160987
