time,vpos
241200,0.01897561635039991
244800,0.015613743544239566
248400,0.012251870738079224
