time,vpos
244800,1.7384014762422684e-06
248400,2.389158187260376e-07
252000,-1.2605698387901931e-06
