time,vpos
244800,-0.00037260614566922857
248400,6.846485071206497e-05
252000,0.0005095358470933585
