time,vpos
248400,0.00036391011033749636
252000,3.6671399464263454e-05
255600,-0.00029056731140896945
