time,vpos
248400,2.7629562531633622e-05
252000,1.373121010931136e-05
255600,-1.6714231301090399e-07
