time,vpos
25200,40.09661306620561
28800,20.048307448972864
32400,1.8317401101145743e-06
