time,vpos
25200,34.57428895914984
28800,17.287117642407463
32400,-5.367433491328816e-05
