time,vpos
252000,5.702394481957307e-06
255600,2.7649231300558384e-05
259200,4.959606811915946e-05
