time,vpos
252000,0.00036400951630084403
255600,1.3427866043497664e-05
259200,-0.0003371537842138487
