time,vpos
255600,-5.7900447839043245e-06
259200,-5.7900447839043245e-06
