time,vpos
255600,-0.0006571025396618065
259200,-0.0006571025396618065
