time,vpos
28800,-0.004602374421314626
32400,-0.001271945627554958
36000,0.0020584831662047096
