time,vpos
28800,0.0006673773869342829
32400,0.0003252283380130893
36000,-1.692071090810427e-05
