time,vpos
32400,8.969793480905047e-05
36000,-2.6400792593662382e-05
39600,-0.00014249951999637523
