time,vpos
32400,1.63582672624632e-07
36000,-4.436339850165394e-08
39600,-2.523094696279399e-07
