time,vpos
0,0.07547980202249477
3600,0.04429464167433056
7200,0.018050163731591268
10800,-0.003230799745545146
14400,-0.020337179045170434
18000,-0.012233981333466454
21600,-0.013246050204698519
