time,vpos
3600,0.01209007028909212
7200,0.0012866568727240807
10800,0.006647166087462176
14400,0.011332253553015625
18000,-0.00439137822575191
21600,-0.003434462879583285
25200,0.0017672490798001893
