time,vpos
36000,0.0007139569472479738
39600,-0.0007956994708931607
43200,0.0028033894012129486
46800,0.0005287723554639426
50400,0.00466026578657578
54000,0.011109950514797075
57600,0.0060447794759102835
