time,vpos
39600,-0.002615988285689305
43200,0.01240548384495325
46800,0.006636870104460528
50400,0.001946282243495812
54000,0.00964818307050065
57600,-0.002154500064717137
61200,-0.005559586016769204
