time,vpos
43200,0.006757029684864059
46800,0.0014817613059955623
50400,0.01094200378616341
54000,0.010792684987093355
57600,0.0019274270907334873
61200,0.0007825463627676656
64800,-0.006381906126944688
