time,vpos
46800,0.011546344029711702
50400,0.00871872413830204
54000,0.0100998900434547
57600,0.008601913699398736
61200,0.0078238010965078
64800,0.022090249850518672
68400,0.031428049066802195
