time,vpos
46800,0.004442568697177704
50400,0.003669855676192136
54000,0.0014664524413056275
57600,-0.0012964025151143155
61200,0.0008895680880325354
64800,0.0032400516907407804
68400,0.002072399947783172
