time,vpos
50400,10.768070403876573
54000,10.799720054171836
57600,5.410278731580822
61200,-0.0004048088195422034
64800,0.00095619328166579
68400,0.0013498332163914292
72000,0.010789903535820426
