time,vpos
50400,3.4012953902582126
54000,3.4110318101002415
57600,1.7103846046598794
61200,-8.203813493176746e-07
64800,-1.6064770025078625e-06
68400,-1.9075603717819892e-07
72000,2.1130174325344059e-07
