time,vpos
54000,-0.00638565077449812
57600,-0.001211501283807613
61200,0.0018995680783614544
64800,0.033517229624488595
68400,0.029788361139766698
72000,0.001778523659775962
75600,0.011178296339155706
