time,vpos
54000,2.19311601813897
57600,1.0967740452069437
61200,0.00034579291893523
64800,9.884679586762592e-05
68400,3.556633701668686e-06
72000,0.00014593638448873116
75600,0.0002229395303565213
