time,vpos
57600,-0.017956167696413942
61200,0.0007398092301707238
64800,0.0016975016044111168
68400,-2.3429034997843323e-05
72000,0.012749550447628115
75600,0.0025701823350101033
79200,-0.004364811347298554
