time,vpos
61200,0.006970694092360888
64800,-0.009842316212382103
68400,0.010283168194582392
72000,0.01810008849458214
75600,-0.001201541324748743
79200,0.010929930265692982
82800,0.013241457263757849
