time,vpos
61200,8.825627779406324e-05
64800,0.00017186098444808712
68400,-3.212919928354493e-05
72000,1.3145235752929924e-06
75600,-7.520298651135143e-05
79200,-0.0002914967107940411
82800,-0.00011023431174559249
