time,vpos
64800,0.0063928152712645035
68400,-0.005386130650292926
72000,0.011393173571730385
75600,0.016214618138105524
79200,0.0002660102436510153
82800,0.007771874773249281
86400,0.007489541620096454
