time,vpos
68400,0.007899631381326532
72000,-0.0037124387646646152
75600,0.007957493870529932
79200,0.01463226341469121
82800,0.0007073395606553102
86400,0.005165039838425458
90000,0.006940430733207089
