time,vpos
7200,-0.0007449527409963551
10800,-0.0007398604402434608
14400,0.005614056703430565
18000,0.001327691902319736
21600,-0.0005698242075816395
25200,0.005453755025767426
28800,0.0027396607249859073
