time,vpos
72000,0.005769612079236644
75600,-0.0042177468652671805
79200,0.00872014583502506
82800,0.013185661379148231
86400,-0.0002002484698176193
90000,0.005947002932706212
93600,0.007020428083523
