time,vpos
75600,0.004571538476047369
79200,-0.004228926408661828
82800,0.006566503309388594
86400,0.01079564208372681
90000,-0.0002897393653846563
93600,0.004930613329849863
97200,0.005869591645774443
