time,vpos
79200,0.0029855144602642866
82800,-0.0045403795632368215
86400,0.005528835032283684
90000,0.008923516365753163
93600,-0.0006730130071177697
97200,0.004704770771525498
100800,0.005478656637487563
