time,vpos
82800,0.0008519495606326829
86400,-0.004763890634389926
90000,0.003949095816494766
93600,0.006475554801989129
97200,-0.0009896611510977849
100800,0.004168066885345138
104400,0.004988643214462039
