time,vpos
82800,0.00012212017003097278
86400,1.712332618370875e-05
90000,-0.00013940795945434472
93600,0.00018503190976330868
97200,0.0003776876404377197
100800,0.00014137369277329964
104400,8.83783254429114e-05
