time,vpos
86400,-0.0013937173061673769
90000,-0.004553539236117133
93600,0.0027521088666971993
97200,0.0035657086355430283
100800,-0.000824834792915522
104400,0.003863848804358158
108000,0.003291205566172127
