time,vpos
90000,0.018517564254745156
93600,0.028081507516419087
97200,0.009849110841368561
100800,0.001714487628434627
104400,0.012999916107769155
108000,-0.0020247596298125716
111600,-0.008673147122938304
