time,vpos
93600,-0.0023097330356766916
97200,-0.00036972929047733187
100800,0.0011603624484815699
104400,-0.0003226719782232573
108000,0.001401127898422488
111600,0.0007394080753276857
115200,-0.0027192340448772305
