time,vpos
93600,30.109111707546475
97200,30.19119822280696
100800,30.33814540976466
104400,30.52794210188675
108000,30.717266557444113
111600,30.948136511009622
115200,31.114618029442635
