time,vpos
97200,30.392404873939793
100800,30.48159053322171
104400,30.666027862559613
108000,30.84196511743341
111600,31.079487480632338
115200,15.616434016510974
118800,-0.0034562259914977505
