time,vpos
97200,-5.26947947872202
100800,-5.306866308510529
104400,-5.376505398180369
108000,-5.443899952140824
111600,-5.543911013942308
115200,-5.698590410710377
118800,-5.788401039756084
