time,vpos
100800,-2.8990352144165454
104400,-2.9169618910844526
108000,-2.953898611177563
111600,-3.008097730714241
115200,-27.47286953827965
118800,-52.69950664275132
122400,-53.49656101576906
