time,vpos
100800,29.619555426427667
104400,29.715773538361205
108000,29.878960977620405
111600,30.112039972626924
115200,13.71518113110237
118800,-2.866728179707058
122400,-2.885668981311067
