time,vpos
104400,28.554757799650666
108000,28.632106036538612
111600,28.869111759286753
115200,0.532031355774179
118800,-28.208287647235952
122400,-28.75019264407491
126000,-29.04851652727651
