time,vpos
104400,6.46401803985015
108000,6.498464208215146
111600,6.629146451168225
115200,-32.102002203103396
118800,-72.03530278481726
122400,-74.14558300511744
126000,-75.14994737256345
