time,vpos
10800,-0.002495443653513529
14400,0.0024235295842691463
18000,0.005280441943286883
21600,0.005335637582208048
25200,0.004843353181775182
28800,0.0027741539897792773
32400,0.0033144957159023454
