time,vpos
10800,0.0008777905548549042
14400,0.00035012156181180314
18000,0.0003226209591042782
21600,0.0012385821816473868
25200,0.0006378572423308168
28800,-0.0008526166625895787
32400,-0.0013265727959858719
