time,vpos
108000,16.880763764411935
111600,17.080345451009414
115200,-26.830518827727403
118800,-72.03060880550163
122400,-74.13978812303468
126000,-71.59470921588597
129600,-68.03009500364416
