time,vpos
108000,26.254117837101454
111600,26.38765171988835
115200,-1.1462364224928967
118800,-29.080281341158088
122400,-29.639080209209386
126000,-30.110235575143502
129600,-30.28921496652337
