time,vpos
111600,-0.1413835248526141
115200,-14.791095783453406
118800,-29.729289837883567
122400,-30.29991989265024
126000,-30.771244199699666
129600,-31.04070792349821
133200,-31.12099559918463
