time,vpos
111600,31.597114204178606
115200,-19.672142012813534
118800,-72.0310040133825
122400,-74.13967161704818
126000,-71.59445172635232
129600,-48.886395460199054
133200,-29.74262090483051
