time,vpos
115200,-61.606390896181814
118800,-62.54976521228329
122400,-64.38485033282792
126000,-65.91678486196322
129600,-53.1147645866163
133200,-39.870493901716955
136800,-40.06846721685665
