time,vpos
115200,-45.57081795815793
118800,-45.99727649177513
122400,-46.87582985802563
126000,-40.242829995511656
129600,-33.253566626824615
133200,-30.50558128198354
136800,-27.661764610682223
