time,vpos
118800,-66.77291091604644
122400,-67.42348117447682
126000,-50.62007734827812
129600,-33.25359058113981
133200,-30.50142125465592
136800,-23.629465095316238
140400,-19.597165579951195
