time,vpos
118800,-58.309982549674665
122400,-59.12288059309382
126000,-60.52622480191442
129600,-50.40029130522032
133200,-39.870553798777365
136800,-27.358029311720088
140400,-14.658862669010231
