time,vpos
122400,-64.3807755132305
126000,-61.8327871270263
129600,-46.476436219018346
133200,-30.66491915406534
136800,-23.62946509542517
140400,-15.266991537634905
144000,-10.936817495335552
