time,vpos
122400,-51.54587296427078
126000,-52.053264507224426
129600,-46.12247472400129
133200,-39.8705496881901
136800,-27.357834850935525
140400,-8.389103050347314
144000,-2.119342377379262
