time,vpos
126000,-39.05711323204138
129600,-39.2471091719205
133200,-39.622248359133486
136800,-27.233127428621053
140400,-8.389102188955624
144000,-1.0596714991848522
147600,-1.8712332127193791e-06
