time,vpos
126000,-56.033043513328515
129600,-56.21379436144029
133200,-42.02815491011735
136800,-23.62946509531266
140400,-15.266991537676661
144000,-5.473962232185935
147600,-0.011106968961244884
