time,vpos
129600,-28.265749204923797
133200,-28.398292689111017
136800,-21.594849635756137
140400,-8.389102004863792
144000,-1.0596719629377465
147600,-1.5213799734698772e-06
151200,-2.8397999176808073e-08
