time,vpos
129600,-48.05684873686885
133200,-48.20193206913066
136800,-33.97209049066679
140400,-15.266991537672583
144000,-5.472724079410044
147600,-0.0004149008896790589
151200,0.007800861636662361
