time,vpos
133200,-35.15057831233616
136800,-35.23875050035486
140400,-23.131870091889546
144000,-5.4640090244666
147600,0.03169531730252917
151200,0.011106167564237612
154800,-0.03237885300424902
