time,vpos
133200,-35.033397612765654
136800,-24.846130188633182
140400,-8.389101904988697
144000,-1.0595174394262767
147600,0.00014583198681798734
151200,0.0001519411724259986
154800,0.00031838499534575537
