time,vpos
136800,-24.602990919829555
140400,-24.676683400368177
144000,-12.373302340417453
147600,0.003490451141852755
151200,-0.0018791082563481675
154800,-0.0004121910951741222
158400,0.006143536534162989
