time,vpos
140400,0.0020416935814999374
144000,-0.018524701995450803
147600,-0.01830970105151801
151200,0.012478475706737609
154800,0.009869985795245902
158400,0.005625089399505725
162000,0.013995463152629341
