time,vpos
14400,-0.0021198936393092825
18000,-0.0008598216842921468
21600,0.001502293903615409
25200,0.0011201022481263064
28800,7.624268743633375e-05
32400,0.00042184477471264635
36000,0.0003270711342994085
