time,vpos
14400,-4.596978324536907
18000,-4.636792667599322
21600,-4.747218528915793
25200,-4.856205710824275
28800,-4.936815666676307
32400,-5.039499178510523
36000,-5.099948398147133
