time,vpos
144000,-0.0036711148158819124
147600,-0.00750295973062798
151200,-0.004773597223908414
154800,-0.003911622205898937
158400,0.003535317331705072
162000,0.005475314622090333
165600,-0.005730860028584571
