time,vpos
144000,0.0021970301455813764
147600,0.0015591558067884006
151200,7.365168955647715e-05
154800,-0.00033515726349324105
158400,1.24742381450469e-06
162000,-1.9495286955838176e-06
165600,9.726965687581113e-05
