time,vpos
147600,-1.290460323961224e-06
151200,-3.976390280174463e-06
154800,-9.03182300113357e-06
158400,-4.527497362457698e-06
162000,3.668393971813477e-06
165600,5.130705578044484e-06
169200,5.270954253426056e-06
