time,vpos
147600,-0.0075932244554622556
151200,-0.011077774252149031
154800,-0.003950506905975874
158400,-0.0016676326940791525
162000,0.0031837291777787073
165600,0.006091966162962637
169200,-0.004180101654674504
