time,vpos
151200,0.016788143662225044
154800,0.022967038629642146
158400,-0.011001670278442668
162000,-0.011697146416183928
165600,0.02775534760996281
169200,0.013575084115818143
172800,-0.0006055456667126025
