time,vpos
154800,-0.004303951173360897
158400,-0.001624388777677954
162000,0.0010171401461915234
165600,9.218387204186376e-05
169200,-0.0008486378683867874
172800,0.0004020400231438261
176400,0.0017066168527668968
