time,vpos
154800,0.0015733888566446396
158400,0.0012829032138642579
162000,0.0004578116831776284
165600,-0.00015444310916334165
169200,-4.6772216091432094e-05
172800,9.08447663338506e-05
176400,4.3141951252501586e-05
