time,vpos
158400,-0.00013428193703198454
162000,-5.059110292860352e-05
165600,5.834974035570305e-05
169200,9.31440592370005e-05
172800,3.6106948680411154e-05
176400,3.533548052151067e-05
180000,0.00010114543261957147
