time,vpos
158400,-0.04088294894574909
162000,-0.011862500008942133
165600,0.012325636484776293
169200,-0.00386553421692528
172800,-0.0058147620336556904
176400,0.007603612511075206
180000,0.01161235661392347
