time,vpos
162000,-0.00493849853975411
165600,-0.008460851272840035
169200,-0.004093258400555546
172800,-0.004354597314741528
176400,0.0037706028563948765
180000,0.006719748913924325
183600,-0.006607589719239028
