time,vpos
165600,-8.690147256251115e-08
169200,-1.2348811000258719e-07
172800,-3.314681298142059e-07
176400,9.22413839422597e-08
180000,2.837712734511148e-07
183600,-5.256949244515773e-07
187200,-9.315881157351161e-07
