time,vpos
165600,-0.017839818852288934
169200,-0.009191175482838572
172800,0.005825431368741998
176400,-0.000621033126411836
180000,0.0011429077178279421
183600,0.006553832912907213
187200,-0.002613610713537339
