time,vpos
169200,-0.03263520444273856
172800,-0.011673933133017261
176400,0.007263532504955124
180000,-0.0024973213136287573
183600,0.005788249304419265
187200,0.0071121021176713
190800,-0.007586663833959652
