time,vpos
169200,1.3560092295898421e-05
172800,-0.00026553417196048247
176400,-0.00037642511747100114
180000,-6.008748062716942e-05
183600,-2.2191714070212538e-05
187200,-0.00020764907638249084
190800,-0.0002828678871537565
