time,vpos
172800,-0.03626187644109199
176400,-2.5904983659379415e-05
180000,0.005517018966106279
183600,0.005054998797643346
187200,0.016509375463389025
190800,0.0020032056130761255
194400,0.006273686436221559
