time,vpos
176400,0.024776188757975402
180000,-0.009233863685260621
183600,-0.00963200093216177
187200,0.017344795908112488
190800,0.006267926539871391
194400,0.0037942392850884754
198000,0.005762303042486035
