time,vpos
18000,0.014917082162906293
21600,0.00929054023353514
25200,0.0032745045825879034
28800,-0.004069363546360019
32400,-0.009824314447826965
36000,-0.009144596344134724
39600,-0.009664301746347373
