time,vpos
18000,-4.346285471738012
21600,-4.398877627841926
25200,-4.481444388760618
28800,-4.553207981333496
32400,-4.634065341794404
36000,-4.734758600409239
39600,-4.796383486321264
