time,vpos
180000,-0.0026947117875756937
183600,-0.005711689291660677
187200,-0.008441249080362536
190800,0.00733467508739687
194400,-0.002453686209562462
198000,-0.0050804628978225646
201600,0.017569628163252946
