time,vpos
180000,2.3471071100985105e-05
183600,3.522528576018842e-05
187200,-1.4730860216986052e-05
190800,-1.3798676009839096e-05
194400,3.1659251700877984e-05
198000,5.946313636573015e-05
201600,0.00010445163816338999
