time,vpos
183600,-0.32880492209081247
187200,-0.3261239684727464
190800,-0.32575787862638506
194400,-0.3312500799428596
198000,-0.3335183567188908
201600,-0.34012871389845595
205200,-0.3476481318467597
