time,vpos
183600,-4.10595157705282e-05
187200,-6.68596420368406e-05
190800,-2.7533559347779983e-05
194400,-0.00011611665546868883
198000,-7.826013969172379e-05
201600,3.8737466358211575e-05
205200,-3.583074844509994e-05
