time,vpos
187200,-2.1175618129755582
190800,-2.1236149705233727
194400,-2.1357618557440254
198000,-2.148001904898907
201600,-34.232808399863906
205200,-67.27443093998859
208800,-68.23739330663034
