time,vpos
187200,0.08273940716306358
190800,0.07887656533366932
194400,0.07256018212422519
198000,0.08016377162449538
201600,-34.03735058795887
205200,-69.46495808525583
208800,-70.76499409208913
