time,vpos
190800,0.03610390129683131
194400,0.037112128693415784
198000,0.03892309274696197
201600,-43.597480175196836
205200,-88.88475307645301
208800,-92.1342280528414
212400,-93.73363613257433
