time,vpos
190800,-1.0289520226427136
194400,-0.2603209823226915
198000,-0.9047177672476592
201600,-51.15876506903337
205200,-99.99979628809496
208800,-99.99976955498704
212400,-99.99973107935826
