time,vpos
194400,-2.1321343269925244
198000,-2.1382224168153487
201600,-48.44803918451294
205200,-97.37588393119385
208800,-100.0
212400,-100.0
216000,-100.0
