time,vpos
194400,-0.9940764628444889
198000,-0.9992234480031771
201600,-50.50218521658093
205200,-99.99999999990243
208800,-99.9999999996943
212400,-99.99999999979187
216000,-100.0
