time,vpos
198000,-16.411885065146105
201600,-58.205942532573054
205200,-99.99999999999996
208800,-99.99999999999991
212400,-99.99999999999996
216000,-99.99999999999993
219600,-99.99999999999986
