time,vpos
198000,-7.311450391152221
201600,-45.83375265480745
205200,-92.17801325731881
208800,-99.99998579808747
212400,-99.99999999996554
216000,-99.99999999996554
219600,-100.0
