time,vpos
201600,-99.99999999998202
205200,-99.99999999998842
208800,-99.99999999999703
212400,-99.99999999998678
216000,-99.99999999998627
219600,-69.95365322969623
223200,-39.90730645939427
