time,vpos
201600,-99.99999926296942
205200,-99.99999963148407
208800,-99.99999999999847
212400,-99.9999999999976
216000,-99.99999996926009
219600,-85.16545843623011
223200,-70.33091693393703
