time,vpos
205200,-99.99999999998707
208800,-99.99999999999353
212400,-100.0
216000,-99.9999999999986
219600,-67.04285191812983
223200,-23.855858428444293
226800,-13.626013020626102
