time,vpos
205200,-99.99999935174883
208800,-99.99999354877825
212400,-99.99999383406958
216000,-99.9999898649702
219600,-84.18909522419185
223200,-49.472884291669715
226800,-30.567557942564644
