time,vpos
208800,-99.999999999999
212400,-99.99999999999916
216000,-99.99999999999667
219600,-66.66599700834766
223200,-22.597851541816866
226800,-11.889141653657262
230400,-11.914574240382118
