time,vpos
208800,-99.99999983560254
212400,-99.99999982069127
216000,-99.99999972177866
219600,-83.54021823641207
223200,-51.308944952253775
226800,-32.438132379161075
230400,-29.338811688861437
