time,vpos
212400,-99.99999999999176
216000,-99.999999963194
219600,-82.36132119900523
223200,-49.61800333639628
226800,-32.28006494360335
230400,-15.023352120693396
234000,6.144464159358396e-05
