time,vpos
212400,-99.99999999999008
216000,-99.999999999995
219600,-68.30006183511323
223200,-24.441124824536452
226800,-12.192506594701328
230400,-6.051433328174897
234000,2.0554206481266154e-05
