time,vpos
21600,10.447351566401224
25200,10.544124671843873
28800,0.47866084032447687
32400,-9.772392260268967
36000,-9.949251851821442
39600,-10.155449318537727
43200,-10.273603357332934
