time,vpos
21600,11.76864822610848
25200,11.882873303753145
28800,4.8775126389145695
32400,-2.2587504570934764
36000,-2.293094151325936
39600,-2.328842872768485
43200,-2.346925253503379
