time,vpos
216000,-99.9999999999996
219600,-69.70242995078675
223200,-26.49121710318947
226800,-12.839068924132727
230400,-6.050278415208751
234000,3.650820328978454e-06
237600,5.885977647524476e-07
