time,vpos
216000,-99.9999999435095
219600,-80.68385920803742
223200,-46.318529956504165
226800,-30.516671710924513
230400,-14.882022267927042
234000,-0.00012978624083631978
237600,-0.00021701803364246403
