time,vpos
219600,-37.590601113533
223200,-37.719089338737845
226800,-25.121156035104775
230400,-6.194528430244074
234000,0.0026109700218222643
237600,-0.00033183280059949285
241200,-0.00020795986613696957
