time,vpos
219600,-50.90902622125887
223200,-51.11765314969603
226800,-40.23011605911569
230400,-14.56687295876897
234000,-0.00023090654926924436
237600,-0.0005244585698478179
241200,-0.0003809814809096898
