time,vpos
223200,-25.120565387122895
226800,-25.219696421167235
230400,-12.661001925661527
234000,0.005083581561547687
237600,-0.00225463785878303
241200,0.0009107631454543364
244800,0.019674361243054262
