time,vpos
223200,-28.125225337563855
226800,-28.23867389589202
230400,-14.175973835466976
234000,-1.8335617610572378e-05
237600,-0.00011362451638904995
241200,0.00010769597415160593
244800,0.00023118645962198845
