time,vpos
226800,-3.358942974699739
230400,-1.6874423811305415
234000,-0.006944006896882028
237600,-0.0008795510852779539
241200,0.0015050972594148324
244800,0.003602167988009551
248400,0.0003812655190537956
