time,vpos
226800,-23.6718245257089
230400,-11.835927531746071
234000,-5.953232299347071e-06
237600,2.1205982527448813e-05
241200,-5.8374251906892705e-05
244800,-0.00020038017223801248
248400,-0.0002602311942501188
