time,vpos
230400,-0.01264155368235569
234000,-0.016491713858400245
237600,-0.0003614692464624957
241200,0.0007123627452670217
244800,0.0028203992983244323
248400,0.009945669668400369
252000,-0.00394366931083389
