time,vpos
234000,-1.6111469117126801e-06
237600,-2.0951389101278295e-06
241200,-2.438905077916678e-06
244800,-2.0329915396795794e-06
248400,-1.0023104947097836e-06
252000,-6.66194728652335e-07
255600,-1.0950722999538848e-06
