time,vpos
234000,-0.013078687181902998
237600,-0.002602424139157564
241200,0.0022994986472604927
244800,-0.003768885075254336
248400,0.004546026547882899
252000,0.004442116266340729
255600,-0.004470749104526126
