time,vpos
237600,0.0013308591979616438
241200,0.0006376065112774325
244800,6.921231922741439e-05
248400,0.00017410969032822556
252000,9.618646091809693e-05
255600,5.255373738172371e-05
259200,6.688311972209704e-05
