time,vpos
237600,-0.0395173076110368
241200,-0.009454612904068427
244800,0.014677883787735173
248400,-0.001086522611872769
252000,0.0068233196132021735
255600,0.009733131747649698
259200,-0.0051011067274208885
