time,vpos
241200,-0.0006612415171050525
244800,-0.0008885763807516398
248400,-0.0007820635541235182
252000,-0.001385221646626092
255600,-0.0013273678887594416
259200,-0.0003325083481155084
