time,vpos
241200,0.013740287582463245
244800,0.008848920726172837
248400,-0.004486257618154866
252000,-0.021229664886644448
255600,-0.0020999960580751287
259200,0.025329268550946474
