time,vpos
25200,35.417352880458196
28800,9.450680737200564
32400,-16.67097936093046
36000,-16.992708244890554
39600,-17.3113603772437
43200,-17.604109894358523
46800,-17.744948208206907
