time,vpos
25200,35.414292490110924
28800,14.580641284769785
32400,-6.299540363641021
36000,-6.3953457428613065
39600,-6.4949899735211645
43200,-6.590929248834895
46800,-6.6364992296393925
