time,vpos
28800,-3.5654710358697708
32400,-3.5918128279187376
36000,-3.6465264327206675
39600,-3.7033786914528397
43200,-3.7577884929717698
46800,-3.8084045733675325
50400,-3.8330912982235747
