time,vpos
28800,-14.04020985614603
32400,-14.18952792295779
36000,-14.46041647898569
39600,-14.729318017174304
43200,-14.987401310956693
46800,-15.246472256194316
50400,-15.394790956622018
