time,vpos
32400,-9.24753175906288
36000,-9.337421620035183
39600,-9.505317086264032
43200,-9.665607416600603
46800,-9.833493976616325
50400,-4.96086418813837
54000,-0.0026325647247155315
