time,vpos
72000,0.007970145717071074
75600,-0.0045424650159510286
79200,0.010397392068614819
82800,0.016511085999896292
86400,0.0001687597281115899
90000,0.006854124813645974
93600,0.008543042284658587
