time,vpos
90000,0.00044473577883480923
93600,-0.00012094992081301928
97200,-0.00026773574186102466
100800,9.024422285225337e-05
104400,0.0003243595233505481
108000,0.00011988606702745017
111600,-0.00037962260368048763
