time,vpos
97200,10.235344094110863
100800,10.268431238046123
104400,10.334448179470018
108000,10.40867365501581
111600,10.536936140425619
115200,5.311861063604881
118800,-0.00018082056850700438
