time,vpos
10800,11.676053470406117
14400,11.713364014659886
18000,11.833854147842043
21600,12.0117026356829
25200,12.216521337348654
28800,6.1671780944124555
32400,0.0076850487229722115
