time,vpos
108000,8.133889733458261
111600,8.214329984204388
115200,-23.746542660414818
118800,-56.475893159533264
122400,-57.74273308774143
126000,-51.87627350696293
129600,-45.431011601729374
