time,vpos
111600,8.294770148055134
115200,-23.74998028349494
118800,-56.47451757592453
122400,-57.739342845414534
126000,-51.87769642788218
129600,-40.86859283896067
133200,-36.30617407618199
