time,vpos
115200,-55.80972019587867
118800,-56.46111309181789
122400,-57.73173109468426
126000,-51.89098390167381
129600,-40.868592838956985
133200,-33.577379841030506
136800,-30.848585605883265
