time,vpos
118800,-57.111969797677006
122400,-57.73116124751999
126000,-51.89067970406861
129600,-40.86858912269615
133200,-33.57737718605864
136800,-25.088147826576336
140400,-19.327712815653435
