time,vpos
122400,-58.350308499368886
126000,-51.89065774112497
129600,-40.86857959449694
133200,-33.57736464743945
136800,-25.088141295343714
140400,-13.878324895571911
144000,-8.428944289222475
