time,vpos
133200,-27.58417248625528
136800,-27.64830765236924
140400,-18.07068675273281
144000,-4.218830352618674
147600,0.0038577332491676127
151200,-0.00033283712458817257
154800,-0.01711115900243712
