time,vpos
136800,-17.995737532265746
140400,-18.047158919611892
144000,-9.049657215849445
147600,-0.0007501274706909973
151200,-0.0006164000227360642
154800,-0.0004898117323407054
158400,-0.0005129536197383994
