time,vpos
144000,-0.01118887979658699
147600,-0.012397039072054418
151200,-0.0020467068747390465
154800,-0.0012617733004753118
158400,0.002518284529266993
162000,0.006558018381694702
165600,-0.003955863494138959
