time,vpos
147600,-0.0003098764556613322
151200,-0.0009434552411679718
154800,-0.0008810919761612608
158400,0.0007854209835050854
162000,0.0005267261583475681
165600,2.7630634641656588e-05
169200,0.0007578008452462581
