time,vpos
151200,0.16060200371642577
154800,0.05373395916845292
158400,-0.007219907692251651
162000,0.05894820767382845
165600,0.03943918197230985
169200,0.017533158320782664
172800,0.0353900980495859
