time,vpos
158400,8.869382371291611e-05
162000,4.1424516265718525e-05
165600,-6.035846504245622e-05
169200,3.485070499020983e-05
172800,0.00015607508025597993
176400,5.6970924615268584e-05
180000,-1.3634762397569676e-05
