time,vpos
158400,-0.05064317227083054
162000,-0.012902915150819674
165600,0.00611189833868705
169200,0.005125062007587397
172800,0.013949746189864203
176400,0.0050268734780378995
180000,0.005017923883339281
