time,vpos
169200,-5.98848320271314e-05
172800,3.6219235196052304e-05
176400,-5.555438185863733e-05
180000,-0.00026201596659884235
183600,-0.0004183854207292483
187200,-0.0005031985896633144
190800,-0.0004502262049293064
