time,vpos
169200,-0.0510578239128443
172800,-0.0039267606243736635
176400,0.010628097573075986
180000,0.005019294676130559
183600,0.018540332738122337
187200,0.00527463756899437
190800,0.005455306531950186
