time,vpos
18000,11.895807950641343
21600,12.017465260172038
25200,12.232866794003913
28800,6.1633407368676165
32400,-0.00529780409253096
36000,-0.0037799511452346413
39600,0.003106161324732036
