time,vpos
183600,1.7039502564473814
187200,1.7065494536474963
190800,1.7157526366516593
194400,1.7260926152597915
198000,1.7382795635929496
201600,0.8732044344343003
205200,-0.00032165025342278854
