time,vpos
183600,2.882994396991188
187200,2.8891804788889965
190800,2.9050111827998935
194400,2.922269643860833
198000,2.9401714718855163
201600,1.4752516067409926
205200,4.3752619637234234e-05
