time,vpos
187200,2.8973431336589166
190800,2.9055465047131315
194400,2.9221329200775443
198000,2.939649957047436
201600,-29.70237481891358
205200,-63.326313307928864
208800,-64.29909302832344
