time,vpos
208800,-99.99999999997429
212400,-99.99999999997384
216000,-99.99999999997107
219600,-71.6009243802417
223200,-33.97315943792596
226800,-20.46148799845941
230400,-16.178505881581565
