time,vpos
212400,-99.99999999990918
216000,-99.99999999991816
219600,-71.54566390137703
223200,-33.54291009167796
226800,-18.71929854722779
230400,-6.722051607410728
234000,1.4991051334525314e-06
