time,vpos
21600,12.142168151258133
25200,12.232888533918157
28800,6.165544145989021
32400,0.002657225848645456
36000,-0.009655169154738647
39600,0.004211484295650299
43200,0.025568383198209435
