time,vpos
223200,-29.14579933024718
226800,-29.23697481502783
230400,-14.663386569586818
234000,0.0066918506474307
237600,-0.0005004405594695655
241200,-0.002823954439401267
244800,0.007359512900162901
