time,vpos
226800,-0.0031091129187248373
230400,-0.0015501005605839048
234000,0.0014491916882272194
237600,0.0036301141143020264
241200,0.00214802299674288
244800,-7.319979721650746e-05
248400,-7.168893821213329e-05
