time,vpos
36000,0.0009901562328091694
39600,0.0005921898969958368
43200,0.00019422356118250426
