time,vpos
39600,-5.804385009828944e-06
43200,1.4372718031273549e-05
46800,3.454982107237604e-05
