time,vpos
54000,-1.6105168698189955e-05
57600,-2.4522022179596298e-05
61200,-3.293887566100264e-05
