time,vpos
57600,0.039789248366338056
61200,0.02034154588392758
64800,0.0008938434015171026
