time,vpos
57600,-0.0004991532214756011
61200,1.654258471556046e-05
64800,0.000532238390906722
