time,vpos
68400,0.0002945090422395174
72000,-3.9583598914506846e-05
75600,-0.0003736762400685311
