time,vpos
75600,-5.4296265530537346e-08
79200,-1.3834980201938608e-07
82800,-2.2240333850823482e-07
