time,vpos
75600,-9.269482016049418e-05
79200,-0.00015191741502171304
82800,-0.0002111400098829319
