time,vpos
82800,-0.00010697944730760814
86400,0.00013415413653761494
90000,0.000375287720382838
