time,vpos
90000,0.000784821111697291
93600,0.00032706142329752016
97200,-0.00013069826510225067
