time,vpos
10800,1.77824128252263e-08
14400,-6.015685743597163e-08
18000,-1.3809612769716956e-07
