time,vpos
111600,24.065212227970175
115200,12.03260590537378
118800,-4.1722261825971607e-07
