time,vpos
115200,-35.45201228299365
118800,-35.86538141795774
122400,-36.27875055292184
