time,vpos
126000,-45.431011601078595
129600,-40.86859283837491
133200,-36.30617407567122
