time,vpos
14400,-4.206370038064614e-06
18000,4.695395587440956e-06
21600,1.3597161212946527e-05
