time,vpos
154800,3.563663147212537e-05
158400,-3.6657439646591375e-07
162000,-3.63697802650572e-05
