time,vpos
162000,-2.992865673623335e-05
165600,-2.0329405609701562e-05
169200,-1.0730154483169774e-05
