time,vpos
162000,1.2997259420666241e-05
165600,9.11494500915101e-05
169200,0.00016930164076235394
