time,vpos
165600,4.006462320758908e-05
169200,3.144125684526652e-05
172800,2.2817890482943956e-05
