time,vpos
172800,-0.00013126868586586576
176400,2.6922098446433647e-05
180000,0.00018511288275873305
