time,vpos
176400,2.3654430169752047e-05
180000,8.301155242672803e-05
183600,0.000142368674683704
