time,vpos
198000,8.64733671642626
201600,4.323668263532084
205200,-1.8936209200883494e-07
