time,vpos
201600,-62.35379140573767
205200,-63.32631721234332
208800,-64.29884301894899
