time,vpos
208800,-99.99999998234625
212400,-99.99999998096254
216000,-99.99999997957883
