time,vpos
219600,-68.89898420351756
223200,-69.10189645994177
226800,-69.30480871636598
