time,vpos
230400,3.0139403984904493e-05
234000,3.380805516346179e-05
237600,3.7476706342019086e-05
