time,vpos
234000,-0.030898300538916013
237600,-0.020004108334495396
241200,-0.00910991613007478
