time,vpos
244800,1.744969123462065e-05
248400,-1.9578302426258374e-06
252000,-2.1365351719872326e-05
