time,vpos
25200,35.96399247424705
28800,17.981926243862702
32400,-0.00013998652164139575
