time,vpos
32400,-0.00010170116927250172
36000,-0.0002980522405947764
39600,-0.0004944033119170511
