time,vpos
0,0.00046572809447695436
3600,0.0033251813142368635
7200,0.010912612317417239
10800,0.01206382672138189
14400,-0.0026563542893628432
18000,-0.009203493692612625
21600,-0.004607215464573489
