time,vpos
39600,0.000548264794872984
43200,0.004859360155873824
46800,0.0030274464967417654
50400,-0.0014062405437274752
54000,0.004995489022981213
57600,0.004260875531795678
61200,-0.001166145546434885
