time,vpos
50400,0.016680312946499957
54000,0.010469670800624501
57600,-0.0018910428988082653
61200,-0.008559262689590468
64800,0.018838769561868085
68400,0.029021334507911403
72000,0.011287718965271275
