time,vpos
54000,0.005865290716781251
57600,0.005272099162181697
61200,-0.006975317931202712
64800,0.003229454978709485
68400,0.013770224622030425
72000,-0.0006794062755979575
75600,-0.00381080836785023
