time,vpos
64800,0.0108436720442862
68400,-0.004997288830238121
72000,0.007727585928149093
75600,0.01846865691747207
79200,0.0023389147408606117
82800,0.0054643187599865695
86400,0.006894700312135425
