time,vpos
68400,0.009082585605286542
72000,-0.004725227092265455
75600,0.010791165853330209
79200,0.017948793352983557
82800,0.000764780773499858
86400,0.0069906451943486355
90000,0.0082339440511868
