time,vpos
7200,11.934480135991812
10800,11.968582318512842
14400,12.0400964876931
18000,12.158136378775922
21600,12.369710959773434
25200,12.591254485290888
28800,12.681851334234423
