time,vpos
100800,10.301483813057128
104400,10.334364701240267
108000,10.408689042165706
111600,10.53701881952196
115200,-12.41395019018165
118800,-35.8653793422286
122400,-36.27895315995798
