time,vpos
100800,8.021058455820475
104400,8.062218743051924
108000,8.117332923998699
111600,8.202295785660022
115200,-13.580365468563697
118800,-35.865177945228666
122400,-36.29632019972392
