time,vpos
140400,-0.0036179158666635176
144000,-0.011480671184196158
147600,-0.004849583980294129
151200,-0.0015164514565190878
154800,0.0030104619964514737
158400,0.005944306406591645
162000,-0.0068094726338983735
