time,vpos
14400,11.738342947364465
18000,11.815173209184172
21600,12.014919752340877
25200,12.234693375966325
28800,6.156180419425899
32400,-0.02141604146093033
36000,-0.023642203518890237
