time,vpos
14400,12.077342770468277
18000,12.158097003625743
21600,12.369755694201052
25200,12.591252446027152
28800,6.340898086655796
32400,-2.777699380821225e-05
36000,-6.986863800266128e-06
