time,vpos
18000,12.239293480647468
21600,12.370044981117797
25200,12.591039874347782
28800,6.34075968156327
32400,0.00020669315614239075
36000,5.461824292977338e-05
39600,-6.805380732004368e-05
