time,vpos
198000,-6.308611344594476
201600,-53.154305672293
205200,-99.99999992359692
208800,-99.99999985153059
212400,-99.99999977695843
216000,-99.99999977936966
219600,-99.99999986068131
