time,vpos
223200,-29.160993899259317
226800,-29.245084088056206
230400,-14.66464167721345
234000,-0.0007489475241279962
237600,-0.0004020100589311386
241200,0.0003896613326849972
244800,0.00019452530878780975
