time,vpos
234000,-0.0054941078900482745
237600,-0.007288005222068803
241200,-0.0034693718873952365
244800,-0.0026052674717261326
248400,0.0028563105230802535
252000,0.004066620698823129
255600,-0.004933073371265372
