time,vpos
241200,-0.001248286454659563
244800,-0.002287541199538505
248400,0.0030449387268052554
252000,0.003144836022557097
255600,-0.011953980172437267
259200,-0.020780958991960773
