time,vpos
0,0.00021600724212909352
3600,0.002181086487118447
7200,0.0012015414293312316
10800,-0.0010522689202178948
14400,-0.0003614549669904519
