time,vpos
3600,-0.0010955011028161883
7200,-0.0007688998079387419
10800,-0.0008389352175988164
14400,-0.000363195724755529
18000,0.0005091804726252793
