time,vpos
36000,-0.02288382570473039
39600,-0.004400588714499799
43200,0.02433650109686974
46800,0.02284680393209671
50400,0.011103253946184732
