time,vpos
39600,0.02351634198836318
43200,-0.002063859507624031
46800,-0.00956436808528019
50400,0.000680490864944476
54000,-0.007154343103161912
