time,vpos
43200,2.711204603344548
46800,2.7244880690451225
50400,2.750556746705164
54000,2.769936452301753
57600,2.776530945938874
