time,vpos
46800,4.492851170032646
50400,4.5235187689229726
54000,4.573696843821912
57600,2.294947153206939
61200,-0.003313013416644491
