time,vpos
50400,5.817114578613104
54000,5.843355355957698
57600,2.944795666904913
61200,0.0150833693767095
64800,0.010171538245884118
