time,vpos
54000,-0.0036388036397431503
57600,-0.0037407332646332697
61200,-0.002401972784123302
64800,-0.0027359602483114282
68400,-0.004510637817899642
