time,vpos
57600,0.029093653053429695
61200,0.0018188308087074227
64800,-0.027008937039914662
68400,-0.028471044361591244
72000,-0.02838020607936801
