time,vpos
61200,-0.00026016229358865467
64800,-0.008742903580790306
68400,0.00018208102481803235
72000,0.028953695086032738
75600,0.040317583254437454
