time,vpos
64800,0.017286268459878268
68400,0.011127440901493153
72000,-0.0087920952387092
75600,-0.026961111661101725
79200,-0.03136941950167701
