time,vpos
68400,-0.0035955017871344462
72000,-0.0034023885168045992
75600,-0.006113829392415113
79200,-0.008391853589475745
82800,-0.0077653236405960165
