time,vpos
7200,0.0349952395207952
10800,0.02438411886815207
14400,-0.0013495511426040818
18000,0.004105594122163196
21600,0.024683288745043497
