time,vpos
72000,0.0020942659301247633
75600,-0.0028088715213748098
79200,-0.014176686435216941
82800,-0.013919014420013778
86400,-0.007196664942468056
