time,vpos
75600,-0.00828589053993848
79200,-6.646019816560302e-05
82800,-0.007583426640640387
86400,-0.015178639902033067
90000,-0.007037456379178084
