time,vpos
79200,-0.000581238304771573
82800,0.003513762018611134
86400,0.00012588307633893086
90000,0.0012896197010804434
93600,0.009936235591476866
