time,vpos
82800,-0.01795397457397909
86400,-0.017450844731105596
90000,0.0021785765350826047
93600,0.02399417780969396
97200,0.026683487660990615
