time,vpos
86400,-0.0009705669582445414
90000,-0.01350517118674475
93600,-0.015378935890535253
97200,-0.0067805954300260065
100800,-0.008843094494226465
