time,vpos
90000,0.004551370175950192
93600,-0.00027635759161815694
97200,-0.004034860068878066
100800,-0.001600441473803869
104400,-0.00023524816903811117
