time,vpos
93600,-0.0011526638705028846
97200,-6.17472173125046e-05
100800,0.0024142703045550405
104400,0.0025041931666077814
108000,0.0012090151599833572
