time,vpos
97200,0.0037899750110719724
100800,-0.002571531620612226
104400,-0.004386242159690038
108000,-0.006191520569765662
111600,-0.01254359507244767
