time,vpos
100800,0.009447487456372309
104400,0.011380151486759587
108000,0.005221147687208751
111600,0.002680279837277504
115200,0.008231079817284373
