time,vpos
104400,-4.241575633171455
108000,-4.304513335944554
111600,-4.428587873892126
115200,-4.5280810700442595
118800,-4.566437431021921
