time,vpos
10800,-0.00927963802465495
14400,-0.005520889136239593
18000,-0.002021692437804306
21600,-0.0027277525144342213
25200,-0.003174260401084066
