time,vpos
108000,-10.727216035373175
111600,-10.869917684637203
115200,-29.630784888884314
118800,-48.83905259570355
122400,-49.42915474753969
