time,vpos
111600,38.53530122492544
115200,-18.16420608292432
118800,-75.80265402049218
122400,-77.82151374674146
126000,-78.90143284327263
