time,vpos
115200,-72.18178629779437
118800,-73.0843731094557
122400,-75.02170859834207
126000,-77.00788768281355
129600,-77.95931809005995
