time,vpos
118800,-74.52340649235556
122400,-75.57007328599164
126000,-77.57666207138789
129600,-56.84683078073478
133200,-35.157077498321485
