time,vpos
122400,-63.45187685286579
126000,-64.2751548612367
129600,-55.05456574483196
133200,-45.23942389304931
136800,-45.46814916604228
