time,vpos
126000,-40.573115670223466
129600,-40.86276971296292
133200,-41.36697611182053
136800,-21.621102113750457
140400,-1.6606757595622363
