time,vpos
129600,-12.280116945752715
133200,-12.343393578430284
136800,-7.033672985331344
140400,-0.8270504257348836
144000,0.006574908085066333
