time,vpos
133200,-13.544579417000444
136800,-7.602627588283485
140400,-0.8300992121717924
144000,0.0005726011464537387
147600,0.000667867069966549
