time,vpos
136800,-0.01126028636234764
140400,-0.011658056154946916
144000,-0.006746678073343569
147600,-0.011684422919071642
151200,-0.021931315639002337
