time,vpos
140400,0.03825596825723621
144000,0.015062784425032096
147600,-0.02586214806688257
151200,-0.033137162769155196
154800,-0.02268042881171727
