time,vpos
14400,-0.007111091695684497
18000,-0.006166679330952364
21600,-0.0029845938609073244
25200,-0.0015947679294836948
28800,-0.002442615103372971
