time,vpos
144000,0.01195168495331236
147600,0.013079231841503242
151200,0.016857998014941117
154800,2.670316723817068e-07
158400,-0.019508683236843342
