time,vpos
147600,-0.0027327863893626264
151200,-0.0011245564853612957
154800,0.0009697147867339046
158400,0.0027350494750122056
162000,0.004014342795196637
