time,vpos
151200,-0.0003362084094243748
154800,0.015178796367893758
158400,-0.014367775630370382
162000,-0.015517047197813393
165600,0.028395258010325868
