time,vpos
154800,-0.005609238285202146
158400,-0.0010214845686711653
162000,0.006837043171213095
165600,-0.0002441952866479567
169200,-0.01059620776786229
