time,vpos
158400,-0.00079605568426435
162000,-0.0023707431279370163
165600,0.0023061632374238128
169200,0.0045043251126267525
172800,0.00045089317879619655
