time,vpos
162000,0.0012304266848102543
165600,-0.0018344157993942323
169200,-0.00105512778740539
172800,0.005886580511870553
176400,0.008984158314953165
