time,vpos
165600,0.0014451706049798882
169200,-0.010456652654915275
172800,-0.012654424102606362
176400,0.0024195599683072156
180000,0.007789492227016715
