time,vpos
169200,-0.0028816790340827755
172800,-0.001256386413060954
176400,0.002202040252336423
180000,0.00011284073416612493
183600,-0.003809492828379729
