time,vpos
172800,-0.0018398627873224098
176400,-0.0008900925850194416
180000,0.005345308639178096
183600,0.005663695930247469
187200,0.0006964521994222731
