time,vpos
176400,0.0017347041082326014
180000,-0.002967595338448682
183600,-0.00871750270918909
187200,-0.014304367923738544
190800,-0.018843625214228877
