time,vpos
18000,-0.00040130809627219634
21600,0.0016238370006966272
25200,0.0006991803785836204
28800,0.00048058188499305757
32400,0.003211785110484325
