time,vpos
180000,0.022972784577413245
183600,-0.003759194532928253
187200,-0.02095259815528276
190800,0.008253150047932145
194400,0.027920322763160064
