time,vpos
183600,-0.026268732138488807
187200,0.008193745039527703
190800,0.004852218604154556
194400,-0.014073209152633583
198000,0.004805366703967933
