time,vpos
187200,10.674641822418932
190800,10.704790048104321
194400,10.765102915387065
198000,10.825771608550792
201600,10.856275660117163
