time,vpos
190800,11.320619796380079
194400,11.379583566985293
198000,11.47979411071884
201600,5.757951668228743
205200,-0.0051375473896907164
