time,vpos
194400,12.045491358298815
198000,12.078258287822706
201600,5.997051752440087
205200,-0.11925362426567829
208800,-0.12158553606493247
