time,vpos
198000,3.340447875537404
201600,-14.007702435353231
205200,-31.673268523807575
208800,-32.376085522464415
212400,-32.76148674355755
