time,vpos
201600,-46.591025156288865
205200,-47.08302791480571
208800,-48.11262157855123
212400,-49.23130130699551
216000,-49.812390130211135
