time,vpos
205200,-76.06525505760064
208800,-77.00548237857792
212400,-78.83587920536966
216000,-80.69036716720449
219600,-81.65468562322485
