time,vpos
208800,-96.94344420425769
212400,-98.08245794974249
216000,-99.61073584761364
219600,-58.96978155921312
223200,-17.939563118426243
