time,vpos
212400,-99.99999999993085
216000,-99.9999999999653
219600,-65.45104765501009
223200,-24.2226469682659
226800,-17.54319862651136
