time,vpos
21600,5.4558276779757895
25200,5.522000865837648
28800,2.793592052818954
32400,-0.0007476151592733776
36000,-0.0005052822569472136
