time,vpos
216000,-99.99999999990563
219600,-98.40705867442506
223200,-57.713879561042035
226800,-16.98102449271576
230400,-15.348407212291932
