time,vpos
219600,-87.1983534907799
223200,-87.43551436108287
226800,-51.34764285749607
230400,-7.522056039449747
234000,-0.021501595293185523
