time,vpos
223200,-56.44782815462168
226800,-56.63469350128104
230400,-28.386640368381865
234000,0.030397961868344568
237600,0.012517812560023711
