time,vpos
226800,-16.458532900818014
230400,-8.235364298915337
234000,-0.010442911977954746
237600,-0.009284344736397596
241200,-0.009878562529547783
