time,vpos
230400,0.010492914919272948
234000,0.009961662727591282
237600,0.007483020899748057
241200,-0.0009317907203245299
244800,-0.00739921270423556
