time,vpos
234000,-0.0016965023333989984
237600,0.01014143809905479
241200,0.01702677453286048
244800,0.0043608838368343165
248400,-0.0033524028605437517
