time,vpos
237600,-0.0003873918235912377
241200,0.012054757337445201
244800,0.019924404829293377
248400,0.0010683947269701094
252000,-0.013215113706164898
