time,vpos
241200,-0.012737018053797728
244800,0.0018788736886858467
248400,0.0016488799211809575
252000,-0.0031567810343686633
255600,0.006883443520070179
