time,vpos
244800,-0.000984345234035218
248400,-0.00570457914773599
252000,-0.0028816277685249853
255600,0.004587367462302868
259200,0.004513177400218945
