time,vpos
248400,-0.002068435243009312
252000,-0.000249268035650463
255600,-0.0003520798759395181
259200,-0.002274058923587422
