time,vpos
25200,38.505370437829576
28800,18.335646157386662
32400,-1.8538792539783078
36000,-1.8870604537036417
39600,-1.9004405225069205
