time,vpos
28800,-4.666788227527865
32400,-4.733227398887581
36000,-4.829508809256931
39600,-4.897761404943107
43200,-4.936171761619646
