time,vpos
32400,0.0039003438118853716
36000,-0.0014791433707872026
39600,-0.00179474066467326
43200,0.0073113223225722175
46800,0.011353495421031177
