time,vpos
0,0.008153421721590094
3600,0.006421874612682276
7200,0.01908891699883671
10800,0.015966101652047482
14400,-0.002030343858759234
18000,-0.005753015871966968
21600,-0.00900064721621946
