time,vpos
3600,0.00011957310521401609
7200,-0.004301704241412135
10800,0.0054422324706680575
14400,0.010949507567555444
18000,0.00033074010282716534
21600,-0.0008058498872291048
25200,1.838862562394657e-05
