time,vpos
36000,1.8282797445922337e-05
39600,0.0001779570176563161
43200,0.00026086840544064886
46800,0.00020301933392077002
50400,0.00026534137945908367
54000,0.0001346417994530585
57600,-3.946606518509813e-05
