time,vpos
36000,-0.004350257686308763
39600,-0.0008463308064372924
43200,-0.004953691672269911
46800,-0.005401552414240556
50400,-0.0020933866679043824
54000,-0.003606738423597296
57600,-0.0012648289218929382
