time,vpos
39600,-0.012017513980513206
43200,0.003671014315553615
46800,0.03570523596101982
50400,0.061973193403779644
54000,0.06806803712684971
57600,0.030007429267544128
61200,-0.004225758221471073
