time,vpos
43200,0.003552011571342239
46800,-0.0038552417045177277
50400,0.005523135471745223
54000,0.0034385065833085083
57600,-0.005927765511464233
61200,-0.00077081788769832
64800,-0.005117857509719299
