time,vpos
46800,0.005226808839996341
50400,0.013718176431236805
54000,0.017840155112880007
57600,0.007435084071846066
61200,0.014581793884441602
64800,0.022055428725066953
68400,0.01634667162166009
