time,vpos
50400,0.00936431510991471
54000,0.009964048885678813
57600,0.002158532916485319
61200,-0.010535213781010083
64800,0.009997649757761636
68400,0.018446949284177297
72000,0.002074888319283431
