time,vpos
54000,-0.00024113879279164245
57600,-3.120447869853079e-05
61200,0.0001874002550525093
64800,9.445981945073832e-05
68400,-2.501289379987524e-05
72000,1.733745365076123e-05
75600,7.754965909231187e-05
