time,vpos
54000,0.0036774941223853357
57600,0.002382443423871647
61200,-0.009231065892748963
64800,0.000860884632968893
68400,0.010846356664860052
72000,-0.0020841233357692043
75600,-0.004589666224464841
