time,vpos
57600,0.011025903755737402
61200,-0.0013915985557942743
64800,-0.0006481516364586365
68400,0.013245098592203026
72000,0.007529979491503619
75600,0.0008206680884898399
79200,0.0005587767839698168
