time,vpos
61200,0.012482204181938857
64800,-0.002448572393859438
68400,0.0004591020648007742
72000,0.01563689795938452
75600,0.006390060257647137
79200,0.001662248704190791
82800,0.0035206197125970695
