time,vpos
64800,-5.5972532288497925e-05
68400,1.4222252094793368e-05
72000,7.205045300288392e-05
75600,2.7032158201768893e-05
79200,-3.094931342089292e-05
82800,-4.788668285897406e-05
86400,-3.949429200030767e-05
