time,vpos
64800,0.013112837822298537
68400,-0.002598467594903172
72000,0.0035112698296707497
75600,0.01663060277096708
79200,0.005653897235714711
82800,0.0031648450902205844
86400,0.002950788579499521
