time,vpos
68400,0.010988476283121225
72000,-0.004584895834791158
75600,0.0079819855028051
79200,0.018261040414823095
82800,0.0022794280616620834
86400,0.005464771853217753
90000,0.006770529454443787
