time,vpos
7200,19.996147955618444
10800,20.053240874540556
14400,20.16773115797874
18000,20.332126864473178
21600,20.60976092187137
25200,20.902896919181575
28800,21.025397201071968
