time,vpos
7200,10.19248686586442
10800,10.230794744680022
14400,10.29457346841227
18000,10.379343204875724
21600,10.566381133835783
25200,10.766953024468485
28800,10.839785877687937
