time,vpos
72000,0.0002784486963420006
75600,0.00015336068071121928
79200,6.4364115002725884e-06
82800,-2.0478086345358865e-05
86400,-4.52964760210048e-05
90000,-9.091237281030526e-05
93600,-0.00011678812418942588
