time,vpos
72000,0.008012497164485008
75600,-0.004837224944456101
79200,0.01082568542053922
82800,0.017036833855356467
86400,0.00010688719860217669
90000,0.0071095713589880444
93600,0.008740718137009018
