time,vpos
75600,0.006836744130113729
79200,-0.004865707730524036
82800,0.009519002502461255
86400,0.015113906526260405
90000,-8.412750495101327e-05
93600,0.006547528100609851
97200,0.00788495966755823
