time,vpos
75600,0.0003486355966450381
79200,0.0004767343960482866
82800,0.0003760012403880473
86400,0.0006087971279666349
90000,0.0008300994572075949
93600,0.00024553683083819867
97200,-9.870028213008195e-05
