time,vpos
79200,-5.7071056793212355e-06
82800,-2.2943094663314114e-07
86400,-2.403506173979913e-07
90000,-4.3154789313157024e-05
93600,-1.1319115415496375e-05
97200,8.92109685610021e-06
100800,-4.010020906226995e-05
