time,vpos
79200,-0.00279871890681336
82800,-0.0010888661214768433
86400,-0.0015896897444778754
90000,-0.0006215487854898054
93600,0.0011628385358315612
97200,-0.00030934209363029535
100800,-0.0003870926770878995
