time,vpos
82800,0.006344492818285757
86400,-0.003399473613100747
90000,0.008218003507760762
93600,0.014397700530309938
97200,-0.00018315766512813145
100800,0.004622621446530532
104400,0.008827512223928425
