time,vpos
86400,0.007385320711786889
90000,-0.0018223524373477953
93600,0.009781121096954282
97200,0.013506188215158053
100800,0.0012777935841240253
104400,0.004875239322397875
108000,0.0036150001264727647
