time,vpos
90000,0.005520175285164664
93600,0.00036276717154872396
97200,0.008668744145252488
100800,0.014272036239061436
104400,0.0004658842463982807
108000,0.000903442971305623
111600,0.0072870606953653674
