time,vpos
90000,-0.0012063685937185099
93600,-0.0007088769073135672
97200,-7.057590651576287e-07
100800,0.000133546640648964
104400,-3.5458297465700135e-05
108000,-0.0001657201683920134
111600,-0.0002034041633330075
