time,vpos
93600,16.72062304553385
97200,16.768397779223328
100800,16.86406978797387
104400,16.960272685720028
108000,17.057690582931805
111600,17.212570499398204
115200,17.318338141337907
