time,vpos
93600,1.6289789055513557
97200,1.6332094386691338
100800,1.6438309523000953
104400,1.6573932225561396
108000,1.673548273246116
111600,1.6971756628671988
115200,1.711819291541166
