time,vpos
97200,1.668101572760807
100800,1.6689907562155941
104400,1.6891223581451225
108000,1.7098897612884734
111600,1.7273680333415877
115200,0.8727938964800934
118800,0.002266472234093613
