time,vpos
97200,16.951718323564798
100800,16.998314641805546
104400,17.093629469972043
108000,17.19440880934247
111600,17.35377488540804
115200,8.730317154089335
118800,-0.00044582385026742204
