time,vpos
100800,0.8950462541485491
104400,0.9148692869669023
108000,0.9212465167656682
111600,0.9228897167086105
115200,-15.564473651253799
118800,-32.427093633382626
122400,-32.78726124458651
