time,vpos
100800,16.42983465199096
104400,16.476717900292304
108000,16.571306128186812
111600,16.721760726179372
115200,7.646333105678001
118800,-1.5441021516631066
122400,-1.5563601701034495
