time,vpos
104400,4.949016466930229
108000,4.975956022601399
111600,5.048326393849522
115200,-22.120345334001946
118800,-49.90007475522644
122400,-50.961024685076694
126000,-51.45634773713087
