time,vpos
104400,15.71700287906808
108000,15.762484532546267
111600,15.905836180764416
115200,-5.361826146003702
118800,-26.941247385155332
122400,-27.362222347355974
126000,-27.569308391913072
