time,vpos
10800,11.005892081509378
14400,11.037835732855012
18000,11.149849766633377
21600,11.317967555477257
25200,11.513874690225698
28800,5.814916433228415
32400,0.008098447893837603
