time,vpos
10800,20.19191458229758
14400,20.249745294464113
18000,20.41476433857538
21600,20.693510212279147
25200,20.987841304918213
28800,10.55546592267653
32400,0.000316989554811925
