time,vpos
108000,9.837060531761558
111600,9.93546841535789
115200,-19.640275768630445
118800,-49.9134473665414
122400,-50.97107364500681
126000,-44.81765857675519
129600,-38.20563676036444
