time,vpos
108000,13.335099515660936
111600,13.417563035353073
115200,-8.06827644296103
118800,-29.873274722104608
122400,-30.340243873530458
126000,-30.732072877803652
129600,-30.893628011788344
