time,vpos
111600,-4.73663775495323
115200,-18.101251635324623
118800,-31.717316276808482
122400,-32.213522573647566
126000,-32.62913824401292
129600,-32.8934024511481
133200,-32.98680652364453
