time,vpos
111600,20.035819701131203
115200,-14.6349405788581
118800,-49.916313829800366
122400,-50.9753971837773
126000,-44.81475216358122
129600,-35.08967998552164
133200,-31.97372321068208
