time,vpos
115200,-35.96368545352144
118800,-36.25095611768335
122400,-36.81769892032803
126000,-37.29312523245725
129600,-37.59606669351876
133200,-36.0335465573987
136800,-34.364039133863585
