time,vpos
115200,-47.65375534672331
118800,-48.19990882418606
122400,-49.22565380920279
126000,-43.955441038559826
129600,-35.08967998551817
133200,-30.716985602703634
136800,-29.460247994733813
