time,vpos
118800,-50.156186368901004
122400,-50.539620449883316
126000,-45.36019253881859
129600,-39.910929832603514
133200,-37.19428524644184
136800,-28.97489185681204
140400,-23.585742339175884
