time,vpos
118800,-47.69770844027275
122400,-48.16726898862901
126000,-43.42123314866892
129600,-35.08967998551643
133200,-30.716985602709183
136800,-24.766047764401506
140400,-20.071847534064922
