time,vpos
122400,-62.21769019021356
126000,-62.54609953138483
129600,-51.580292217847145
133200,-37.32505648931168
136800,-28.97488806978806
140400,-19.412026323750865
144000,-15.238313923410784
