time,vpos
122400,-57.42659977146859
126000,-47.816118266166
129600,-35.0896799857958
133200,-30.716985602899328
136800,-24.766047764486103
140400,-13.22190436327563
144000,-6.371961192649516
