time,vpos
126000,-41.31391816807506
129600,-41.43041467927778
133200,-35.50357959260598
136800,-24.76604776439853
140400,-13.221904362625155
144000,-3.186655816764853
147600,-0.001350442344994309
