time,vpos
126000,-61.671995086044596
129600,-61.848028517169915
133200,-48.1940517097879
136800,-28.97489195028956
140400,-19.41203144194933
144000,-7.619161003048511
147600,-1.551496920031786e-06
