time,vpos
129600,-50.90708251266095
133200,-51.05268993527059
136800,-37.39201990000406
140400,-19.412031506405448
144000,-7.619157986135059
147600,-1.554084964651799e-07
151200,-4.909229873730134e-06
