time,vpos
129600,-38.90514879657188
133200,-39.057650441665935
136800,-29.640999810410534
140400,-13.221904362510786
144000,-3.193834306756216
147600,0.009724058928643059
151200,0.03515554040922318
