time,vpos
133200,-31.679036343125233
136800,-31.76131941060548
140400,-19.107781834633375
144000,-3.18803678117155
147600,-0.0007559759700119355
151200,-0.0062569049607498015
154800,-0.0151142291435541
