time,vpos
133200,-35.27753597748052
136800,-35.37940003954686
140400,-25.35979175107674
144000,-7.619041824152652
147600,0.0006699010631401286
151200,0.0007983993691652143
154800,0.0004927488470305698
