time,vpos
136800,-23.52007567686151
140400,-23.587959441612018
144000,-11.82792142025347
147600,5.622869570441092e-08
151200,-9.616586932774812e-07
154800,-1.5415962603640467e-06
158400,-1.4132733234566943e-06
