time,vpos
136800,-19.694591412689594
140400,-19.759529509440195
144000,-9.911136066168597
147600,0.006358457388387433
151200,-0.0006440045343687273
154800,-0.0027865014826628535
158400,0.0062364470265818045
