time,vpos
140400,-0.0019077225806824567
144000,-0.009106617723967866
147600,-0.0066550557461262936
151200,0.0005486506948585183
154800,0.0016341860336667683
158400,0.0008832056841437644
162000,-0.00340006068432966
