time,vpos
140400,-3.5893089384243886e-05
144000,5.681697162497085e-05
147600,8.204491940719312e-05
151200,-4.703090317636202e-05
154800,-0.0002562329342543543
158400,-0.00015594706701483813
162000,9.194712194610758e-05
