time,vpos
14400,11.931574229586474
18000,12.007182884883202
21600,12.211776264173668
25200,12.439154266826261
28800,6.258504442918405
32400,-0.02025904375095257
36000,-0.019979427853605295
