time,vpos
14400,20.457091293087373
18000,20.565539260315933
21600,20.846582289337757
25200,21.143057961104407
28800,10.633474181199198
32400,1.3798490687706884e-06
36000,-7.031622457345775e-06
