time,vpos
144000,-0.002030636117049709
147600,-0.003809843154165392
151200,-0.0038422596507054502
154800,-0.003875749328402316
158400,0.002965761241347691
162000,0.0025225319074160596
165600,-0.006542488214538069
