time,vpos
144000,-9.887137230094806e-06
147600,-6.965976563958027e-06
151200,-1.9684906272074645e-06
154800,-6.603076928010151e-08
158400,1.0383191994015662e-07
162000,-3.924073757282133e-08
165600,-5.260414969924777e-07
