time,vpos
147600,-0.00237390646707766
151200,-0.010925965581114281
154800,-0.007106849773888584
158400,-0.0008206368646502887
162000,0.0030385834752121852
165600,0.003206483346804981
169200,-0.00656979913348872
