time,vpos
151200,-0.004381275388794117
154800,-0.005504883307279313
158400,-0.002196758309674771
162000,-0.00115452176241095
165600,0.001465068667481559
169200,0.0013036548955542198
172800,-0.004866845675091544
