time,vpos
154800,-0.0007430388527734305
158400,-0.00045701187411613636
162000,-0.0005935488937243179
165600,-0.0004901350426731324
169200,0.000165948696378993
172800,0.000568015869726239
176400,0.0008399771533380206
