time,vpos
154800,-0.016096756474220625
158400,-0.007227741231420278
162000,0.00038223580566302824
165600,-0.0019373641428379878
169200,0.0023565199191768896
172800,0.0017449597747102306
176400,-0.004221046174555281
