time,vpos
158400,-0.01733235370475765
162000,-0.006467336257731725
165600,-0.0010809576685168502
169200,-0.0020361312748379866
172800,0.0029391072628973543
176400,0.0013496604169542068
180000,-0.0006915597152343657
