time,vpos
158400,0.00014866840129749016
162000,-3.104143475680619e-05
165600,-5.907520400047637e-05
169200,7.686273292801291e-05
172800,0.00010458994432285297
176400,0.00013351093310830255
180000,0.0001189665806167752
