time,vpos
162000,0.00034793515039364703
165600,-1.2370369124916334e-05
169200,0.0003497469086636895
172800,0.0004595174845696548
176400,0.0006096920039171656
180000,0.0010153709399153812
183600,0.0006582231351648822
