time,vpos
162000,-0.02659960723878072
165600,-0.008274257562631854
169200,0.0016264212670735886
172800,-0.003222392739377658
176400,0.005266457323756653
180000,0.0038035652626050138
183600,-0.002572320021688757
