time,vpos
165600,-0.02539402933109578
169200,-0.007830381027545963
172800,-0.0011581628676505314
176400,-0.001081008430473597
180000,0.006128305910814075
183600,0.0008678106247873578
187200,-0.0006334144216957126
