time,vpos
169200,-2.127397539223039e-05
172800,-7.87594008398934e-05
176400,-0.0002566771469015607
180000,0.0004628787531295433
183600,0.000951781777155583
187200,0.0001243192711561674
190800,-0.0003520580382241798
