time,vpos
169200,-0.026101268127505083
172800,-0.00893969878692848
176400,0.0004937731317042674
180000,0.0008867738141523322
183600,0.0052608303395876126
187200,0.0011782393061909604
190800,0.000842689851750949
