time,vpos
172800,-0.02807302066540132
176400,-0.009048891739734517
180000,0.002730488722170704
183600,0.003261557773531479
187200,0.004611307484909701
190800,0.002493691153781297
194400,0.00680214262639703
