time,vpos
172800,7.509499994335739e-05
176400,5.557556712657054e-05
180000,7.990500224957911e-06
183600,-3.981024953336419e-06
187200,7.244642774232729e-06
190800,2.3498743629697402e-05
194400,4.4621285664124386e-05
