time,vpos
176400,-0.03926527501015124
180000,-0.007698523600686836
183600,0.0019692811366671414
187200,0.00025508818358068445
190800,0.011904273307207591
194400,0.0027488080696972074
198000,0.0021289114275838917
