time,vpos
18000,19.295306803040965
21600,19.4564171631423
25200,19.73314840673
28800,9.924385384816205
32400,1.0019157376750996e-06
36000,5.689977755295279e-07
39600,6.135801205741352e-07
