time,vpos
18000,13.135122969397417
21600,13.269943643440591
25200,13.510446901100364
28800,6.838854893227271
32400,0.0514466099317324
36000,0.033934790179737405
39600,0.026556662233588244
