time,vpos
180000,0.03716754935539864
183600,0.01369078320507084
187200,-0.01015382947401871
190800,0.01239381937076121
194400,0.04234653281085131
198000,0.020621055917183023
201600,-0.008141639043033689
