time,vpos
183600,-11.62069971451641
187200,-11.667092569239406
190800,-11.713335922641274
194400,-11.770768907947655
198000,-11.887558085153337
201600,-12.094615954990301
205200,-12.242467134249088
