time,vpos
183600,0.0002651946498450589
187200,0.0004250766971908025
190800,0.001157937343301246
194400,0.0007690202351903649
198000,-0.00016689536248272723
201600,0.0010299426531519453
205200,0.002200800559584129
