time,vpos
187200,-7.131182335092831
190800,-7.154132627451896
194400,-7.19971657424052
198000,-7.24764969710617
201600,-43.8922755256114
205200,-81.89031488872054
208800,-83.26902789176053
