time,vpos
187200,-3.1977111680182113
190800,-3.206849082319944
194400,-3.2251621910179016
198000,-3.2435778128300785
201600,-31.13845601328326
205200,-59.85795025818172
208800,-60.69180673004293
