time,vpos
190800,-5.816041740301174
194400,-5.833301396769492
198000,-5.877741107820616
201600,-52.95246058120115
205200,-99.99999999999929
208800,-99.99999999999733
212400,-99.99999999999496
