time,vpos
190800,-3.8387047377008954
194400,-3.8480873101234283
198000,-3.869819042177175
201600,-44.93047834401014
205200,-87.19614420092147
208800,-89.7970120051131
212400,-91.18052409459516
