time,vpos
194400,-8.200480396750569
198000,-8.237620425220452
201600,-54.13738022684511
205200,-99.99999999999993
208800,-99.999999999994
212400,-99.99999999999402
216000,-100.0
