time,vpos
194400,2.1477794785591104
198000,1.7917464520793218
201600,-49.28214328719915
205200,-99.99999999998737
208800,-99.99999999991982
212400,-99.99999999993103
216000,-99.9999999999993
