time,vpos
198000,-14.30343855872018
201600,-57.151719279359845
205200,-99.99999999999952
208800,-99.99999999999969
212400,-99.99999999999994
216000,-99.99999999999987
219600,-99.99999999999976
