time,vpos
198000,7.519244792355595
201600,-46.24037760263378
205200,-99.99999999738705
208800,-99.99999999857548
212400,-99.99999999624208
216000,-99.99999999624208
219600,-100.0
