time,vpos
201600,-99.99999999999177
205200,-99.99999999999541
208800,-99.99999999999312
212400,-99.99999999999348
216000,-99.99999999999615
219600,-82.71796751661378
223200,-65.43593503323505
