time,vpos
201600,-99.99999999998867
205200,-99.99999999998282
208800,-99.99999881009755
212400,-99.99999881009775
216000,-99.99999999998059
219600,-69.0728051942508
223200,-38.14561038851777
