time,vpos
205200,-100.0
208800,-99.99999992375275
212400,-99.99999992375275
216000,-99.99999948826145
219600,-68.05066242023038
223200,-30.767126101876567
226800,-25.432926339815275
