time,vpos
205200,-100.0
208800,-99.9999999999529
212400,-99.99999999987854
216000,-99.99999999992492
219600,-79.5859445037126
223200,-49.97235491386124
226800,-40.77282082029585
