time,vpos
208800,-100.0
212400,-100.0
216000,-100.0
219600,-68.62824735363961
223200,-30.68415882760266
226800,-20.16126611370709
230400,-16.21070927948807
