time,vpos
208800,-100.0
212400,-100.0
216000,-100.0
219600,-78.114353276978
223200,-46.7960905494362
226800,-37.54238558469958
230400,-37.72129662448276
