time,vpos
212400,-99.99999999999952
216000,-99.99999999999972
219600,-77.40214859831617
223200,-45.48427966123072
226800,-36.32547691754459
230400,-18.241879145958812
234000,0.0029334173425669186
