time,vpos
212400,-99.99999999991542
216000,-99.99999999995748
219600,-68.7625382504882
223200,-30.820718536387037
226800,-19.51259379298655
230400,-7.454427882335146
234000,-2.8750494399089204e-05
