time,vpos
21600,10.252353161623482
25200,10.312318392038177
28800,5.186342068397176
32400,0.0003065116849834169
36000,0.00033954466734225356
39600,0.0002518997559715056
43200,3.72192057491041e-05
