time,vpos
21600,12.304054706724804
25200,12.400112949324866
28800,6.254038325678597
32400,0.002558078895092248
36000,-0.009596985759223658
39600,0.006793363946153906
43200,0.02599139776867384
