time,vpos
216000,-99.99999999252364
219600,-75.84688930184527
223200,-37.302226596240935
226800,-18.399487400784174
230400,-6.943237759647625
234000,0.0005287792543019331
237600,-0.000767142449521889
