time,vpos
216000,-99.99999999999687
219600,-76.06481705056035
223200,-43.73978811916411
226800,-35.5130369635237
230400,-17.838087592779235
234000,-1.471026303634359e-05
237600,1.3975189371770106e-05
