time,vpos
219600,-42.17565999575431
223200,-42.299556366089675
226800,-42.199100058114745
230400,-20.98978350065621
234000,0.013804734608103008
237600,0.016258487900330878
241200,8.788507649664518e-05
