time,vpos
219600,-45.12560311178832
223200,-45.253458113287756
226800,-29.344762436656136
230400,-6.653046264013381
234000,0.0007702620855399974
237600,-0.0016479166332380275
241200,-0.00271712693923904
