time,vpos
223200,-33.63926632265474
226800,-33.79657517633949
230400,-16.96062939148135
234000,0.01852418081978325
237600,0.0017035418814567217
241200,-0.004084396298563268
244800,-0.007152761782000376
