time,vpos
223200,-30.059368775598394
226800,-30.145671090109328
230400,-15.115824725745181
234000,-0.00021709103964878495
237600,-0.00010624162519121625
241200,0.00043391606088374635
244800,0.0003221801629515251
