time,vpos
226800,-26.52188054486157
230400,-13.255353896474267
234000,-0.0011792886325208375
237600,-0.0129587589102817
241200,-0.013650403617563407
244800,0.007244117074607653
248400,0.029402852741858006
