time,vpos
226800,-0.1902593477593977
230400,-0.09491014801363999
234000,0.00013847278208925019
237600,-0.0005219122347137404
241200,-0.000901046352708016
244800,-0.0007538982966728227
248400,-0.0005874221894178622
