time,vpos
230400,-0.022433498071243136
234000,-0.006773095676607975
237600,0.01765059712600514
241200,0.015537868817381624
244800,-0.01606997755514736
248400,-0.0036954431793505558
252000,0.029410918852373766
