time,vpos
230400,0.00023140549424766803
234000,-1.3391790496772608e-05
237600,-8.737759329954987e-05
241200,-0.00018335526966157227
244800,-0.0004408664249261121
248400,-0.00040232722769485447
252000,-0.0003730660335027428
