time,vpos
234000,0.00011925594339016674
237600,-6.60336092401289e-05
241200,9.922486265908931e-05
244800,0.00048265603131627133
248400,0.00043464698924252547
252000,0.0002688529436452756
255600,0.0001839510842494398
