time,vpos
234000,0.004438985848338122
237600,-0.0007804696907083476
241200,-0.0017978313674972832
244800,0.0002955540977341538
248400,-0.0019054470200778044
252000,-0.0008451785329249708
255600,0.0003073826750137239
