time,vpos
237600,0.003433507240093586
241200,0.011023976595482793
244800,0.004199506028675477
248400,-0.021947862940320164
252000,-0.02804060344538703
255600,-0.01325706998101856
259200,-0.0041132250583823474
