time,vpos
241200,-0.0010647763610341322
244800,-0.0009429117857646332
248400,-0.0005237552216952908
252000,-4.569488692436998e-05
255600,-2.0562482473410952e-05
259200,-0.00017619842399352933
