time,vpos
241200,-0.0008600594991855582
244800,-0.00029308503523939826
248400,0.00019919490470595287
252000,-0.00028618250915875536
255600,-0.0005356595107183673
259200,-0.00037445362241407976
