time,vpos
25200,16.670489796781762
28800,8.330361468433969
32400,-0.01290747638305994
36000,-0.006921983722761631
39600,0.006989176878645646
43200,0.0048684211803108534
46800,-0.002037385989895745
