time,vpos
28800,-0.014504519740929877
32400,-0.004498679403105811
36000,0.0005162411953515817
39600,-0.012237942012822061
43200,-0.020450933970921348
46800,-0.019290039423214993
50400,-0.01767941638621633
