time,vpos
32400,-0.0029670764612810437
36000,-0.0033635044746037727
39600,-0.0010825389742928529
43200,-0.003027413596007794
46800,-0.00573986681547279
50400,-0.002531349992985853
54000,-0.0012326480863825108
