time,vpos
0,0.004595003381900869
3600,0.00712972123749038
7200,0.0034194437513160904
10800,-0.0012785825120991655
14400,0.00026838656624937965
