time,vpos
3600,0.0003755245736657782
7200,-0.01233517923048334
10800,-0.017957252104771695
14400,-0.009480551791830372
18000,-0.008092482408749813
