time,vpos
36000,-0.008052124680139536
39600,0.007700167219961827
43200,0.0026105377421242
46800,-0.005254810491599828
50400,0.007721762652615136
