time,vpos
39600,-0.0021336408683571197
43200,-0.0023071459284997346
46800,-0.0017622870205562084
50400,-0.00913937281546673
54000,-0.017234822578463396
