time,vpos
43200,0.0020527892340288794
46800,0.0014999071939095898
50400,0.0012998791695610695
54000,0.0012809441970441926
57600,0.0009091552087565468
