time,vpos
46800,0.0011535303304945847
50400,-0.00020414322248204315
54000,0.0049771388862532885
57600,0.00664163184690972
61200,0.0017671691458541927
