time,vpos
50400,8.590565815064883e-05
54000,-0.0001142709179028609
57600,-0.0007631194801850129
61200,-0.0011994248007402056
64800,-0.0011870581350667563
