time,vpos
54000,0.006159582199229043
57600,0.0054835650186069035
61200,-0.0005502932662762893
64800,-0.002216953030350901
68400,0.0014742283098355402
