time,vpos
57600,0.0015855411373682626
61200,0.004258328719509583
64800,0.008033871335404306
68400,0.006506421387888952
72000,0.003876216406620194
