time,vpos
61200,0.0031812896139189533
64800,0.0026250897189272026
68400,0.00427880194097619
72000,0.004447252421605646
75600,0.002405790785194365
