time,vpos
64800,0.0033078792577855205
68400,0.0037688851449750654
72000,0.004905538794812623
75600,0.0038907982515542583
79200,0.0022004099456478807
