time,vpos
68400,0.00413461920248815
72000,0.005833281518601453
75600,0.005517703061621074
79200,0.0025361363117466654
82800,0.0015688103349659373
