time,vpos
7200,-0.01857858937794781
10800,-0.01730622217621064
14400,-0.011233079828378826
18000,0.01281787706025238
21600,0.03206805880278894
