time,vpos
72000,0.0039577853422278
75600,0.005606648895055898
79200,0.005216532048794723
82800,0.0023435543515595955
86400,0.001509557053413742
