time,vpos
75600,0.0035511291402312117
79200,0.004315114054490027
82800,0.003666456953036704
86400,0.0016526579373940422
90000,0.0010515009374635186
