time,vpos
79200,0.0029654375825575088
82800,0.0029802359793686785
86400,0.0020034729894463925
90000,0.0006738484982393603
93600,0.00033578539376578377
