time,vpos
82800,0.0027854568116695783
86400,0.002936505255896811
90000,0.0018677699585943467
93600,0.0004306006607551565
97200,0.00021321510444566316
