time,vpos
86400,0.0025870941656963554
90000,0.0030784538307250782
93600,0.0022204890840198653
97200,0.0006233814292010468
100800,0.0003755981861161637
