time,vpos
90000,0.0025672383510508745
93600,0.0038381964838016215
97200,0.0034042849263086583
100800,0.0012421511061587454
104400,0.0007848869762525426
