time,vpos
93600,0.0025147550917503777
97200,0.005210304035576708
100800,0.0053579735604578115
104400,0.0020526127644486763
108000,0.001295131387384768
