time,vpos
97200,0.0017972834986176795
100800,0.006636710015361112
104400,0.007570044124674753
108000,0.002512818147508368
111600,0.001361684577771776
