time,vpos
100800,15.421569409172681
104400,15.44325048471597
108000,15.502391362366854
111600,15.64100753536805
115200,15.742163906261652
