time,vpos
104400,16.81900300454166
108000,16.86783994324647
111600,17.00867220795043
115200,8.223015971637658
118800,-0.6546355906742568
