time,vpos
10800,-0.0036433599007756083
14400,0.011977998916427274
18000,0.022688100006355925
21600,0.006146031486391548
25200,-0.005484779306298595
