time,vpos
108000,20.397119325112246
111600,20.510268934161864
115200,-29.222194426932735
118800,-80.30636254475468
122400,-81.54491769243243
