time,vpos
111600,6.120294930841638
115200,-46.93985253457647
118800,-99.99999999996223
122400,-99.9999999999387
126000,-99.99999999994749
