time,vpos
115200,-99.99999999999983
118800,-99.99999999999862
122400,-99.9999999999987
126000,-97.3479198935089
129600,-94.6958397870178
