time,vpos
118800,-99.99999999999677
122400,-99.99999999999277
126000,-96.94614310224814
129600,-61.49657284858344
133200,-29.10085949265932
