time,vpos
122400,-73.285423399448
126000,-74.33076837452211
129600,-71.03015475951209
133200,-67.22692685468891
136800,-67.76965753994986
