time,vpos
126000,-49.23395063781582
129600,-49.562347776664325
133200,-50.30167963038119
136800,-32.37266183619841
140400,-14.03270932714729
