time,vpos
129600,-25.848046360987503
133200,-26.058944542298384
136800,-20.1512760253781
140400,-7.0163910044693925
144000,-7.26817918557908e-05
