time,vpos
133200,-36.80943108560316
136800,-25.421070206377173
140400,-7.014632937762455
144000,0.0010461767698126036
147600,-0.0013510980866515395
