time,vpos
136800,-0.0007465184841744569
140400,-0.0009046774095633698
144000,5.039021089833036e-05
147600,0.00013739705385233702
151200,-0.0008888226490442693
