time,vpos
140400,0.007084474822098043
144000,-0.006669274526209068
147600,-0.004508489569828825
151200,0.0019055974275007323
154800,-0.007594849879857065
