time,vpos
14400,19.669982266032974
18000,19.792422464782454
21600,20.140126182033374
25200,20.531355068099863
28800,20.697320435664913
