time,vpos
144000,0.04576776704393222
147600,0.03161098508339842
151200,0.01453813463272004
154800,0.0040511101460804725
158400,-0.00351984585041452
