time,vpos
147600,0.013518883266510696
151200,0.0034523726037006294
154800,-0.011370552963901642
158400,-0.0204139139181407
162000,-0.024700859967587554
