time,vpos
151200,-0.03948943809371505
154800,-0.019540371800043584
158400,0.01667142568118663
162000,0.031417362474854243
165600,0.029900568080963107
