time,vpos
154800,0.0059134103025044365
158400,0.0008172762835790909
162000,-0.0060965139731311655
165600,0.001893989126797174
169200,0.011702148464510424
