time,vpos
158400,-0.006437126298138894
162000,-0.003618580697275672
165600,0.003435189371904599
169200,0.0029356376560195157
172800,-0.0017991385281826162
