time,vpos
162000,0.002159022309376315
165600,0.006623517431479391
169200,0.00448910580796716
172800,-0.0060861571555402665
176400,-0.010062513373432388
