time,vpos
165600,-0.002800912506632238
169200,-0.001457086578307592
172800,-0.01734635570830552
176400,-0.026368243549253344
180000,-0.01815703633187859
