time,vpos
169200,-6.251033377103793e-06
172800,0.00020422076273104016
176400,-0.0002479877731090944
180000,-8.929302308710422e-05
183600,0.0007320820588831644
