time,vpos
172800,0.006036849852431719
176400,0.0031512692962648234
180000,-0.001263867698972701
183600,-0.003851631704816002
187200,-0.004909839271588674
