time,vpos
176400,-0.019549374925807328
180000,-0.010798628848659942
183600,-0.01408242039556203
187200,-0.02034250920094733
190800,-0.01456806038228316
