time,vpos
18000,17.963407491749013
21600,18.169257824127705
25200,18.543046136467574
28800,9.893000802847766
32400,1.075017489266775
