time,vpos
180000,0.012231559997385826
183600,-0.00933374154115301
187200,-0.006829563103986146
190800,0.0030598178752358545
194400,-0.011120281121247846
