time,vpos
183600,0.00039253140356433153
187200,0.0041792762841148315
190800,0.007244077236427564
194400,0.004491776222477953
198000,0.002461419136766109
