time,vpos
187200,15.18843533812555
190800,15.23175235945155
194400,15.31819247624574
198000,15.414425016682348
201600,15.46753446165077
