time,vpos
190800,17.131326397384257
194400,17.197733838643174
198000,17.340810391739943
201600,6.736381689245061
205200,-3.944716125087673
