time,vpos
194400,18.937594136352633
198000,18.991393204859204
201600,-26.356880806628684
205200,-73.00914840154076
208800,-74.25934291645838
