time,vpos
198000,18.61577479984024
201600,-34.17848556929021
205200,-88.48694501749243
208800,-91.44269048126738
212400,-92.88423686597052
