time,vpos
201600,-92.68227677770452
205200,-94.2921152930122
208800,-97.44335084180295
212400,-99.49237393764297
216000,-99.9999999999999
