time,vpos
205200,-99.99999999999977
208800,-99.99999999999956
212400,-99.99999999999962
216000,-99.99999999999983
219600,-99.99999999999977
