time,vpos
208800,-99.99999999999474
212400,-99.99999999998843
216000,-99.99999999999045
219600,-62.46642986075154
223200,-24.932859721504297
