time,vpos
212400,-99.99999999999642
216000,-99.9999999999972
219600,-63.47487526918471
223200,-16.915868034569854
226800,-6.881985530768257
