time,vpos
21600,14.244954667959842
25200,14.367967168335744
28800,11.123721493340847
32400,7.783446440690097
36000,7.810429563410148
