time,vpos
216000,-100.0
219600,-76.94164725356212
223200,-31.44058614172607
226800,-9.034538825200123
230400,-9.071199874072336
