time,vpos
219600,-38.780860398014994
223200,-38.90347926262672
226800,-27.673117390101744
230400,-8.162429594138391
234000,-0.004722535311747256
