time,vpos
223200,-34.39145364842255
226800,-34.50664942409995
230400,-17.308908503544153
234000,-0.006275947975428145
237600,-0.01658008863989898
