time,vpos
226800,-14.190246031344078
230400,-7.114987687975059
234000,-0.04004934968297656
237600,-0.030977268904836524
241200,-0.021585183049760284
