time,vpos
230400,0.0210923081136705
234000,0.0035588081614575475
237600,-0.01975972590527901
241200,-0.02152857243161937
244800,-0.017512384843436125
