time,vpos
234000,0.005768119555179694
237600,0.012861351626236691
241200,0.015803769239459496
244800,0.005417307491695049
248400,-0.0008183397982352084
