time,vpos
237600,-0.0021846179638498366
241200,0.011012405567939433
244800,0.01908169243851031
248400,0.0016052338859388372
252000,-0.010743488005414241
