time,vpos
241200,-0.014751259548243585
244800,0.004154219785426759
248400,0.0016191158569373446
252000,-0.004800826955239358
255600,0.010219813494743697
