time,vpos
244800,-0.0011159534285473264
248400,0.015871291723865137
252000,-0.015403045065949826
255600,-0.01622553214584893
259200,0.03121356271647939
