time,vpos
248400,-1.8431056648341576e-07
252000,-1.7195591250820236e-08
255600,2.2635253288686916e-07
259200,3.02785681791963e-07
