time,vpos
25200,13.607170121422014
28800,11.778340644346562
32400,9.985556550648411
36000,10.050238410461207
39600,10.078874886896699
