time,vpos
28800,11.6584901189614
32400,11.694481935809003
36000,11.76822054684937
39600,11.344299132227796
43200,10.88263092341346
