time,vpos
32400,4.5213768267771774
36000,4.541849604951363
39600,4.5966471099566295
43200,2.309555690944198
46800,-0.01186045489931461
