time,vpos
3600,-3.0637959287740503e-06
7200,-0.00012816669240820085
10800,-0.00025326958888762766
