time,vpos
3600,-2.762539574700795e-07
7200,-1.6262705460718882e-07
10800,-4.9000151744298115e-08
