time,vpos
36000,-4.394765538968018e-05
39600,-3.196594098738332e-06
43200,3.7554467192203516e-05
