time,vpos
36000,-0.009834466277604172
39600,-0.0006552249982193312
43200,0.00852401628116551
