time,vpos
39600,-0.005069433467026633
43200,-0.005537786791814079
46800,-0.006006140116601526
