time,vpos
39600,0.0004899383430418885
43200,0.0002282755771302441
46800,-3.338718878140034e-05
