time,vpos
43200,-0.0005210582642681389
46800,-0.0002357539171621828
50400,4.955042994377324e-05
