time,vpos
43200,0.0077198790655632656
46800,-0.00010447085068153493
50400,-0.007928820766926335
