time,vpos
46800,9.720300603991807e-05
50400,-0.00046619522051961584
54000,-0.0010295934470791496
