time,vpos
46800,0.003511748414088199
50400,-0.011141942069817798
54000,-0.025795632553723795
