time,vpos
50400,0.0001577592063975485
54000,-1.1748775430700834e-05
57600,-0.00018125675725895018
