time,vpos
50400,0.01266093922069713
54000,0.008327947618603332
57600,0.003994956016509536
