time,vpos
54000,-9.56708027296388e-07
57600,-7.260008926500416e-07
61200,-4.952937580036954e-07
