time,vpos
54000,0.00012264873783600735
57600,0.00024036647314584664
61200,0.0003580842084556859
