time,vpos
57600,-6.347574741868978e-07
61200,-2.291123262464223e-07
64800,1.7653282169405315e-07
