time,vpos
57600,9.800714833913709e-05
61200,-0.00012331873064600805
64800,-0.0003446446096311532
