time,vpos
61200,-1.057480406366218e-06
64800,-1.1616887342271592e-06
68400,-1.2658970620881005e-06
