time,vpos
61200,0.00017580690789396062
64800,-0.00029689929121310847
68400,-0.0007696054903201775
