time,vpos
64800,0.0001930970434598207
68400,1.2990746266882906e-05
72000,-0.00016711555092605487
