time,vpos
64800,-0.02011543106344828
68400,-0.009063295441302278
72000,0.001988840180843724
