time,vpos
68400,1.8691597202560558e-06
72000,9.390219445887097e-07
75600,8.884168921363678e-09
