time,vpos
68400,0.002289607586408119
72000,0.004277440495936192
75600,0.0062652734054642655
