time,vpos
7200,-0.024667866274991068
10800,-0.013633967334721813
14400,-0.002600068394452556
