time,vpos
7200,5.862719954123085e-05
10800,-0.00020236450313741827
14400,-0.00046335620581606737
