time,vpos
72000,-0.00022802329986625495
75600,4.48693756095131e-05
79200,0.00031776205108528116
