time,vpos
72000,0.002695819103992053
75600,0.005085089065503314
79200,0.0074743590270145745
