time,vpos
75600,0.0019111897944281038
79200,0.0035667742162393576
82800,0.005222358638050611
