time,vpos
75600,-0.0006870884306778818
79200,6.328244956788094e-05
82800,0.0008136533298136437
