time,vpos
79200,0.00030368126936093924
82800,-0.0005219982040714555
86400,-0.0013476776775038501
