time,vpos
79200,0.002898264108812691
82800,0.005516348814184672
86400,0.008134433519556651
