time,vpos
82800,4.319100625997827e-05
86400,-0.00031022245322219743
90000,-0.0006636359127043731
