time,vpos
82800,0.0006325857963561908
86400,0.00113749653455722
90000,0.0016424072727582492
