time,vpos
86400,7.739223372577042e-06
90000,-6.31862536254078e-05
93600,-0.00013411173062339264
