time,vpos
86400,0.0002584253248087676
90000,0.0004547405315514938
93600,0.00065105573829422
