time,vpos
90000,-9.181661176200872e-05
93600,0.0001017552205433145
97200,0.00029532705284863775
