time,vpos
90000,-1.616910377290337e-08
93600,-3.695194217886305e-07
97200,-7.228697398043576e-07
