time,vpos
93600,-7.40424405815121e-09
97200,1.3188677385443659e-08
100800,3.378159882903853e-08
