time,vpos
93600,6.124195268227125e-05
97200,-6.3645090472880176e-06
100800,-7.397097077684728e-05
