time,vpos
97200,-0.006011479475875729
100800,-0.008672849812108106
104400,-0.011334220148340483
