time,vpos
97200,-3.6218767556623875e-05
100800,-0.0002834378535561326
104400,-0.0005306569395556414
