time,vpos
100800,0.011359237025591884
104400,0.025242922242530493
108000,0.0391266074594691
