time,vpos
100800,-1.8342241600577402e-06
104400,-2.0233072655929376e-05
108000,-3.863192115180101e-05
