time,vpos
104400,-0.00023189403021870865
108000,-0.0001514651933569883
111600,-7.103635649526795e-05
