time,vpos
104400,-2.6722105404093296e-08
108000,7.199144995959951e-08
111600,1.7070500532329232e-07
