time,vpos
10800,3.3902555613762804e-05
14400,-4.099232127613878e-05
18000,-0.00011588719816604036
