time,vpos
10800,-9.2392397031682e-08
14400,-2.5627023860202297e-07
18000,-4.2014808017236394e-07
