time,vpos
108000,48.354910428344425
111600,48.66713792534054
115200,48.97936542233665
