time,vpos
108000,-7.954297104556356e-07
111600,-9.137917844766977e-07
115200,-1.03215385849776e-06
