time,vpos
111600,26.018377025561705
115200,13.009188724918062
118800,4.2427441500317976e-07
