time,vpos
111600,18.337879019472393
115200,9.177114046264629
118800,0.016349073056868592
