time,vpos
115200,-12.831629548490259
118800,-12.944932794888823
122400,-13.058236041287385
