time,vpos
115200,-48.920011433080425
118800,-49.639955219015754
122400,-50.35989900495108
