time,vpos
118800,-67.8696092320202
122400,-68.75524224069596
126000,-69.64087524937173
