time,vpos
118800,-59.34329398466275
122400,-59.861312460388284
126000,-60.37933093611383
