time,vpos
122400,-57.42029525154919
126000,-57.944852649987496
129600,-58.46941004842581
