time,vpos
122400,-62.45353198520549
126000,-62.71285892216121
129600,-62.972185859116934
