time,vpos
126000,-37.62746266167217
129600,-37.7923571584966
133200,-37.95725165532103
