time,vpos
126000,-60.601731650762204
129600,-60.775468857432614
133200,-60.94920606410301
