time,vpos
129600,-28.845033487306715
133200,-28.954168022776095
136800,-29.063302558245475
