time,vpos
129600,-51.10333235600078
133200,-51.249331629716345
136800,-51.395330903431926
