time,vpos
133200,-36.73665360878616
136800,-36.841813468973136
140400,-36.946973329160116
