time,vpos
133200,-26.28921000244379
136800,-21.887107226041287
140400,-17.485004449638787
