time,vpos
136800,-23.677119417231047
140400,-23.744732973146963
144000,-23.812346529062875
