time,vpos
136800,-5.566474846200813
140400,-5.582383963630047
144000,-5.598293081059282
