time,vpos
140400,-0.011369117523666716
144000,-0.009614177086607811
147600,-0.007859236649548906
