time,vpos
140400,0.00022211204756686712
144000,0.00017489234918962194
147600,0.00012767265081237676
