time,vpos
14400,0.00022897626983380437
18000,-5.508597332986109e-05
21600,-0.00033914821649352656
