time,vpos
14400,-0.03511564223150853
18000,-0.0047072768320850274
21600,0.025701088567338475
