time,vpos
144000,2.320372717926067e-06
147600,1.017822940773544e-06
151200,-2.84726836378979e-07
