time,vpos
144000,-7.04131556104835e-06
147600,-5.17216637523806e-06
151200,-3.3030171894277702e-06
