time,vpos
147600,-0.0008237577396801476
151200,-0.0006405543413971889
154800,-0.00045735094311423035
