time,vpos
147600,1.62317123318656e-06
151200,6.285979618596282e-06
154800,1.0948788004006005e-05
