time,vpos
151200,-3.365056525831778e-05
154800,1.5347405082959676e-06
158400,3.672004627490971e-05
