time,vpos
151200,-0.013635833924888078
154800,-0.023342577119937258
158400,-0.03304932031498644
