time,vpos
154800,4.2199945165289574e-05
158400,9.802820928020478e-05
162000,0.00015385647339512
