time,vpos
154800,-7.878753062288968e-08
158400,-1.3298672187338906e-07
162000,-1.8718591312388844e-07
