time,vpos
158400,-0.005192420072291969
162000,-0.012929594316572996
165600,-0.02066676856085402
