time,vpos
158400,-2.0099524123930656e-07
162000,-1.2360160121933342e-07
165600,-4.620796119936027e-08
