time,vpos
162000,-0.0004523537628673281
165600,-0.00019713925088390757
169200,5.807526109951293e-05
