time,vpos
162000,-0.0001453576020305023
165600,-0.00012850510745393041
169200,-0.00011165261287735852
