time,vpos
165600,8.137478150344046e-06
169200,1.435585963429839e-06
172800,-5.266306223484368e-06
