time,vpos
165600,-1.73357581477625e-05
169200,-1.499424459277778e-05
172800,-1.2652731037793058e-05
