time,vpos
169200,0.00020076603485592976
172800,0.0001787503147856995
176400,0.0001567345947154692
