time,vpos
169200,4.3563753828260166e-07
172800,1.0838775159891564e-06
176400,1.732117493695711e-06
