time,vpos
172800,3.6006598538862455e-05
176400,-1.3606391822750885e-05
180000,-6.321938218436423e-05
