time,vpos
172800,-1.271478224717593e-05
176400,-1.18473331468392e-05
180000,-1.097988404650247e-05
