time,vpos
176400,-0.027160021632714054
180000,-0.014641932349207541
183600,-0.00212384306570103
