time,vpos
176400,-0.0003145790972499026
180000,-0.00017505982361500975
183600,-3.5540549980116925e-05
