time,vpos
18000,4.2381070616609104e-05
21600,2.6490447187395294e-05
25200,1.0599823758181484e-05
