time,vpos
18000,0.00017407500464474584
21600,0.00018084238943555386
25200,0.00018760977422636188
