time,vpos
180000,0.00011248030550033733
183600,-0.0002082663180248352
187200,-0.0005290129415500077
