time,vpos
180000,3.633983806580754e-06
183600,1.4591625501630956e-06
187200,-7.156587062545627e-07
