time,vpos
183600,7.877957752291096e-05
187200,-0.00015618515607527657
190800,-0.0003911498896734641
