time,vpos
183600,-0.036258700046050765
187200,-0.022279185109851586
190800,-0.008299670173652404
