time,vpos
187200,4.1735367550806244e-05
190800,-0.0002197889435293323
194400,-0.0004813132546094708
