time,vpos
187200,-2.298949313035703e-07
190800,4.384205577788805e-08
194400,3.175790428593464e-07
