time,vpos
190800,-0.0026423995610508886
194400,7.437729769733253e-05
198000,0.0027911541564455537
