time,vpos
190800,0.0002832042096242856
194400,-0.00041955005358787186
198000,-0.0011223043168000293
