time,vpos
194400,3.266750289330697e-07
198000,1.4313795894003653e-07
201600,-4.039911105299665e-08
