time,vpos
194400,12.816823689101724
198000,12.85592808558934
201600,12.895032482076957
