time,vpos
198000,10.691640063114752
201600,5.345819184021574
205200,-1.6950716051275516e-06
