time,vpos
198000,-8.458580561276849
201600,-8.554251948009863
205200,-8.649923334742876
