time,vpos
201600,-79.15020653287371
205200,-80.60461167047622
208800,-82.0590168080787
