time,vpos
201600,-63.66037300345893
205200,-64.66022491838763
208800,-65.66007683331632
