time,vpos
205200,-99.9999999999962
208800,-99.9999999999949
212400,-99.99999999999359
