time,vpos
208800,-99.99999999985701
212400,-99.99999999977409
216000,-99.99999999969116
