time,vpos
208800,-99.99999999999721
212400,-99.9999999999979
216000,-99.9999999999986
