time,vpos
212400,-99.99999999997159
216000,-99.99999999998576
219600,-99.99999999999996
