time,vpos
212400,-99.99999979602741
216000,-99.99999978493446
219600,-99.9999997738415
