time,vpos
21600,41.94814225062875
25200,42.24723330541538
28800,42.54632436020201
