time,vpos
21600,31.515964474718842
25200,31.7711832386069
28800,32.026402002494955
