time,vpos
216000,-99.99999999996152
219600,-93.04149628405615
223200,-86.08299256815079
