time,vpos
219600,-58.79497145635335
223200,-59.01312117523665
226800,-59.23127089411994
