time,vpos
219600,-76.66493570982973
223200,-76.94699191170254
226800,-77.22904811357532
