time,vpos
223200,-32.00659770932481
226800,-32.116876457897284
230400,-32.227155206469746
