time,vpos
223200,-43.245002281274566
226800,-43.40647281947798
230400,-43.5679433576814
