time,vpos
226800,-5.969886681746252
230400,-2.9849433732520287
234000,-6.47578057150211e-08
