time,vpos
226800,-12.267476834752745
230400,-6.133735670563912
234000,5.493624923025298e-06
