time,vpos
230400,2.294229754923327e-05
234000,7.399344444060027e-06
237600,-8.143608661113216e-06
