time,vpos
230400,5.540628321693907e-05
234000,-0.0001508226026040193
237600,-0.00035705148842497765
