time,vpos
234000,-9.11817238900825e-08
237600,-7.422159118515223e-06
241200,-1.4753136513140364e-05
