time,vpos
234000,0.0006219182774623523
237600,8.447164810352786e-05
241200,-0.0004529749812552966
