time,vpos
237600,0.007059670240460066
241200,0.015081083148248521
244800,0.023102496056036977
