time,vpos
237600,2.5387285156053263e-06
241200,-0.00014985603068686765
244800,-0.0003022507898893406
