time,vpos
241200,-1.9185247657751362e-05
244800,-6.338778664375484e-07
248400,1.7917491924876266e-05
