time,vpos
241200,2.0227079926683488e-05
244800,1.139389593291432e-05
248400,2.560711939145152e-06
