time,vpos
244800,-6.727238733520574e-08
248400,-8.505877217032751e-08
252000,-1.0284515700544929e-07
