time,vpos
244800,-0.00010073421164549968
248400,-8.597510747266399e-06
252000,8.353919015096689e-05
