time,vpos
248400,2.7197290836111776e-06
252000,1.5750687653443007e-06
255600,4.3040844707742387e-07
