time,vpos
248400,0.007208458670821655
252000,0.00449343883557248
255600,0.0017784190003233055
