time,vpos
25200,37.18713025007293
28800,18.593565287018656
32400,3.239643845547462e-07
