time,vpos
25200,33.33340846541353
28800,16.66666181681648
32400,-8.48317805682286e-05
