time,vpos
252000,-1.371177111957056e-07
255600,-1.5104127644785525e-07
259200,-1.6496484170000492e-07
