time,vpos
252000,0.0002336451782450222
255600,0.0002648048509599687
259200,0.0002959645236749152
