time,vpos
255600,2.7348578673230817e-05
259200,2.7348578673230817e-05
