time,vpos
255600,-1.965967229179547e-06
259200,-1.965967229179547e-06
