time,vpos
28800,-0.022000590179018606
32400,-0.008403853576398747
36000,0.005192883026221111
