time,vpos
28800,0.00013418719922892133
32400,1.3251948125121287e-05
36000,-0.00010768330297867876
