time,vpos
32400,2.7137460318411885e-05
36000,1.3561089088587367e-05
39600,-1.528214123715059e-08
