time,vpos
32400,0.012010993049804079
36000,0.008699479613174403
39600,0.0053879661765447295
