time,vpos
3600,0.00127259654495178
7200,0.0013346062425463037
10800,0.000823180960579821
14400,0.0001516126391620386
18000,5.347929730526238e-05
