time,vpos
36000,0.033066314333937634
39600,0.004262453824846826
43200,-0.013369297545985669
46800,-0.008031439392433603
50400,-0.013865690377139845
