time,vpos
39600,0.006237193860113505
43200,-0.0008450676553887378
46800,-0.00020514107029318934
50400,0.0017006448011146417
54000,-0.0041157574280753185
