time,vpos
57600,0.0023087416277160263
61200,0.0033720901342075733
64800,0.0069189783205595
68400,0.006105077054587531
72000,0.002807636108755182
