time,vpos
93600,0.0018686892850266774
97200,0.0005187026794651489
100800,-0.00403689595381492
104400,-0.007696049610268408
108000,-0.008149591239003353
