time,vpos
115200,-55.87518115511795
118800,-56.404761692891626
122400,-57.69853447226103
126000,-51.94686915779598
129600,-45.43101160173521
