time,vpos
136800,-17.426920790612886
140400,-17.46419120839188
144000,-8.739887380151721
147600,0.011282340076200582
151200,0.0008778142849691904
