time,vpos
158400,0.012917485194230957
162000,0.005717700836647445
165600,-0.020728827680207076
169200,-0.009471970324272062
172800,0.02103163119093396
