time,vpos
165600,0.014509933882275661
169200,0.007292207080597415
172800,0.019916670029917094
176400,0.03739911928892688
180000,0.035039378796938726
