time,vpos
176400,0.019235390638515804
180000,-0.01328704745177704
183600,-0.0256477301832769
187200,-0.005005491805657351
190800,-0.004525008786830778
