time,vpos
187200,2.609180678904959
190800,2.647284977252794
194400,2.6979757848963892
198000,2.686185914478947
201600,2.6618095347657444
