time,vpos
216000,-99.99999999999967
219600,-83.04264083112804
223200,-44.54494976231565
226800,-18.658952839974972
230400,-14.313287817575043
