time,vpos
36000,0.008059422833783976
39600,0.0191221899559782
43200,0.024704019203540994
46800,0.01594142722824033
50400,0.019347572562254434
54000,-0.0032766513395037847
57600,-0.03258867467594534
