time,vpos
43200,0.0022747654078537553
46800,0.004818525192385426
50400,0.0018632052503564926
54000,0.0015668069406572734
57600,0.0029117812855323742
61200,-0.0005591870139428414
64800,-0.0001724482414317734
