time,vpos
46800,0.0074311538582148146
50400,0.02207665737889691
54000,0.026442611487389685
57600,0.008225683900420937
61200,0.02677153434489893
64800,0.03965530785313235
68400,0.02605585274210835
