time,vpos
61200,2.0702072571092872e-06
64800,-7.35249362490091e-06
68400,6.661617785475709e-06
72000,0.00014107804226513594
75600,0.00015098799704123657
79200,2.869536245391122e-05
82800,7.472385277758643e-06
