time,vpos
75600,-0.000685879905139514
79200,-0.0003868418858631594
82800,2.021321618139794e-06
86400,0.00014505120398008604
90000,-6.754445877831002e-05
93600,-0.00027129546074743745
97200,-0.0002092461058011671
