time,vpos
86400,0.004555359266727836
90000,-0.0021464527979489674
93600,0.004605881466341683
97200,0.010737018561918676
100800,-0.0004065653923507922
104400,0.00228913655168493
108000,0.008805413216599658
