time,vpos
111600,10.626837725260325
115200,-22.591802849198324
118800,-56.46130399401699
122400,-57.73137086402009
126000,-51.890790946406675
129600,-40.86858663031791
133200,-36.306168531485646
