time,vpos
115200,-55.810867840922405
118800,-56.461709141297455
122400,-57.73115412481407
126000,-51.89037579619025
129600,-40.86857901384872
133200,-33.57736568597341
136800,-30.848567128674254
