time,vpos
129600,-35.82298091192825
133200,-35.91990195188522
136800,-27.6722687488766
140400,-13.878322596450033
144000,-4.211727690468621
147600,-0.004187034644345291
151200,-0.013849375340512336
