time,vpos
133200,-27.563378732508347
136800,-27.6419891457534
140400,-18.074765116273472
144000,-4.214446283518704
147600,3.345019872927842e-05
151200,0.00010065180419437016
154800,0.00017250972201566332
