time,vpos
136800,-17.98614707968946
140400,-18.04307693877133
144000,-9.053477384691268
147600,0.004307805616880387
151200,0.0029290044347430526
154800,0.003102789050479538
158400,0.015911151994567448
