time,vpos
151200,-0.0002656570230891846
154800,-1.1285148943214087e-05
158400,0.00016929571368007443
162000,7.935927179326104e-05
165600,0.0001484983921815308
169200,0.0001974358696343361
172800,0.00016108879633474027
