time,vpos
154800,-0.048798781404190125
158400,-0.011938662147450357
162000,0.006471380902543691
165600,0.00023701178382325183
169200,0.012111199478032695
172800,0.006327866467544626
176400,0.0008860528508723947
