time,vpos
162000,-0.04793019025539462
165600,-0.011816363952032945
169200,0.00825180853193589
172800,0.007826718422190512
176400,0.013246769420393087
180000,0.005395735797110549
183600,0.007745214885272896
