time,vpos
165600,-0.05255637061596331
169200,-0.010153370306286293
172800,0.010168350273661968
176400,0.007534908558743967
180000,0.015518627498923191
183600,0.006068736134743399
187200,0.008082963845195138
