time,vpos
172800,0.0004758703043155455
176400,8.315156185579678e-05
180000,-0.00014717534504764078
183600,0.00027009388370336553
187200,0.0006083806039137809
190800,0.000515790973859114
194400,0.00033979201678872715
