time,vpos
180000,1.6883840214682269
183600,1.6992117572133658
187200,1.7126309551243655
190800,1.711472704064996
194400,1.7227089319657114
198000,1.7395761607227591
201600,1.741457448353862
