time,vpos
180000,2.86475562586747
183600,2.872971310425424
187200,2.889483742233229
190800,2.9060449388876135
194400,2.922610182282006
198000,2.9400427136155503
201600,2.9491744509592364
