time,vpos
187200,1.7132536641003142
190800,1.716569942685022
194400,1.7235539019019217
198000,1.737479730278977
201600,-30.29822023858989
205200,-63.32617203390085
208800,-64.30816571259808
