time,vpos
194400,1.331971190276235
198000,1.3341522393818392
201600,-49.33183288404336
205200,-99.99999952828709
208800,-100.0
212400,-100.0
216000,-100.0
