time,vpos
201600,-99.99999999999999
205200,-99.999999999998
208800,-99.99999999998107
212400,-99.9999999999746
216000,-99.9999999999815
219600,-73.75945080933272
223200,-47.51890161868552
