time,vpos
21600,12.500531969608906
25200,12.591037997765476
28800,6.34074914254918
32400,-2.7789613907879692e-05
36000,-3.8121308049950874e-05
39600,-5.410220589570877e-05
43200,-4.1800199825212264e-05
