time,vpos
219600,-48.160044406446566
223200,-48.297042317544516
226800,-29.292365613077408
230400,-5.083555279899991
234000,0.00516639241349898
237600,0.00977348293843909
241200,-0.0072053812377340185
