time,vpos
241200,0.0005245085247155765
244800,0.0002772215160241833
248400,-3.7802234177805235e-05
252000,0.00014464371906987191
255600,0.00024283607998414595
259200,9.084574614014746e-05
