time,vpos
0,0.06194706215043874
3600,0.0352576593314193
7200,0.015559032118836512
10800,-0.0055558519809390935
14400,-0.018658398057499023
18000,-0.010170321292502676
21600,-0.01668535815715867
