time,vpos
3600,0.0006064974227132942
7200,0.00031650993101746156
10800,-0.0001332431611324926
14400,-0.0002866567515917462
18000,0.00037195334541443117
21600,0.0009099410391829232
25200,0.0007956706459401059
