time,vpos
3600,0.007267615033468646
7200,-0.002696387100815538
10800,0.005168808513371435
14400,0.004353160009958177
18000,-0.008031632527911992
21600,-0.004988014706190148
25200,-0.008204450598482552
