time,vpos
36000,0.00035135282674926484
39600,0.0003959164085096395
43200,-8.76591627859423e-05
46800,-0.00010748136310657436
50400,4.0802872625290833e-05
54000,-0.0002517963862699639
57600,-0.0001843629281617594
