time,vpos
36000,0.006660474523271544
39600,0.014450054480368804
43200,0.001979175759493732
46800,0.0005133095020913928
50400,0.005631587943837134
54000,-0.003960392571096712
57600,0.00012394089279369695
