time,vpos
39600,0.014825468977413788
43200,0.011356016594966515
46800,0.005189730023968616
50400,0.02243442258416693
54000,0.01351632307314874
57600,-0.008683023276741579
61200,-0.00202274336686477
