time,vpos
43200,-0.000375856887121481
46800,-7.826907497503335e-05
50400,0.0004694451067580584
54000,-0.0009863761805991409
57600,-0.0016636001465345038
61200,-0.002633606440922807
64800,-0.0046323364263195915
