time,vpos
46800,0.0248761072979436
50400,0.017461485662223865
54000,0.015653735489726997
57600,0.0009578077977907872
61200,0.0101613174230095
64800,0.007147149196264183
68400,-0.025373327810858923
