time,vpos
46800,0.0002844432519567147
50400,0.0001933448827796716
54000,-5.795627675636815e-05
57600,-0.0004649604399896998
61200,-0.00015486746099334326
64800,0.00019306821645284004
68400,-1.5890457971668142e-05
