time,vpos
50400,-0.003969807334088795
54000,-0.0003696829513012424
57600,0.002969368549148583
61200,-9.353127168436077e-06
64800,-0.002676149428674013
68400,0.0016300000217780238
72000,0.005885296979756346
