time,vpos
50400,0.00019917709312112456
54000,0.0001389975045754826
57600,-0.00012040618588894138
61200,-0.0002637834597966101
64800,-8.372874069115996e-05
68400,-0.0003461572816268322
72000,-0.0007327937136568412
