time,vpos
54000,0.007186903805472421
57600,-0.0009496780972941433
61200,-0.00024425571548659865
64800,0.011736326559797191
68400,-0.007884315982015366
72000,-0.002555816806965776
75600,0.02553190290060605
