time,vpos
57600,-0.0021470931521319495
61200,-0.0017196679055332177
64800,0.0031822990049736512
68400,-0.0003701233495213233
72000,-0.0002482813805225134
75600,0.0036743057410874155
79200,-0.000551913124704577
