time,vpos
57600,0.00035562667814135595
61200,0.00020235678179791986
64800,-1.1554218881088088e-06
68400,-6.675302717296915e-05
72000,2.0043544193751833e-05
75600,6.215300080095055e-05
79200,2.110588099160526e-06
