time,vpos
61200,0.00015918976974260978
64800,-0.0001023913074175154
68400,-0.0002451285390737539
72000,0.00033382074704168575
75600,0.0007055526622954385
79200,-3.431594415952118e-05
82800,-0.0006858110252566804
