time,vpos
61200,-0.023756615536652502
64800,0.0007872982346260674
68400,-0.013414746833893609
72000,-0.008650372502010754
75600,0.019744841445036833
79200,0.01811892479665719
82800,0.031608127372911056
