time,vpos
64800,0.0001005075697806484
68400,0.0001870370319236675
72000,-5.073873878256349e-06
75600,0.00011912170159265737
79200,-6.607456302363027e-05
82800,-0.00046142958804636883
86400,-0.0002687524050369631
