time,vpos
64800,-0.015805125679970236
68400,-0.004560436235196693
72000,-0.004621268172356759
75600,-0.0018014675032241116
79200,0.006295374544874046
82800,-0.0006384759683192287
86400,-0.001543846478544407
