time,vpos
68400,0.0001812312760379392
72000,0.00015013942720762416
75600,4.285424496568431e-05
79200,-3.59128788039982e-05
82800,-2.41031045627569e-05
86400,-7.041986305920077e-06
90000,-4.364432648382263e-06
