time,vpos
68400,-0.02984574031358574
72000,-0.006054199186640336
75600,0.002705524864857092
79200,0.0010915193391525205
82800,0.009273188124988377
86400,0.0007530838340050921
90000,-0.002530877693070644
