time,vpos
7200,-10.283929436162193
10800,-10.333796315243983
14400,-10.462824920692672
18000,-10.675657245327363
21600,-11.007769618602886
25200,-11.364638833025056
28800,-11.523066272439497
