time,vpos
7200,0.040634843561866175
10800,0.03840014941753225
14400,0.027090342213481295
18000,-0.008281451638706219
21600,-0.012623876660893398
25200,0.0157238375868298
28800,0.022117296064269695
