time,vpos
72000,0.10915564759577516
75600,0.103151812781281
79200,0.09099359839085802
82800,0.03851917345216839
86400,0.028098580139610488
90000,0.032312985808753546
93600,0.0006279394276936867
