time,vpos
72000,4.1115588373207674e-05
75600,-0.0006857305587551648
79200,-0.0008896644139774388
82800,-0.00020685046029990958
86400,-0.0002874018423473562
90000,-0.0004502390087867151
93600,-0.00037262313140719663
