time,vpos
75600,0.0001609751157394387
79200,6.002290950506703e-05
82800,4.481616134692772e-05
86400,4.688760530481777e-05
90000,-2.4652161314700473e-05
93600,6.43077831328927e-05
97200,0.0001411334800816618
