time,vpos
75600,0.0006934410307767903
79200,-0.006503146093743352
82800,0.01168737721886941
86400,0.013234938864762253
90000,-0.001450341042587799
93600,0.008557512206150376
97200,0.009411096570998543
