time,vpos
79200,0.005791357875965472
82800,-0.004827410353541674
86400,0.0057195859205157774
90000,0.02002176239161336
93600,0.0007939637896726061
97200,0.0009447489979193415
100800,0.013459744775639817
