time,vpos
82800,-0.011124656095338461
86400,-0.003177711361271535
90000,0.008336954082958415
93600,0.023060937408866604
97200,0.0007535923816903592
100800,0.0009215090993395679
104400,0.03455303345991018
