time,vpos
86400,0.0008853749872803315
90000,0.0003451022460671621
93600,0.00011286103673534932
97200,-0.00022269770690955522
100800,-0.00043163023293511636
104400,-0.00043767389804875913
108000,-0.0008783753126631019
