time,vpos
86400,-0.017821948370155546
90000,-0.01013759445864491
93600,0.011597926626493574
97200,0.005180173455711842
100800,-0.001766622940853823
104400,-0.0039061144699096494
108000,-0.019567729946809394
