time,vpos
90000,-0.013394360912348871
93600,0.002607551560769247
97200,-0.00048394840477485783
100800,-0.0003924095342458387
104400,0.01394595535457537
108000,0.0027970747540716576
111600,-0.003505219426062022
