time,vpos
90000,0.001049856276353386
93600,0.00034337925996263995
97200,-2.2995026488122885e-05
100800,0.00025829022391126415
104400,0.0004435534287111387
108000,0.00043592742096172285
111600,0.00018422072887183628
