time,vpos
93600,-10.686922288348851
97200,-10.769799625317342
100800,-10.953288019276371
104400,-11.10180296421381
108000,-11.244361493007975
111600,-11.523337628584779
115200,-11.70765912331432
