time,vpos
97200,-12.342241628025105
100800,-12.395384755079908
104400,-12.504971742664644
108000,-12.632735288260106
111600,-12.83911325076859
115200,-25.809443135254035
118800,-38.64471474229652
