time,vpos
97200,-25.608289666273816
100800,-25.807747981740647
104400,-26.23303662629608
108000,-26.676423083552315
111600,-27.30091825149908
115200,-28.17235956199562
118800,-28.636861832713027
