time,vpos
100800,-26.005901276422406
104400,-26.196324054918225
108000,-26.629127134559372
111600,-27.260477415960736
115200,-37.974836642077406
118800,-49.01977935511981
122400,-49.739332822301584
