time,vpos
100800,-9.73862890153717
104400,-9.789993807933927
108000,-9.83634240552471
111600,-10.012963324442026
115200,-55.097225340519664
118800,-99.9998902133612
122400,-99.9999302978484
