time,vpos
104400,-11.567787394810738
108000,-11.668357081203586
111600,-11.938742689012075
115200,-38.98853698978446
118800,-66.8389481832785
122400,-68.73590842631423
126000,-69.66243585521262
