time,vpos
104400,-11.605527842030751
108000,-11.672111617571952
111600,-11.862414898283188
115200,-55.99306720172631
118800,-99.99999999999933
122400,-99.99999999999925
126000,-99.99999999999922
