time,vpos
10800,0.0030866973174492433
14400,0.004442722211737631
18000,0.0020048612780259457
21600,0.0015338143861087059
25200,0.00357673259505742
28800,0.0016625537195816757
32400,0.0010282955712400516
