time,vpos
10800,-17.505148895990448
14400,-17.63921852392607
18000,-17.99808547879444
21600,-18.557726810281036
25200,-19.1596013766025
28800,-19.598905987691072
32400,-19.771180037012034
