time,vpos
108000,9.530433363127063
111600,9.69248730346843
115200,-28.025020006525423
118800,-66.83806200887739
122400,-68.71835310680929
126000,-64.63185380719267
129600,-59.59854416166087
