time,vpos
108000,3.2176561342913415
111600,3.2518773703949067
115200,-48.35694040643255
118800,-99.99998513014336
122400,-99.99998487319708
126000,-98.24359822803959
129600,-96.48721755060818
