time,vpos
111600,54.356801935189345
115200,-5.758245098327825
118800,-66.8357678342238
122400,-68.73350005399077
126000,-64.63365036665161
129600,-41.61096274283986
133200,-23.623381323755435
