time,vpos
111600,41.54291796049539
115200,-29.228541019752306
118800,-99.9999954924236
122400,-99.9999954924236
126000,-97.97649888539084
129600,-81.04598026278309
133200,-66.1389627547845
