time,vpos
115200,-50.35728606851703
118800,-51.078290812598226
122400,-52.55019685533331
126000,-53.79865333843084
129600,-45.72152942967121
133200,-37.3438363237244
136800,-37.540822310980886
