time,vpos
115200,-93.43207952799091
118800,-95.0082625454081
122400,-98.11686920194016
126000,-97.61865132744745
129600,-80.79704944637045
133200,-66.29035158099697
136800,-66.57461408309291
