time,vpos
118800,-48.7543134322494
122400,-49.42437182932522
126000,-50.58612281589561
129600,-44.1224958024346
133200,-37.34393568335788
136800,-24.23258245963665
140400,-10.94446975203656
