time,vpos
118800,-71.34017266945744
122400,-72.47237747853616
126000,-74.41456091210904
129600,-70.61593693010082
133200,-66.29034780892941
136800,-59.529502340081486
140400,-52.48564338590258
