time,vpos
122400,-41.967183868565996
126000,-42.37288184088081
129600,-39.9782326043002
133200,-37.34398613234748
136800,-24.227278310665746
140400,-8.947182875504119
144000,-6.94989599896692
