time,vpos
122400,-52.28489021212012
126000,-52.86089249796404
129600,-53.70890834937059
133200,-54.2134607563999
136800,-53.46582483685884
140400,-45.959062636039064
144000,-39.43247519622701
