time,vpos
126000,-37.95190923038786
129600,-38.14520805476983
133200,-38.50539114724288
136800,-38.83729006965438
140400,-39.112616886060096
144000,-19.61202844831816
147600,-0.0011278484909374399
