time,vpos
126000,-37.013819597762144
129600,-37.09218181931453
133200,-37.343951151562884
136800,-24.230914007149735
140400,-8.9471828755021
144000,-3.4766862244849914
147600,-0.003476450006405018
