time,vpos
129600,-30.154508673912378
133200,-30.29816381851489
136800,-20.693144357578312
140400,-8.947182875502719
144000,-3.478260939870005
147600,0.0036996130348143056
151200,0.01402510684342743
