time,vpos
129600,-26.000613808526364
133200,-26.112489116430282
136800,-26.337136786817204
140400,-26.525417322232244
144000,-13.30046257249774
147600,5.032954593162705e-07
151200,6.564221239290638e-07
