time,vpos
133200,-43.00549359598118
136800,-26.97498167401028
140400,-8.947182875504364
144000,-3.4849851846802573
147600,0.008608873803084532
151200,-0.004983786966070831
154800,-0.04725969192947827
