time,vpos
133200,-20.476550166084973
136800,-20.564469756390277
140400,-20.711528266055414
144000,-10.385334048993686
147600,0.0002630782628317696
151200,0.00021426491377069603
154800,-9.853927025394777e-05
