time,vpos
136800,-5.4116110036890225e-06
140400,-4.230103030819848e-06
144000,-6.210467122367983e-05
147600,-0.0002157615848345261
151200,-0.00011404802874774992
154800,2.1132374858643834e-05
158400,-4.000161506685571e-05
