time,vpos
136800,-0.005855807307913715
140400,0.014233229551616612
144000,0.012357668495139565
147600,0.015950533329326874
151200,0.008729428815021877
154800,-0.0017247544162249894
158400,0.020599629617027826
