time,vpos
140400,-0.0003036900468806673
144000,-0.00020403038033741717
147600,-0.00012520127391434744
151200,-3.713236377068797e-05
154800,0.0001475507098667294
158400,0.00011641927385907456
162000,9.504234477842181e-06
