time,vpos
140400,-6.2715463288789755
144000,-3.144993088344713
147600,0.012252867703699212
151200,0.023071799774950132
154800,-0.002565339750029698
158400,0.003123364070283549
162000,0.01457542397267815
