time,vpos
14400,0.8996667692088582
18000,0.9154658443581997
21600,0.9408929165920024
25200,0.9506671526645992
28800,0.48213317900308256
32400,-0.015553726683039575
36000,-0.04456041971950958
