time,vpos
14400,-16.237187901601697
18000,-16.442420384149326
21600,-16.953552126879963
25200,-17.503298195128323
28800,-17.904540329104353
32400,-18.20152461315275
36000,-18.34111357129046
