time,vpos
144000,-0.02283914268660426
147600,-0.013283908491308144
151200,0.007451168781511062
154800,-0.0011315434454042372
158400,0.0037537307794417857
162000,0.011434991863410359
165600,-0.005531576581905477
