time,vpos
144000,-2.9841529389474744e-07
147600,1.2191330093999269e-07
151200,1.9532103257313557e-07
154800,-2.43249521054162e-07
158400,-2.5047727235887823e-07
162000,-2.759376525136074e-07
165600,-3.8581997178932067e-07
