time,vpos
147600,-0.022425845552719946
151200,-0.007319926219888497
154800,0.002066722394933771
158400,-0.002748328144664837
162000,0.0032732800539344853
165600,0.0014830782241739855
169200,-0.005424511625775263
