time,vpos
147600,-1.5821113201912914e-06
151200,-5.170098111430702e-06
154800,-4.206834660466164e-05
158400,-5.638078828054189e-05
162000,-4.375791002579254e-05
165600,-5.6108972826412904e-05
169200,-6.208509385567132e-05
