time,vpos
151200,1.3411689838258213e-06
154800,1.501202008833968e-06
158400,1.016808524609595e-06
162000,1.4210291904742933e-07
165600,3.514014408312234e-07
169200,1.1524485970044634e-06
172800,1.5139181350642638e-06
