time,vpos
151200,-0.045016981528361213
154800,-0.009275623236749688
158400,0.009613838706408912
162000,0.0022984747356153278
165600,0.006993237307740509
169200,0.0036824092497084885
172800,0.005213350997210632
