time,vpos
154800,-0.04809060251378724
158400,-0.012285920411688519
162000,0.010162530826715394
165600,0.008112940497585699
169200,0.00833793450176809
172800,0.004037078545338191
176400,0.010817869119291015
