time,vpos
154800,-0.00020298179542514537
158400,-6.663756197814724e-05
162000,-0.0003004946317326016
165600,-0.0005605632529679339
169200,-0.0003075181249763533
172800,-8.853818399164565e-05
176400,-1.2470689032398254e-05
