time,vpos
158400,-0.04431510127634311
162000,-0.011274761649179973
165600,0.008678853516040998
169200,0.005114597995784708
172800,0.006997802997588046
176400,0.005851326419321009
180000,0.012344113780936507
