time,vpos
162000,-0.05066090589627582
165600,-0.007847111419738352
169200,0.007456441927268542
172800,0.0007816182166969601
176400,0.016574953954145412
180000,0.006529115434670288
183600,0.0015253585967056952
