time,vpos
162000,0.0005485748126161233
165600,0.0006146097612136749
169200,0.000563256360331673
172800,0.0006559840145475761
176400,0.0008961940630014184
180000,0.0004451970346004843
183600,-3.589403855883545e-05
