time,vpos
165600,-3.874511795207712e-06
169200,-5.110738777685461e-06
172800,2.982593761153373e-06
176400,2.7603362474525303e-06
180000,-1.0711429123593728e-05
183600,-1.4257652047008515e-05
187200,-1.388392663439447e-05
