time,vpos
165600,-0.03880956585659502
169200,-0.00837046582048412
172800,0.0038684237079039977
176400,0.007571197648576029
180000,0.014777090686484157
183600,0.0004286672921916912
187200,0.0007773353083859115
