time,vpos
169200,-0.03499768038187885
172800,-0.00901053560656679
176400,-0.003759024716057923
180000,0.01173636793616231
183600,0.013603539706542232
187200,0.004901513588612377
190800,0.03056334223732603
