time,vpos
169200,-1.4572175153996636e-07
172800,-2.5395824925801495e-07
176400,-9.038813141595533e-08
180000,-7.124951001725704e-08
183600,-3.189275800753722e-07
187200,-4.2234955961475985e-07
190800,-5.307614632574423e-07
