time,vpos
172800,-0.008582402772673504
176400,0.0001341256673742725
180000,-0.0025816738025455106
183600,0.0065643935512957295
187200,0.008783895918391748
190800,-0.0027014787021544012
194400,0.004172039574012232
