time,vpos
176400,0.0042963058098492895
180000,-0.0029954094762919387
183600,-0.005292967670654704
187200,0.008854547767071886
190800,0.0038260748844623194
194400,-0.0016834873719058917
198000,0.006988781600283589
