time,vpos
18000,-12.174550345919883
21600,-12.398295288073179
25200,-12.800451260812192
28800,-13.093937707602315
32400,-13.31105254140186
36000,-13.50302595978624
39600,-13.592959960575476
