time,vpos
18000,13.093013104888799
21600,13.25729433960551
25200,13.515920789803088
28800,6.814458735091917
32400,0.018100611656803225
36000,0.015888423688499853
39600,0.014227088963276416
