time,vpos
180000,0.024059314917934345
183600,-0.0028250037528899648
187200,-0.01716813316774525
190800,0.022464778675790487
194400,0.019378884608045446
198000,0.006657464282881667
201600,0.024113660613029643
