time,vpos
180000,10.029352219460936
183600,10.057924966643743
187200,10.115346376328011
190800,10.173119218701487
194400,10.231143403176432
198000,10.289569180483477
201600,10.318894953187595
