time,vpos
183600,9.488685832603828
187200,9.515862673668948
190800,9.57023467716449
194400,9.624868340909186
198000,9.679807033557484
201600,4.853653701363945
205200,1.7783638189696547e-07
