time,vpos
183600,-22.71809017624976
187200,-22.820448023963078
190800,-22.9704197085414
194400,-23.091709237556252
198000,-23.30634681159664
201600,-45.54259397914947
205200,-67.63787926481174
