time,vpos
187200,-21.29086103427318
190800,-21.351232987423323
194400,-21.472702560377282
198000,-21.665690550417228
201600,-60.898790460319184
205200,-99.99999999999169
208800,-99.99999999999835
