time,vpos
187200,8.782341222606515
190800,8.807467654558852
194400,8.857810701036076
198000,8.908355472288587
201600,-17.73376008830219
205200,-44.966953540729854
208800,-45.53270327583911
