time,vpos
190800,8.02959139626939
194400,8.052486701419054
198000,8.098488304362611
201600,-39.02244999186094
205200,-87.26507096170518
208800,-89.82748270646346
212400,-91.29131807539494
