time,vpos
190800,-24.137738752787648
194400,-24.206665587748233
198000,-24.42422827903753
201600,-62.28643206767121
205200,-99.99999999998317
208800,-99.99999999999507
212400,-100.0
