time,vpos
194400,-29.19479871539121
198000,-29.373613353003886
201600,-64.77621399530817
205200,-99.99999999999629
208800,-99.99999999999598
212400,-99.99999999999957
216000,-100.0
