time,vpos
194400,10.4117438202825
198000,10.4353653051494
201600,-36.29485894070654
205200,-91.5243475842878
208800,-99.99998833572394
212400,-99.99999305514197
216000,-99.99999993598229
