time,vpos
198000,13.481922514678091
201600,-28.935887258995795
205200,-85.67684851633484
208800,-99.99999999963755
212400,-99.99999999874069
216000,-99.99999999910314
219600,-100.0
