time,vpos
198000,-40.519244723679144
201600,-70.25962236183933
205200,-99.99999999997736
208800,-99.99999999996363
212400,-99.99999999998133
216000,-99.99999999999486
219600,-99.99999999999915
