time,vpos
201600,-87.14805235097641
205200,-90.6619240902051
208800,-97.08788180002827
212400,-99.99995983136832
216000,-99.99993110554314
219600,-75.71403860288402
223200,-51.4281668867956
