time,vpos
201600,-99.99999999999997
205200,-99.9999999999988
208800,-99.99999999999807
212400,-99.99999999999841
216000,-99.99999999999733
219600,-99.99999999999817
223200,-100.0
