time,vpos
205200,-99.99999998930063
208800,-99.99999999464184
212400,-99.99999999998823
216000,-99.99999999999667
219600,-75.05541966195615
223200,-39.99681938706238
226800,-29.882799450212417
