time,vpos
205200,-99.9999999999872
208800,-99.99999999999322
212400,-99.99999999998977
216000,-99.99999999998997
219600,-99.99999999999535
223200,-91.3149091729141
226800,-82.62981834583715
