time,vpos
208800,-99.99999999999798
212400,-99.99999999999898
216000,-100.0
219600,-99.99999999998896
223200,-87.87680707044716
226800,-76.17552374239183
230400,-76.59743334386727
