time,vpos
208800,-100.0
212400,-100.0
216000,-99.99999999999983
219600,-76.16205536951148
223200,-39.74252828122681
226800,-27.252560719370994
230400,-27.344175615311677
