time,vpos
212400,-99.99999999998849
216000,-99.99999999999424
219600,-99.99999999997875
223200,-84.55683809677078
226800,-69.49803754803574
230400,-34.941193833851024
234000,1.1234785347987715e-05
