time,vpos
212400,-99.99999975691415
216000,-99.99999987678035
219600,-74.64248028053223
223200,-37.369808575496435
226800,-25.539713060505832
230400,-12.81224182631634
234000,0.0002858818040209312
