time,vpos
21600,28.32022977100151
25200,28.509212928809436
28800,14.33516293697448
32400,0.010315088531989699
36000,0.010544095321485147
39600,-0.010978355645038428
43200,0.005455487799340894
