time,vpos
21600,-4.995719693021651
25200,-5.06613392931003
28800,-6.352890393511829
32400,-7.627766518367758
36000,-7.7378428952212195
39600,-7.840055550368999
43200,-7.890725725605825
