time,vpos
216000,-99.99999999999993
219600,-72.5657277690098
223200,-34.44809484403236
226800,-23.844961193517122
230400,-11.96306174668529
234000,-0.0005242049417985816
237600,-0.00011315350221522647
