time,vpos
216000,-99.99999999999926
219600,-99.99999999999547
223200,-80.48751244669113
226800,-61.31417187876049
230400,-30.826658158105108
234000,1.997771641203376e-05
237600,3.740751261687435e-05
