time,vpos
219600,-49.623925024585624
223200,-49.976689549066165
226800,-50.60578105136805
230400,-25.439614580451085
234000,0.0007005310038704974
237600,-0.00052820083766462
241200,0.0004214046041417963
