time,vpos
219600,-40.328719335287545
223200,-40.46605275694702
226800,-33.854298557788944
230400,-13.552701092022017
234000,-0.00019006171817932834
237600,-0.00013913732073267003
241200,-8.939827775762723e-05
