time,vpos
223200,-7.292414937086581
226800,-7.342554935736116
230400,-3.6920178896366673
234000,0.001901140455742327
237600,-0.005866124366054869
241200,-0.007409881949200133
244800,-0.007944389367123552
