time,vpos
223200,-32.70595014213649
226800,-32.81621775595486
230400,-16.46324300621636
234000,5.830448099305936e-06
237600,4.190715043878396e-06
241200,-4.12700591177292e-06
244800,-4.331886237057621e-06
