time,vpos
226800,0.00603999194967919
230400,-0.0013482067166373528
234000,-0.002961711757332647
237600,-0.0004658444034939021
241200,-0.00014754459387250965
244800,-0.0026476539716366455
248400,-0.008744889430804679
