time,vpos
226800,-12.57358345912568
230400,-6.2863085203003655
234000,0.0003936593206241768
237600,0.0001454263164387003
241200,-0.0007127834196985472
244800,-0.0007905038380734319
248400,0.0003145116798295086
