time,vpos
230400,-3.919956770901981e-05
234000,5.1251477611375357e-05
237600,2.9331722088594228e-05
241200,-1.9751467476390925e-05
244800,0.0001160406991218053
248400,8.569575516710689e-05
252000,-1.7153744107596588e-05
