time,vpos
230400,-0.017480448309072225
234000,-0.005103015302227381
237600,0.0037673712064529956
241200,0.003840594908342441
244800,0.0032128973734633047
248400,0.007402256408980896
252000,0.015799583179431535
