time,vpos
234000,-0.01873504706905633
237600,0.0005398050537457565
241200,0.007824699567772627
244800,-0.000282815905062954
248400,0.003751493144540927
252000,-0.00027835409834142514
255600,-0.004460068254888021
