time,vpos
234000,0.0006958467105928844
237600,0.0006570074659205135
241200,0.00017874553896672342
244800,0.00029712347622790297
248400,0.0006200817887232091
252000,-7.996478804643417e-06
255600,-0.0004012324392852032
