time,vpos
237600,-0.004634113395796537
241200,-0.011075706347592147
244800,-0.006502696398319455
248400,-0.001998372818122157
252000,-0.003183169345867933
255600,-0.005971988339395457
259200,-0.014086290126048211
