time,vpos
237600,1.1890405495083295e-05
241200,8.466717522445087e-06
244800,9.732974385388148e-06
248400,1.0159626483981534e-05
252000,1.0749221980141056e-05
255600,6.7543047233154894e-06
259200,-2.093500766657482e-06
