time,vpos
241200,0.00040419542251123215
244800,1.0658597381177923e-05
248400,-0.0002060105353783942
252000,0.00013292012534518244
255600,3.098520288582064e-05
259200,-0.00023301268792663568
