time,vpos
241200,-0.00011284917046101812
244800,0.00019822325210815608
248400,0.0003303212017167625
252000,0.00020350621377768848
255600,0.00027927649724056953
259200,0.00030288729568195684
