time,vpos
25200,77.17821875008738
28800,34.80446965255801
32400,-7.627821441519542
36000,-7.737863789907258
39600,-7.840002044823737
43200,-6.845028673860906
46800,-5.799417399821128
