time,vpos
25200,25.622699447022075
28800,12.81641240690378
32400,0.005192411750493552
36000,0.009423037857580937
39600,0.01084063847618624
43200,0.004079121770786018
46800,0.005063585588859268
