time,vpos
28800,0.029791693737963015
32400,0.01678351838919638
36000,0.024702575397881277
39600,0.038856788810121966
43200,0.038536875429318704
46800,0.0318494094878926
50400,0.018708837982058923
