time,vpos
32400,0.005420407235415972
36000,0.0032454159842072953
39600,-0.0012349933561469815
43200,0.0027666550242830246
46800,-0.003152456333006498
50400,-0.004549025474558182
54000,0.006280583210755264
