time,vpos
32400,-0.0003318852304137727
36000,-0.00023412708488624597
39600,-0.0002310725871484431
43200,-0.00018394822936388373
46800,-0.00014220931377809714
50400,-0.00016758431207158486
54000,-9.287022037657589e-05
