time,vpos
0,0.004820935196172714
3600,0.005900923220356091
7200,0.015317132193524556
10800,0.015629467893334126
14400,-0.0018426038463337925
18000,-0.0068232554355124
21600,-0.002355720534198604
