time,vpos
3600,0.006504745345892616
7200,0.003867187016685713
10800,0.01116316848523215
14400,-0.00020146377847214637
18000,-0.014420544568488918
21600,-0.014096242431884504
25200,-0.020851031566720957
