time,vpos
36000,-0.02208195503669005
39600,0.0025123947015949707
43200,0.019477211795409254
46800,0.0016592776153772336
50400,-0.010375060335711984
54000,0.00751767711572399
57600,0.027256350982687902
