time,vpos
39600,-2.1697010262199828e-05
43200,0.00010570368735133575
46800,0.0003063078249815015
50400,0.0004037566361510359
54000,0.0004025432615633119
57600,-9.984819249679358e-05
61200,-0.0005767809008162708
