time,vpos
39600,-0.00394693357375752
43200,0.004204548891394546
46800,0.01835702481249483
50400,0.01476360776184049
54000,0.016363179500051613
57600,0.013825905812899733
61200,9.46498809341746e-05
