time,vpos
43200,0.008454338400846464
46800,0.00821670178583226
50400,0.004509421636458372
54000,0.004852508999682271
57600,0.005791723314899601
61200,0.0002521202267089374
64800,-0.0024139662791154703
