time,vpos
43200,0.00011397357485850397
46800,1.6833543442618562e-05
50400,-2.908261901445887e-06
54000,3.9039311220096965e-05
57600,-8.281934413005004e-05
61200,-2.4556990556551416e-05
64800,0.00012011336541681612
