time,vpos
46800,-0.0008952142385217662
50400,0.011731047086035448
54000,0.014254888690370969
57600,0.00038618228483810893
61200,0.004604575281674953
64800,0.002295571610953216
68400,-0.007998111741916534
