time,vpos
50400,0.013851191848791291
54000,0.010181240185307167
57600,0.0009217242281844384
61200,-0.00879238923495366
64800,0.013058779978902705
68400,0.025793333437177723
72000,0.012552168512096881
