time,vpos
50400,0.00022652434602927173
54000,0.00013644369292102832
57600,0.00017325600775008329
61200,0.00014898594187399213
64800,-2.592777315487359e-05
68400,-2.7803819809116065e-05
72000,-5.929185247882359e-06
