time,vpos
54000,3.961550832771131e-05
57600,0.00019696741619270155
61200,0.00029732137234363555
64800,0.00016275061888271854
68400,0.0002091574495909223
72000,0.0003094920270875625
75600,0.00028584697212913823
