time,vpos
54000,0.006181623139454308
57600,0.006838540667029072
61200,-0.005214829524500185
64800,0.0036253326851505207
68400,0.015286613005443352
72000,0.0012785886399614048
75600,-0.002840266117058645
