time,vpos
57600,0.013763962720176942
61200,-0.0010304328341659242
64800,0.001985642160211347
68400,0.015953491391729212
72000,0.007141620166427611
75600,0.0020429397145227527
79200,0.001913509170717225
