time,vpos
61200,0.011875265234097286
64800,-0.0038103751348279543
68400,0.006764124300421317
72000,0.017902819222878535
75600,0.003466467847928967
79200,0.0046811686031252246
82800,0.005210775851553754
