time,vpos
64800,0.00010481925280381563
68400,6.15132627400056e-05
72000,8.90071270747656e-05
75600,0.00015511771263818322
79200,0.00013781186185951745
82800,0.00013896904356017437
86400,0.0001527428072043447
