time,vpos
64800,0.008590746723528397
68400,-0.004590443019061559
72000,0.01101238349600714
75600,0.01780488102728778
79200,0.0002879148887651086
82800,0.0071540461195613555
86400,0.00954562476250226
