time,vpos
68400,0.007307248272404301
72000,-0.005348804333669055
75600,0.010399715052252168
79200,0.016294521380984268
82800,0.0001680190861060542
86400,0.007271925705214835
90000,0.007992568955939347
