time,vpos
7200,12.387646251704899
10800,12.43276029857542
14400,12.531879960310096
18000,12.671877110624285
21600,12.888111463694035
25200,13.108376548067696
28800,13.19839881482164
