time,vpos
7200,8.375880957378316
10800,8.429213164450978
14400,8.475917399477028
18000,8.523104258989491
21600,8.665935822656445
25200,8.815336583271998
28800,8.875720611779677
