time,vpos
72000,0.0012690224214407866
75600,0.0006794128159256764
79200,0.0001298292362330148
82800,3.64817253944967e-05
86400,-0.0001462158910405597
90000,-0.00017932614392322468
93600,-0.00016311231703179985
