time,vpos
72000,0.007354996562007328
75600,-0.0043196948596099256
79200,0.008098278597855287
82800,0.015563868654655465
86400,-5.421730694749052e-05
90000,0.005099217905476567
93600,0.009243664257221293
