time,vpos
75600,0.0003757340150265659
79200,0.00015763699644787233
82800,-6.055949183279502e-05
86400,7.744780287837056e-05
90000,0.00014882613004593397
93600,-0.00010262638843646786
97200,-0.00028735046967329377
