time,vpos
75600,0.005580495753236938
79200,-0.005236080053201589
82800,0.00881313404296015
86400,0.013434930272942187
90000,-0.00031229165506953407
93600,0.0065497785427922174
97200,0.006915076996047464
