time,vpos
79200,0.004081605547092792
82800,-0.004738720623757029
86400,0.005975640501420081
90000,0.010901860339390416
93600,-0.0008843650739119884
97200,0.004671593894764121
100800,0.007405310818686038
