time,vpos
82800,0.0019833422710808764
86400,-0.005497239251720963
90000,0.005387255140934538
93600,0.008875762279284298
97200,-0.0011168446131939013
100800,0.00508600092101646
104400,0.006404884570597441
