time,vpos
82800,-2.9588214615009956e-05
86400,0.00010663469845532638
90000,0.00012759758306157877
93600,8.473427096258643e-05
97200,0.00010424176952479044
100800,3.627855909197979e-05
104400,2.1204566462056714e-05
