time,vpos
86400,0.0002493082674885172
90000,-0.005550774848022349
93600,0.004049737684316121
97200,0.006656690972899168
100800,-0.001132966321219023
104400,0.004633509091201255
108000,0.005395999438473435
