time,vpos
90000,0.00013509690487943388
93600,-0.0046771945860007045
97200,0.0031440926104913825
100800,0.006070345826071334
104400,-0.0010949923227581285
108000,0.0035499183607884256
111600,0.005652841721372168
