time,vpos
93600,5.946140885988771
97200,5.9689964294052915
100800,6.018263587301906
104400,6.06534785147064
108000,6.108131869870061
111600,6.180728856477599
115200,6.231214474374356
