time,vpos
93600,22.16576518943362
97200,22.22014639623053
100800,22.320784196008415
104400,22.457998824098382
108000,22.60595043624796
111600,22.797396339884685
115200,22.931848666480832
