time,vpos
97200,5.438805495248046
100800,5.462249994898471
104400,5.5050342858295185
108000,5.544097182856324
111600,5.610037930072914
115200,2.828177890097514
118800,0.0001002086517078283
