time,vpos
97200,22.00833898814064
100800,22.070913567354978
104400,22.205466408385227
108000,22.3336495545783
111600,22.519698532504144
115200,11.324207334051595
118800,-0.0011279579496433043
