time,vpos
100800,7.953350044984645
104400,7.980594636512714
108000,8.036939045942434
111600,8.132439853868021
115200,-20.209267876712673
118800,-49.2163354830521
122400,-49.81529436878688
