time,vpos
100800,20.609989751717205
104400,20.686461646945297
108000,20.799378665225063
111600,20.966151851809293
115200,7.850862946481161
118800,-5.413556600116339
122400,-5.432359177853156
