time,vpos
104400,9.457886943303095
108000,9.497715545848227
111600,9.616196689892313
115200,-29.45305947470392
118800,-69.44091286652665
122400,-71.09867428533325
126000,-71.91649101841232
