time,vpos
104400,18.945979611463894
108000,18.998742733535366
111600,19.171031077572316
115200,-4.829950204214652
118800,-29.16510287621772
122400,-29.650653931023065
126000,-29.921558817577775
