time,vpos
10800,8.986782779796174
14400,9.009110888417519
18000,9.091519442218916
21600,9.208264751062128
25200,9.351812365405014
28800,4.721847613948393
32400,0.0050001118120455625
