time,vpos
10800,12.267004460964136
14400,12.319726383584035
18000,12.457314512888
21600,12.669953988812003
25200,12.886604098155807
28800,6.487738615168595
32400,-3.707922487792387e-06
