time,vpos
108000,15.669762707804619
111600,15.760295390009778
115200,-7.713093915744721
118800,-31.53790255242783
122400,-32.06635799397394
126000,-32.50422369937206
129600,-32.67452061194753
