time,vpos
108000,10.479322758226694
111600,10.56547011725705
115200,-28.973822383309745
118800,-69.4434602430841
122400,-71.09947383033706
126000,-65.80322036284494
129600,-59.69515130827705
