time,vpos
111600,-7.393461859807326
115200,-19.61905862881989
118800,-32.12498995631364
122400,-32.66332687447584
126000,-33.101283517783905
129600,-33.36838941928112
133200,-33.455541037151264
