time,vpos
111600,14.110429140431885
115200,-27.244311203094952
118800,-69.44380418841179
122400,-71.09970476280476
126000,-65.80305167283124
129600,-50.960761856733725
133200,-42.2262730632127
