time,vpos
115200,-67.208137490274
118800,-68.03030758992301
122400,-69.65737090954988
126000,-65.07876510744671
129600,-51.29497261678364
133200,-43.0365374175737
136800,-43.17839568694578
