time,vpos
115200,-39.380307906994766
118800,-39.75591727743506
122400,-40.442863220501245
126000,-40.19956673773809
129600,-37.70470567767922
133200,-34.167231989698955
136800,-32.5699863063885
