time,vpos
118800,-56.37949443952189
122400,-56.856976118979816
126000,-48.489695740306274
129600,-37.70470567831127
133200,-34.16723199028432
136800,-26.484508314866815
140400,-20.399030323612752
