time,vpos
118800,-61.400364946499195
122400,-62.10910723149914
126000,-61.25656081292345
129600,-51.295058038725294
133200,-43.03653800582593
136800,-33.31289763753638
140400,-23.447563231523645
