time,vpos
122400,-61.33600598723243
126000,-61.654188132870715
129600,-48.86842397575917
133200,-34.167231989696845
136800,-26.484508314946865
140400,-15.36650565936678
144000,-10.33398099522417
