time,vpos
122400,-55.388909784555416
126000,-55.815193160582396
129600,-49.56850390784362
133200,-43.036539745658345
136800,-33.31255376868283
140400,-18.297089213499014
144000,-13.146619101871185
