time,vpos
126000,-43.59806587575114
129600,-43.24679260492551
133200,-43.03653692832923
136800,-33.31255867804385
140400,-18.297093468457277
144000,-6.573317725271682
147600,-1.1347157927675989e-05
