time,vpos
126000,-59.41820009191372
129600,-59.593987082357124
133200,-46.16988018959411
136800,-26.484508314952233
140400,-15.366505659373034
144000,-5.167713064056427
147600,-0.0014451328835755894
