time,vpos
129600,-35.849080416056275
133200,-35.96695087883827
136800,-29.766191750016134
140400,-18.29709283131026
144000,-6.5733129084529525
147600,7.585111707255342e-06
151200,1.748292079688385e-05
