time,vpos
129600,-48.82508420458899
133200,-48.97359090897324
136800,-34.760563968430695
140400,-15.36650565936492
144000,-5.17171273450244
147600,-0.03711049167586817
151200,-0.06477650957279445
