time,vpos
133200,-30.203390421767306
136800,-26.825476398950244
140400,-18.29709298561859
144000,-6.573128719737394
147600,0.00025022328399272625
151200,-0.0005790092984228209
154800,-0.0012923095356207406
