time,vpos
133200,-34.884679498661875
136800,-34.987932658537574
140400,-22.712583406823754
144000,-5.165557229067578
147600,0.002247644867863033
151200,-0.0027996234660581623
154800,-0.007227999568761544
