time,vpos
136800,-11.801290995687966
140400,-11.834936012368086
144000,-5.934407510691288
147600,0.0005806279253745689
151200,0.0007584648116800172
154800,5.121130685326373e-05
158400,-1.9258824535349575e-05
