time,vpos
136800,-21.751805380410083
140400,-21.823683542324186
144000,-10.946944017733157
147600,0.0066482633938404895
151200,-0.0030220873931131854
154800,-0.001865610542376449
158400,0.013935811717180458
