time,vpos
140400,-7.772120981096481
144000,-3.8861613231355037
147600,-0.00016180878009732202
151200,-0.0002666929382469788
154800,-0.00023545119060379088
158400,-6.488996727919753e-05
162000,-7.031104417594533e-05
