time,vpos
140400,-0.004027357138593776
144000,-0.011789003704273493
147600,-0.004963457657635589
151200,-0.001527742691458388
154800,0.0032821585174404393
158400,0.006082653660067973
162000,-0.007078230052343738
