time,vpos
14400,15.352846194811438
18000,15.458039548313717
21600,15.721783876368184
25200,15.99079581494519
28800,8.05057747120747
32400,-6.892177102407812e-05
36000,-3.600698697630378e-05
