time,vpos
14400,9.506954689014174
18000,9.559394260077728
21600,9.702095196045324
25200,9.869266120419226
28800,4.968573237030511
32400,-0.01339085861148856
36000,-0.01775251139491213
