time,vpos
144000,-0.011036877276554157
147600,-0.011986999464301387
151200,-0.0017144428207655393
154800,-0.0009978908788852282
158400,0.0021366386693710618
162000,0.005981921364856091
165600,-0.003813452377317939
