time,vpos
147600,-0.01975296616033087
151200,-0.01335385042991859
154800,0.003187732442568286
158400,-0.0009548621782381128
162000,0.002423943041496789
165600,0.007395852632859968
169200,-0.005296104758392749
