time,vpos
147600,-0.00018913999164975543
151200,-0.0001342089254888296
154800,-0.0001139832065044876
158400,-5.9524573086250094e-05
162000,-4.637826148427761e-05
165600,-4.6315979454453855e-05
169200,2.9763971568218814e-05
