time,vpos
151200,-0.03790574725925681
154800,-0.009835980224130356
158400,0.008402076185121184
162000,-0.0025096746257631296
165600,0.006461727702361582
169200,0.006485283534647641
172800,-0.003542603146200414
