time,vpos
154800,0.00042656857688103475
158400,0.0007089278090367153
162000,0.00033387963385802334
165600,0.0005075247284294596
169200,0.001235012798691271
172800,0.0013226988172335265
176400,0.0015139492674197791
