time,vpos
154800,-0.04577520559111859
158400,-0.0113202881750775
162000,0.00609820485602511
165600,-0.0011574997454744432
169200,0.010590225565872345
172800,0.006310390782820036
176400,6.355047185986444e-05
