time,vpos
158400,-0.047715230218976126
162000,-0.01233264491526943
165600,0.004857943148903307
169200,0.0023170426890248
172800,0.013176926364462788
176400,0.0058159237812840745
180000,0.0032461343023228216
