time,vpos
162000,-0.04744039273795707
165600,-0.012413221167631244
169200,0.006166916677391042
172800,0.005933708909989034
176400,0.013362632479054328
180000,0.0050339621171632595
183600,0.005490194144108432
