time,vpos
162000,0.0006086049646283811
165600,0.00012835793427471776
169200,-0.00013402798771791418
172800,0.0003101490479517281
176400,-2.0014378566263463e-05
180000,-0.0009020749954961622
183600,-0.0012276562585994584
