time,vpos
165600,-0.049860106668991835
169200,-0.010986187619202134
172800,0.009299190490214698
176400,0.0076477790009431635
180000,0.013638896029080153
183600,0.005352808331110737
187200,0.008012733056105665
