time,vpos
169200,-0.050974060514177376
172800,-0.006257962658982841
176400,0.008907127790844835
180000,0.005180202668311784
183600,0.01708133648405875
187200,0.0046412976932931
190800,0.006124207369614292
