time,vpos
169200,-9.168012362094169e-05
172800,-0.00022620018241068714
176400,-0.0001909997778824835
180000,-7.128775398964177e-06
183600,7.4828254193420604e-06
187200,4.963101303715233e-06
190800,1.9823155353523638e-06
