time,vpos
172800,-0.03472513967294733
176400,0.0017457280759293871
180000,0.0070780598134518695
183600,0.0030512203025773094
187200,0.016623671719000463
190800,0.002146679519540715
194400,0.0012089324041374909
