time,vpos
172800,6.996303826178075e-05
176400,-0.00026993001506666275
180000,-1.61829561578409e-05
183600,0.0005025597619068269
187200,-9.579432954674968e-06
190800,-0.00036655677238403843
194400,-0.00028629231112449764
