time,vpos
176400,-0.014644087781669007
180000,0.003796440272207577
183600,0.0014267796858189884
187200,0.006297438943762801
190800,0.012442795467462032
194400,-0.0009243927671044101
198000,0.005243910372838904
