time,vpos
18000,9.635243164252662
21600,9.741626163150377
25200,9.91019750527085
28800,4.984831871034781
32400,0.007113182556847881
36000,0.0009667816226219955
39600,-0.015014908292494668
