time,vpos
18000,17.46737030883113
21600,17.645373818114617
25200,17.94719764585925
28800,9.03550525380519
32400,8.245479750021422e-06
36000,6.7246907142124386e-06
39600,-1.0498288087073247e-05
