time,vpos
180000,4.063485166313432
183600,4.075457880710207
187200,4.0990059948126465
190800,4.121686275638011
194400,4.144998203120695
198000,4.169251456563804
201600,4.181297663643929
