time,vpos
180000,9.074084819199436e-05
183600,0.0007796216518945165
187200,0.006134115037018502
190800,0.002702860373789395
194400,-0.0015800260163748947
198000,0.0013736502081219447
201600,0.0005133455781325028
