time,vpos
183600,4.183680499556863
187200,4.1956310350234585
190800,4.2195959989287575
194400,4.243772734272647
198000,4.267995659917469
201600,2.140029414449451
205200,2.5502417965721523e-06
