time,vpos
183600,0.0010396963886817828
187200,-0.004189914852906177
190800,0.0034231053810934676
194400,0.005655614991608807
198000,-0.0036197336541727043
201600,-0.000431783352173644
205200,0.0014213937305346614
