time,vpos
187200,-4.2162350030780695
190800,-4.230317193634294
194400,-4.24785906681149
198000,-4.266489452403517
201600,-31.765099250110794
205200,-60.09720305607811
208800,-60.9458677673092
