time,vpos
187200,4.276452389904398
190800,4.288551793481736
194400,4.312847685976481
198000,4.337333883651359
201600,-18.019292568667165
205200,-40.86939132080123
208800,-41.35057391185931
