time,vpos
190800,-2.316773117614121
194400,-2.322435739163537
198000,-2.333906550931469
201600,-44.33428390608001
205200,-87.55156195245772
208800,-90.14427779607647
212400,-91.51428475824751
