time,vpos
190800,4.349233527930503
194400,4.36161959979685
198000,4.386569040270136
201600,-30.42477763646343
205200,-66.02704535803154
208800,-67.6600021750811
212400,-68.51460131590305
