time,vpos
194400,7.204972129512356
198000,7.224342946439174
201600,-35.226856755309726
205200,-78.62687868903531
208800,-80.5706091912019
212400,-82.62810372771186
216000,-83.67131917710509
