time,vpos
194400,0.014960416549476399
198000,0.015009638844839109
201600,-49.9924705694294
205200,-99.99999999999893
208800,-99.99999999965956
212400,-99.99999999965998
216000,-99.99999999999972
