time,vpos
198000,-0.05450152327272802
201600,-50.027250761636324
205200,-99.99999999999298
208800,-99.9999999999861
212400,-99.99999999999297
216000,-99.9999999999998
219600,-99.99999999999983
