time,vpos
198000,12.954567881179901
201600,-35.993718934622784
205200,-85.95464275478344
208800,-88.08007700908489
212400,-90.33052870775484
216000,-92.65945918750577
219600,-93.85073521853025
