time,vpos
201600,-84.70232361697572
205200,-85.71201778479116
208800,-87.83108918651898
212400,-90.07393213469743
216000,-92.39565635371069
219600,-63.83004621698405
223200,-34.076177575510194
