time,vpos
201600,-99.99999999999396
205200,-99.99999999998896
208800,-99.99999999999189
212400,-99.99999999999942
216000,-99.99999999999612
219600,-72.83181523339546
223200,-45.66363046679772
