time,vpos
205200,-100.0
208800,-100.0
212400,-99.99999999997995
216000,-99.99999999997402
219600,-71.74370350415522
223200,-36.034081414474564
226800,-28.580755820626813
