time,vpos
205200,-91.47457601494118
208800,-92.64510041936873
212400,-95.01131197234469
216000,-97.46037981966131
219600,-66.39492700991678
223200,-29.5515304850529
226800,-25.026967468701784
