time,vpos
208800,-99.99999999999928
212400,-99.99999999999963
216000,-100.0
219600,-71.96542117320365
223200,-35.056230214325154
226800,-21.98373395204925
230400,-17.7858498218555
