time,vpos
208800,-99.99999997999969
212400,-99.99999997950408
216000,-99.99999997949247
219600,-68.53187688536372
223200,-31.232423985201873
226800,-24.46922270521196
230400,-23.537351230771165
