time,vpos
212400,-99.99999999999473
216000,-99.99999999994603
219600,-71.75476417187346
223200,-35.05575615582976
226800,-25.07750140451424
230400,-11.776134019830126
234000,0.0007508015583135775
