time,vpos
212400,-100.0
216000,-99.9999999994764
219600,-72.00227988941916
223200,-34.949920924053956
226800,-20.86886313349814
230400,-7.921220438053245
234000,3.322667374865149e-06
