time,vpos
21600,6.735404648651541
25200,6.779178099697194
28800,3.409762908901496
32400,0.007346342017675695
36000,-0.0032777651199777753
39600,-0.0016825032367888523
43200,0.021308940741584636
