time,vpos
21600,15.437087485850912
25200,15.544473145042275
28800,7.826026751009482
32400,0.00027085013876177366
36000,0.00021923858593241998
39600,0.00011180629000318163
43200,0.00013213790033652834
