time,vpos
216000,-99.99999999999973
219600,-80.10245652662462
223200,-42.156404740430744
226800,-19.31601090771138
230400,-7.262105555476393
234000,-8.572173682941878e-05
237600,-8.572033164570942e-05
