time,vpos
216000,-100.0
219600,-88.94123530348122
223200,-52.06345180925433
226800,-24.910365478463042
230400,-11.78813735638796
234000,-3.23708476563159e-05
237600,-8.797429925642454e-05
