time,vpos
219600,-49.34492663389155
223200,-49.486393775460655
226800,-31.56367094041672
230400,-6.74831343161183
234000,-0.000894123408506399
237600,0.0023820075072636814
241200,0.009406362411575496
