time,vpos
219600,-68.04479449577966
223200,-68.23841635361573
226800,-45.94121962250128
230400,-11.725919700361805
234000,-0.0006239424075516731
237600,0.00010742060775683741
241200,2.4358857722254102e-05
