time,vpos
223200,-43.13834501716006
226800,-43.271928943723395
230400,-21.70324498874615
234000,-0.0002573900664099089
237600,0.0008089599193062851
241200,4.701803137522019e-05
244800,-0.0010615567031089595
