time,vpos
223200,-29.592426687271306
226800,-29.68444565835251
230400,-14.88775180811385
234000,0.006845442236691956
237600,-0.001007582596830375
241200,-0.0016672637844279232
244800,0.011410508892178988
