time,vpos
226800,-10.360277260386411
230400,-5.1801398083664
234000,-2.833980254774505e-07
237600,1.5130410582918052e-06
241200,1.1397387469062897e-06
244800,-1.1302477082554385e-06
248400,-3.303441133306038e-06
