time,vpos
226800,0.005915170639527356
230400,0.00036314306497214834
234000,-0.0026534478694627654
237600,0.0004172908813321189
241200,0.001543668510920268
244800,0.0014444917527574547
248400,0.0007542394756810821
