time,vpos
230400,-4.071077589443598e-05
234000,6.961248473647096e-05
237600,0.00013797666542171696
241200,6.799255205831765e-05
244800,2.9929157266580222e-05
248400,2.595336946964332e-05
252000,3.201594304670546e-05
