time,vpos
230400,-0.006439039331004626
234000,-0.007513419151957619
237600,-0.0030395388848001824
241200,-0.0024134990986774503
244800,0.002793258781870237
248400,0.004042007570453918
252000,-0.004838221823497786
