time,vpos
234000,-0.011878391121597108
237600,-0.011958464547801148
241200,-0.0014988918426335918
244800,-0.0012872749071016622
248400,0.002200718386860022
252000,0.0060817967233649335
255600,-0.003853147429931506
