time,vpos
234000,3.965894513292871e-05
237600,-6.820265933928164e-08
241200,-1.75697172350765e-05
244800,6.752301410170032e-06
248400,2.288268437332581e-05
252000,2.998175904786716e-05
255600,2.3046836187968486e-05
