time,vpos
237600,-0.01914666175348691
241200,-0.013351459281613345
244800,0.003415752239374937
248400,-0.0008532386639899302
252000,0.001982885520876489
255600,0.007757389370054268
259200,-0.004545230918113954
