time,vpos
237600,1.742904005109761e-06
241200,1.1187891905882476e-06
244800,5.592148139859005e-07
248400,7.499145166757603e-07
252000,5.732079041161788e-07
255600,3.312340784860212e-07
259200,3.921261301861386e-07
