time,vpos
241200,0.00011884590729456897
244800,0.0001478750281091553
248400,4.02891685373136e-05
252000,1.0689717592191003e-05
255600,9.100227134324123e-05
259200,6.429929565298605e-05
