time,vpos
241200,0.006492512953049524
244800,8.309443858474678e-05
248400,-0.00012416762643137238
252000,-0.005944499585847644
255600,-0.012327718161280202
259200,-0.006688448327847834
