time,vpos
25200,17.54666093512462
28800,8.775429855718428
32400,0.00965190682104278
36000,0.005606389101106692
39600,0.00857843270917083
43200,0.013380082651889185
46800,0.00571104075780017
