time,vpos
28800,0.02110129987540196
32400,0.013921524834434656
36000,0.009519805963110394
39600,0.005222202882884216
43200,-0.0014063322387354378
46800,-0.0015753751373851887
50400,-0.002191542164284505
