time,vpos
32400,0.007320892647201311
36000,0.008647078566428079
39600,0.006711265413033093
43200,0.003626963022943655
46800,0.0012704832385451628
50400,-0.0007088929559588629
54000,-0.0001540926835320801
