time,vpos
32400,0.0002453058557138704
36000,-8.05416052237077e-06
39600,-0.00019970981930378146
43200,0.00020552681377407917
46800,0.00042443168514779187
50400,0.00014821712669437452
54000,-3.370027509725424e-06
