time,vpos
3600,-9.752764400759728e-07
7200,-1.4166864604168994e-07
10800,6.919391479925929e-07
