time,vpos
3600,-1.823050149510737e-06
7200,-5.105261709482643e-05
10800,-0.00010028218404014212
