time,vpos
36000,1.1355695942167788e-05
39600,8.043254091605426e-06
43200,4.730812241043064e-06
