time,vpos
36000,0.020997767412505794
39600,0.01447333831971785
43200,0.007948909226929906
