time,vpos
39600,7.495560077362467e-05
43200,-0.00021839028639688128
46800,-0.0005117361735673873
