time,vpos
39600,-0.004142405532773564
43200,-0.0016917089851471072
46800,0.0007589875624793496
