time,vpos
43200,0.03397515095496691
46800,0.02220937669683422
50400,0.010443602438701537
