time,vpos
43200,-0.0009167190926681395
46800,-0.0004625371721652315
50400,-8.35525166232363e-06
