time,vpos
46800,-7.091033184637017e-08
50400,2.625643063174746e-06
54000,5.322196458195862e-06
