time,vpos
46800,-3.6363934416807145e-07
50400,-1.7430736157838383e-07
54000,1.502462101130378e-08
