time,vpos
50400,0.0005060477315892643
54000,0.0004779995996839118
57600,0.00044995146777855914
