time,vpos
50400,-0.00015207246001364833
54000,0.0016844567307919625
57600,0.0035209859215975733
