time,vpos
54000,1.3743783852313007e-06
57600,1.8040857815461442e-06
61200,2.2337931778609876e-06
