time,vpos
54000,-7.569641142180167e-05
57600,-5.2764878577261356e-05
61200,-2.983334573272104e-05
