time,vpos
57600,-0.0006606906770568031
61200,-0.0006394714786849391
64800,-0.000618252280313075
