time,vpos
57600,-0.0003115273835350811
61200,-0.009993050117632084
64800,-0.019674572851729088
