time,vpos
61200,5.221374298636922e-07
64800,1.9222838285341479e-07
68400,-1.3768066415686259e-07
