time,vpos
61200,6.36609646238032e-05
64800,-7.807130358271819e-05
68400,-0.00021980357178923957
