time,vpos
64800,0.0003864323931745267
68400,0.019549004921477806
72000,0.038711577449781084
