time,vpos
64800,-1.0995414192843217e-06
68400,4.240111859766204e-07
72000,1.9475637912375625e-06
