time,vpos
68400,0.00035454177434163974
72000,0.0003501394715370165
75600,0.0003457371687323932
