time,vpos
68400,-1.0306363609768887e-07
72000,-1.4204633694866846e-07
75600,-1.8102903779964805e-07
