time,vpos
7200,-0.013480877192686416
10800,0.0010375380210818797
14400,0.015555953234850175
