time,vpos
7200,0.00023425037114853901
10800,3.7384083762699786e-05
14400,-0.00015948220362313944
