time,vpos
72000,0.0002361458977235924
75600,-0.0004271992799686852
79200,-0.0010905444576609629
