time,vpos
72000,0.008505125928209291
75600,0.0006128920064770512
79200,-0.007279341915255189
