time,vpos
75600,-3.034370931603858e-08
79200,-1.811392765383585e-08
82800,-5.884145991633116e-09
