time,vpos
75600,-0.00035740449576150067
79200,-0.00027113207098051464
82800,-0.00018485964619952867
