time,vpos
79200,-0.00411671827277426
82800,0.000413112524388394
86400,0.004942943321551048
