time,vpos
79200,-0.00044265299912830394
82800,-0.00029279879871585575
86400,-0.00014294459830340751
