time,vpos
82800,0.00026059864018632015
86400,-0.0004609078849355006
90000,-0.0011824144100573213
