time,vpos
82800,-4.794545255606963e-07
86400,-5.498288670928789e-07
90000,-6.202032086250614e-07
