time,vpos
86400,-3.669653389055082e-05
90000,-7.638942863131873e-05
93600,-0.00011608232337208664
