time,vpos
86400,5.737897247810998e-05
90000,-0.0003137646967515889
93600,-0.0006849083659812877
