time,vpos
90000,-0.0017676124489167128
93600,-0.0012106128815337095
97200,-0.0006536133141507063
