time,vpos
90000,5.473051363308416e-05
93600,-0.00029208066026798813
97200,-0.0006388918341690604
