time,vpos
93600,0.00011352062991669195
97200,-0.0001899865068968568
100800,-0.0004934936437104055
