time,vpos
93600,1.1721166693484664e-07
97200,-7.931934132947294e-08
100800,-2.758503495937925e-07
