time,vpos
97200,0.00012581351944574532
100800,-0.00022108909635846913
104400,-0.0005679917121626835
