time,vpos
97200,0.033000246474827355
100800,0.013908576311875347
104400,-0.00518309385107666
