time,vpos
100800,9.703403464816148e-05
104400,-0.00011420152167859868
108000,-0.0003254370780053588
