time,vpos
100800,-1.789847337702044e-06
104400,-1.9624880477631113e-06
108000,-2.1351287578241784e-06
