time,vpos
104400,3.635117747378376e-07
108000,-1.2235978973958244e-07
111600,-6.082313542170025e-07
