time,vpos
104400,-0.00014535743789716865
108000,-0.0005341965510493036
111600,-0.0009230356642014388
