time,vpos
10800,0.0006676829604033963
14400,0.001259090998227848
18000,0.0018504990360522998
