time,vpos
10800,-3.9361444113348064e-05
14400,-2.8703343730223324e-05
18000,-1.8045243347098583e-05
