time,vpos
108000,28.322555816039767
111600,28.55387316574266
115200,28.785190515445557
