time,vpos
108000,39.77576384527902
111600,40.077095422330046
115200,40.37842699938107
