time,vpos
111600,27.597075172386166
115200,13.798535984523614
118800,-3.203338938030653e-06
