time,vpos
111600,31.712889097775793
115200,15.856444408985945
118800,-2.7980390013798417e-07
