time,vpos
115200,-47.53029772460344
118800,-48.1435973108755
122400,-48.75689689714755
