time,vpos
115200,-36.226613186767786
118800,-36.64897466998551
122400,-37.071336153203234
