time,vpos
118800,-81.22601624174514
122400,-82.29021406502723
126000,-83.35441188830931
