time,vpos
118800,-66.71294550319422
122400,-67.426785442747
126000,-68.14062538229977
