time,vpos
122400,-76.06299128032605
126000,-57.770271939566044
129600,-39.47755259880604
