time,vpos
122400,-65.44346606505547
126000,-60.92007619547621
129600,-56.39668632589696
