time,vpos
126000,-39.89063280768301
129600,-40.012962239572644
133200,-40.135291671462284
