time,vpos
126000,-38.706040114950156
129600,-34.73583685825101
133200,-30.765633601551862
