time,vpos
129600,-28.42014982950244
133200,-28.52488284486479
136800,-28.62961586022714
