time,vpos
129600,-39.65931847355625
133200,-39.78820435269752
136800,-39.917090231838785
