time,vpos
133200,-34.12966113654489
136800,-23.59609813848763
140400,-13.062535140430368
