time,vpos
133200,-29.788640667398337
136800,-29.885567390760503
140400,-29.98249411412267
