time,vpos
136800,-18.62771695657595
140400,-18.681008523610487
144000,-18.73430009064503
