time,vpos
136800,-6.798490343420514
140400,-4.31574258842568
144000,-1.832994833430845
