time,vpos
140400,-0.032498866061814354
144000,-0.020722445047160597
147600,-0.008946024032506841
