time,vpos
140400,-5.531903943169908e-08
144000,-5.1822500994223517e-08
147600,-4.8325962556747953e-08
