time,vpos
14400,-0.0008451449695752184
18000,-0.0007178198746018901
21600,-0.0005904947796285618
