time,vpos
14400,-1.0830623659204008e-08
18000,1.7050950002649905e-07
21600,3.518496237122021e-07
