time,vpos
144000,-0.0002898653895475105
147600,1.5673320449390436e-05
151200,0.0003212120304462914
