time,vpos
144000,1.0849901954106838e-06
147600,8.422300977402538e-07
151200,5.994700000698238e-07
