time,vpos
147600,0.0006235648170039153
151200,0.00017284316372010632
154800,-0.0002778784895637027
