time,vpos
147600,-0.0016628673931414232
151200,-0.0005882764190476004
154800,0.00048631455504622237
