time,vpos
151200,-0.00013640191864953922
154800,3.8564153801848975e-05
158400,0.00021353022625323717
