time,vpos
151200,-4.449706434914158e-07
154800,6.449221164484681e-06
158400,1.3343412972460778e-05
