time,vpos
154800,-1.184009522678755e-05
158400,8.970185373184919e-07
162000,1.3634132301424534e-05
