time,vpos
154800,-1.1687159841289319e-05
158400,-9.525415960165429e-06
162000,-7.363672079041539e-06
