time,vpos
158400,-2.953884746395921e-08
162000,1.5745932174093943e-07
165600,3.4445749094583807e-07
