time,vpos
158400,-0.0007314548244077338
162000,-0.0004489418792312451
165600,-0.00016642893405475638
