time,vpos
162000,0.005363885407017461
165600,0.0036914881270470883
169200,0.0020190908470767155
