time,vpos
162000,-6.929279655622472e-05
165600,-5.567459540924068e-05
169200,-4.2056394262256637e-05
