time,vpos
165600,-0.00019360365055391682
169200,-0.0001582909020819527
172800,-0.0001229781536099886
