time,vpos
165600,-0.0007716754099965258
169200,-0.0005909257201538402
172800,-0.00041017603031115457
