time,vpos
169200,0.00019058846595025117
172800,5.5703230662122925e-05
176400,-7.918200462600534e-05
