time,vpos
169200,-2.357478838879712e-08
172800,-1.11933995114498e-07
176400,-2.002932018401989e-07
