time,vpos
172800,5.422357458872984e-07
176400,1.1671854316386288e-07
180000,-3.0879865955957264e-07
