time,vpos
172800,0.00011551345424396604
176400,0.00015695940163214705
180000,0.0001984053490203281
