time,vpos
176400,5.9722084802538156e-05
180000,2.984702179723367e-05
183600,-2.8041208070817003e-08
