time,vpos
176400,7.726219107486654e-07
180000,-8.243644728707017e-06
183600,-1.7259911368162702e-05
