time,vpos
18000,-2.1501888021815962e-07
21600,-3.8828334562347744e-07
25200,-5.615478110287953e-07
