time,vpos
18000,-7.560768403448281e-06
21600,-5.86087168454757e-06
25200,-4.160974965646859e-06
