time,vpos
180000,-0.014919947431348262
183600,-0.010331079456852297
187200,-0.005742211482356332
