time,vpos
180000,-0.0003797531963042136
183600,-0.00012161280873320649
187200,0.00013652757883780064
