time,vpos
183600,1.2656969988061872e-05
187200,5.736322225211032e-06
190800,-1.1843255376398076e-06
