time,vpos
183600,2.314900022701588e-05
187200,6.920408653142125e-05
190800,0.00011525917283582664
