time,vpos
187200,0.0002998869921708422
190800,-6.307350314600306e-05
194400,-0.0004260339984628483
