time,vpos
187200,3.980730251332276e-06
190800,4.021495784989337e-06
194400,4.0622613186463985e-06
