time,vpos
190800,0.0003109194021446682
194400,-0.0004637434490946009
198000,-0.00123840630033387
