time,vpos
190800,0.012511500250774518
194400,0.021027253734262313
198000,0.029543007217750113
