time,vpos
194400,4.855913987739324
198000,4.87124604576714
201600,4.886578103794954
