time,vpos
194400,7.434831493963351
198000,7.456048060029214
201600,7.477264626095074
