time,vpos
198000,7.5072249693919
201600,3.7536124471427077
205200,-7.510648529295656e-08
