time,vpos
198000,9.34025918269154
201600,4.670129475915273
205200,-2.3086099264907345e-07
