time,vpos
201600,-57.57096218664021
205200,-58.391665470648
208800,-59.212368754655785
