time,vpos
201600,-41.23784702063881
205200,-41.74882568139693
208800,-42.25980434215504
