time,vpos
205200,-97.99665105435675
208800,-98.99832552717838
212400,-100.0
