time,vpos
205200,-96.01980837685574
208800,-97.43062321120149
212400,-98.84143804554726
