time,vpos
208800,-99.9999999898453
212400,-99.99999998721016
216000,-99.999999984575
