time,vpos
208800,-99.99999999996525
212400,-99.99999999996503
216000,-99.9999999999648
