time,vpos
212400,-99.99999999986474
216000,-99.99999999993237
219600,-100.0
