time,vpos
212400,-99.99999999315801
216000,-99.99999999147839
219600,-99.9999999897988
