time,vpos
21600,52.17623096707313
25200,52.491701096864006
28800,52.807171226654894
