time,vpos
21600,33.97285276191502
25200,34.24392444704449
28800,34.51499613217396
