time,vpos
216000,-99.99999833035157
219600,-93.51870363638598
223200,-87.03740894242038
