time,vpos
219600,-70.1095567745257
223200,-70.30948795865659
226800,-70.5094191427875
