time,vpos
219600,-94.08979343106007
223200,-94.35863301789328
226800,-94.6274726047265
