time,vpos
223200,-51.09161726319744
226800,-51.2370807942736
230400,-51.382544325349755
