time,vpos
223200,-41.03025791099281
226800,-41.147184415949255
230400,-41.26411092090571
