time,vpos
226800,-5.8072638809712025
230400,-2.903631963698636
234000,-4.642606837162999e-08
