time,vpos
226800,-9.41217307264867
230400,-4.706086565426613
234000,-5.8204554674243236e-08
