time,vpos
230400,-0.0006875309218481148
234000,-0.0005028452103596951
237600,-0.0003181594988712754
