time,vpos
230400,-0.0005333094689101339
234000,-0.0016801070448383662
237600,-0.0028269046207665986
