time,vpos
234000,-7.86567159955572e-05
237600,-4.579372301073513e-06
241200,6.949797139341017e-05
