time,vpos
234000,2.637354912851795e-05
237600,1.0574837936681466e-05
241200,-5.2238732551550165e-06
