time,vpos
237600,-0.0006297664773951975
241200,4.318467089070853e-05
244800,0.0007161358191766146
