time,vpos
237600,-0.027072885943670716
241200,-0.01784493267615343
244800,-0.008616979408636143
