time,vpos
241200,-1.5085262981481828e-06
244800,-9.875118742262018e-07
248400,-4.6649745030422074e-07
