time,vpos
241200,0.0007305378840762511
244800,7.278381811972413e-05
248400,-0.0005849702478368028
