time,vpos
244800,-0.022098194932807305
248400,-0.013496985529788631
252000,-0.004895776126769957
