time,vpos
244800,0.00018086963454125185
248400,5.988972579482686e-06
252000,-0.00016889168938228648
