time,vpos
248400,-6.685838553795176e-08
252000,-7.108306725894277e-08
255600,-7.530774897993378e-08
