time,vpos
248400,0.0007799465924945223
252000,0.0005925905075876771
255600,0.00040523442268083204
