time,vpos
25200,26.815187604127576
28800,13.407593673051457
32400,-2.5802466274704727e-07
