time,vpos
25200,28.367487093895534
28800,14.183669537081867
32400,-0.00014801973179968952
