time,vpos
252000,-3.0014385273009596e-05
255600,2.793438601162488e-06
259200,3.560126247533457e-05
