time,vpos
252000,-4.9629562178660214e-08
255600,6.332301414994912e-08
259200,1.7627559047855845e-07
