time,vpos
255600,-0.0008451339301013966
259200,-0.0008451339301013966
