time,vpos
255600,-4.997600845493605e-08
259200,-4.997600845493605e-08
