time,vpos
28800,-0.00560593278215258
32400,-0.002100950423137931
36000,0.0014040319358767182
