time,vpos
28800,-5.319144751395055e-08
32400,-4.4524250529965476e-08
36000,-3.58570535459804e-08
