time,vpos
32400,-0.0016956728091974344
36000,-0.0034643475659962807
39600,-0.005233022322795127
