time,vpos
32400,-0.000969531453194983
36000,-0.00024584087742177363
39600,0.00047784969835143573
