time,vpos
0,0.040953822196015434
3600,0.029549876769938695
7200,0.026186707234443055
10800,0.004623603651259734
14400,-0.01432695475099462
18000,-0.015056735500492007
21600,-0.02643983732149946
