time,vpos
3600,0.008773875225598587
7200,0.00044981872337593906
10800,0.007112085905051896
14400,0.011136497624345286
18000,-0.0025078614995667665
21600,-0.0028232161810689245
25200,-0.00045612370326424687
