time,vpos
36000,-7.428299891847796e-05
39600,-0.000521175005859563
43200,-0.0006153090134807559
46800,9.096720436699449e-06
50400,0.00020809921602798513
54000,-0.00010618727052235711
57600,-0.00034782851806642185
