time,vpos
36000,1.9691097681909755
39600,1.9860382104090153
43200,1.990182371205465
46800,2.0017370494937006
50400,2.0230657136690025
54000,2.0263456064909304
57600,2.032635794847381
