time,vpos
39600,0.0001713301155824862
43200,0.00012903058016281973
46800,-0.00013224273536891916
50400,-9.323827010626368e-05
54000,7.641569629150317e-05
57600,6.157919712893506e-05
61200,0.00013506697694332798
