time,vpos
39600,2.1269291696748365
43200,2.1309838683961533
46800,2.13545985671088
50400,2.1731494335343333
54000,2.1951565655258176
57600,1.0912712997533796
61200,0.002647189219499998
