time,vpos
43200,0.40350931201736046
46800,0.39927529997792277
50400,0.41041120782331614
54000,0.4338606927654625
57600,0.2182876070138528
61200,-0.005318977342215958
64800,-0.005272910889359602
