time,vpos
46800,0.0004834011940040646
50400,-0.00017229864280097042
54000,-0.00028858224679364727
57600,-0.00021469568134764068
61200,-0.0004673788957037126
64800,-0.00042968629151487266
68400,-0.0006048401403363124
