time,vpos
46800,0.011730841991000314
50400,0.006633660194987342
54000,-0.0027277938787453973
57600,-0.005046333981115436
61200,0.013398241483178417
64800,0.03094351182217652
68400,0.0319899388722305
