time,vpos
50400,0.01459129164697614
54000,0.00851950207306386
57600,-0.003745697035277616
61200,-0.00804467528636067
64800,0.014888289733970224
68400,0.018207766453544057
72000,0.0004887094361331326
