time,vpos
54000,0.004971159961705431
57600,8.142656318797152e-05
61200,-0.010135005079367475
64800,0.001705230352645813
68400,0.003319186088652376
72000,-0.0037434255901122714
75600,0.004746940671167794
