time,vpos
57600,0.00022034653176782173
61200,0.0001093966659545332
64800,-9.596805998293841e-06
68400,-2.159994268575357e-06
72000,6.75437556238903e-05
75600,0.00012512089293300038
79200,0.0001284746982189018
