time,vpos
57600,-0.0024307588458800347
61200,-0.012924697161530071
64800,0.0007615301308212742
68400,0.006831712002205596
72000,0.0002649635543452671
75600,0.003536473126148234
79200,-0.004735252590805529
