time,vpos
61200,0.00020872553071755426
64800,0.00017881240655061003
68400,-9.742469174009462e-06
72000,0.00022333694306131646
75600,0.000581690186555824
79200,0.0005004544790985633
82800,0.0004525866919397964
