time,vpos
61200,-0.007934179599608645
64800,-0.0014375271891628335
68400,-0.003441989470083265
72000,0.005487635635131508
75600,0.005469483874818922
79200,-0.0022999232747414403
82800,0.007379561132591801
