time,vpos
64800,-0.005527085907268187
68400,-0.004507873873203734
72000,-0.0033356295658269197
75600,0.0070320414954503285
79200,-8.644712320837332e-05
82800,-0.0011715412696733211
86400,0.01507649199048532
