time,vpos
64800,-9.483714200221984e-06
68400,0.00011657924271718203
72000,7.078905761143186e-05
75600,9.282601058452652e-05
79200,0.00015377102118242965
82800,5.87914475368334e-05
86400,9.675695828958287e-05
