time,vpos
68400,-0.0053290104303718114
72000,-0.008115540620519737
75600,-0.012029686321470869
79200,0.01575272196690267
82800,0.007577785709342359
86400,0.004569513393741964
90000,0.03864620113487863
