time,vpos
7200,0.0032775315755947184
10800,0.002852652424276749
14400,0.005483825121055437
18000,0.002101623823611754
21600,0.0010785589219719958
25200,0.003302802446039684
28800,0.00011185772620678843
