time,vpos
7200,0.3393703038363306
10800,0.3405466093398462
14400,0.34297358545456796
18000,0.34770002330223326
21600,0.355922667617907
25200,0.36406146878988105
28800,0.3674533928826404
