time,vpos
72000,0.0003412207298129021
75600,9.031132429005284e-05
79200,-0.00011254746487065322
82800,0.0002664217124860531
86400,0.0003917363057393347
90000,-0.0001344128673702649
93600,-0.000454958072738583
