time,vpos
72000,-0.0005825474720262679
75600,-0.0011367102688581157
79200,-0.0008063059031400035
82800,-0.0005889619192839262
86400,-8.052477975638707e-05
90000,-0.00011277310112195926
93600,-0.0013206817407089534
