time,vpos
75600,0.005417323726284205
79200,0.0025596945864629107
82800,4.633121889704402e-05
86400,-0.0007466463803917881
90000,-0.00013645932338973824
93600,0.0011182213708190766
97200,0.0006254716364815823
