time,vpos
75600,0.003991802099294491
79200,-0.010082847062364375
82800,0.0028510130607602895
86400,0.010027952059938791
90000,0.014836536325786836
93600,0.014690414803175615
97200,-0.010095861270888677
