time,vpos
79200,0.0036360411000236703
82800,-0.0067154986538606925
86400,0.00343916089750296
90000,0.018164057803658016
93600,8.319184955309002e-05
97200,0.0009541871579239888
100800,0.014124746021306856
