time,vpos
82800,0.004566565874414221
86400,-0.004964650493350677
90000,0.0017056647494122358
93600,0.016489361207522306
97200,0.0024491865397209805
100800,-0.0028803477748607365
104400,0.004412457425941129
