time,vpos
82800,4.679944001270272e-05
86400,-1.7995224101550166e-05
90000,-6.077839430158579e-05
93600,5.45476941345783e-05
97200,3.190559099733621e-05
100800,-5.880317836514568e-05
104400,-3.355525006843864e-05
