time,vpos
86400,-0.002130120264038531
90000,-0.0035321258754130586
93600,0.003280550485339239
97200,0.006473451364376914
100800,-0.0072537953805018865
104400,-0.007341633233881956
108000,0.0012759945645276268
