time,vpos
90000,-0.010212998426765903
93600,-0.0062939531480191565
97200,0.003011530716725915
100800,-0.00019023133983738178
104400,-0.00430440592559146
108000,-0.002121970721077505
111600,-0.004413561573371092
