time,vpos
90000,7.353697423554721e-05
93600,3.7782783423707687e-05
97200,-8.776878552151309e-06
100800,-1.4221467099651918e-05
104400,1.1143271611873453e-06
108000,2.3860537266780007e-06
111600,-6.3171313521517445e-06
