time,vpos
93600,-13.514004928943551
97200,-13.590923904896746
100800,-13.793071142410346
104400,-14.034390881818059
108000,-14.320310126001266
111600,-14.694877351072828
115200,-14.899616809808492
