time,vpos
97200,-5.059921703893066
100800,-5.076719811721843
104400,-5.112107517644051
108000,-5.15636001992285
111600,-5.232388356220781
115200,-8.582439636209287
118800,-11.88212548408523
