time,vpos
97200,-34.65029108446588
100800,-34.91120287583804
104400,-35.48974310857148
108000,-36.19311203825616
111600,-37.13914570819231
115200,-38.405640335811995
118800,-39.11184178181894
