time,vpos
100800,-5.695304039653629
104400,-5.716001183551957
108000,-5.765455774032145
111600,-5.850466383598338
115200,-45.20222080273391
118800,-85.75433336640694
122400,-87.01094467392872
