time,vpos
100800,-31.15169913211982
104400,-31.402964485032037
108000,-31.999720137225474
111600,-32.842624874550474
115200,-56.275446712999134
118800,-80.68788717455125
122400,-82.1649202356985
