time,vpos
104400,-4.170420771434269
108000,-4.172143213680315
111600,-4.232294457244515
115200,-52.14536162754329
118800,-99.99999998965272
122400,-99.99999948835561
126000,-99.99999899392968
