time,vpos
104400,-18.284377701148756
108000,-18.487605927724342
111600,-18.969916164758576
115200,-57.51769023255413
118800,-97.55396494763767
122400,-99.66077380269212
126000,-99.99999999999997
