time,vpos
10800,0.006189187711654097
14400,0.003441140493129221
18000,0.0019219689797518543
21600,0.002370890553770563
25200,0.002753213618274502
28800,0.001836429486575768
32400,-0.0002426318407557055
