time,vpos
10800,0.2618902422287039
14400,0.2631159882587574
18000,0.2669704689304614
21600,0.27313488998279756
25200,0.2793023360696638
28800,0.1408371377936639
32400,-0.0002598201585163765
