time,vpos
108000,10.565544263886876
111600,10.731241144179888
115200,-42.6893147910071
118800,-98.0595093729572
122400,-99.92172556971359
126000,-99.9999999999999
129600,-99.9999999999999
