time,vpos
108000,6.748395240272609
111600,6.813934706001287
115200,-46.56007107509493
118800,-99.99978493479765
122400,-99.99976802080639
126000,-87.60028925224009
129600,-75.20099601054281
