time,vpos
111600,75.66495192271792
115200,-10.305217376231735
118800,-98.05950552258611
122400,-99.92181218499543
126000,-100.0
129600,-62.98320999404701
133200,-25.966419988094003
