time,vpos
111600,41.04476524947657
115200,-29.477617323616517
118800,-99.99999982452698
122400,-99.99999987617217
126000,-87.26382203098959
129600,-63.27582767710922
133200,-52.024011292239194
