time,vpos
115200,-80.82633694059938
118800,-82.3060419828046
122400,-85.2602457099888
126000,-87.9254179082334
129600,-67.59933404203426
133200,-46.36207007551392
136800,-46.64156348845835
