time,vpos
115200,-90.14884402593685
118800,-91.4892014609777
122400,-94.09795325281299
126000,-84.6166616301047
129600,-62.44979766940998
133200,-51.17804651371787
136800,-51.32347333921773
