time,vpos
118800,-70.1993477877061
122400,-71.15861500825997
126000,-72.751646429062
129600,-62.20795296955561
133200,-51.17803897625877
136800,-47.098630425965545
140400,-42.871678209214615
