time,vpos
118800,-68.87077485379557
122400,-70.03628753202717
126000,-72.20472753468235
129600,-59.654442373773556
133200,-46.36217607838908
136800,-27.2559409538172
140400,-7.8887596392974295
