time,vpos
122400,-51.07935767909015
126000,-51.79955663566953
129600,-49.305691997657
133200,-46.362121649247804
136800,-27.26068726736117
140400,-3.954987919312157
144000,-0.021216199332500515
