time,vpos
122400,-48.44457817198739
126000,-48.871284209992936
129600,-49.491757105850475
133200,-49.827811304178
136800,-46.42089137066983
140400,-35.65937408078743
144000,-28.44706406488874
