time,vpos
126000,-37.906155975013434
129600,-38.056135028056595
133200,-38.31490840520518
136800,-38.532822248067845
140400,-33.54449922781891
144000,-14.223049129953273
147600,0.0009584289062068926
