time,vpos
126000,-36.67687660421322
129600,-36.939145966439646
133200,-37.42970688258587
136800,-22.773379037902178
140400,-3.947351005957591
144000,-0.0022526668074034605
147600,0.0014370390016864168
