time,vpos
129600,-28.847261872908664
133200,-28.929645766572754
136800,-29.094934801199546
140400,-28.812450416078494
144000,-14.223535882737487
147600,-2.282021797578267e-06
151200,6.311436631200511e-06
