time,vpos
129600,-9.571583768572935
133200,-9.591097327427537
136800,-8.749685262788617
140400,-3.9501635102546904
144000,-0.01945014104240885
147600,0.006753117521085062
151200,0.04083913591270026
