time,vpos
133200,-23.96826159990661
136800,-24.03665019165065
140400,-24.17389074168249
144000,-12.121368707935309
147600,9.512251471556518e-06
151200,8.63435875701725e-06
154800,3.5283142489640033e-06
