time,vpos
133200,-19.83240409951846
136800,-13.860581869403324
140400,-3.9420907906249303
144000,-0.007312367602297981
147600,0.012610052259285125
151200,0.011432166959242807
154800,-0.0215585638430119
