time,vpos
136800,-0.002677090973983185
140400,-0.0019347820218781244
144000,-0.004414172967185607
147600,-0.0093480129792633
151200,0.000282376303743392
154800,0.0045329110586232605
158400,-0.0025590835841687127
