time,vpos
140400,-0.004859106412356292
144000,-0.005375338803184336
147600,-0.007800175576458656
151200,0.0015281662816228083
154800,0.003178869856416619
158400,-0.0005857949455215263
162000,0.005235782918274257
