time,vpos
14400,3.8846044781866262
18000,3.9210736995065334
21600,4.010454312705169
25200,4.101740996462564
28800,2.0702725333275183
32400,4.852784548378005e-07
36000,-0.0004278077568963499
