time,vpos
14400,-0.030773907193549402
18000,-0.00815109072928097
21600,0.03143700086309578
25200,0.02231734236104048
28800,-0.006231244027183626
32400,-0.008426328260168387
36000,-0.008157759735092664
