time,vpos
144000,1.440702658252705e-06
147600,6.776494245968044e-07
151200,-3.500038929065339e-07
154800,-8.021145581616774e-08
158400,3.7563607099465473e-07
162000,1.6754781456279595e-07
165600,3.800455225791856e-08
