time,vpos
144000,-0.001682022050993285
147600,-0.002221220444456743
151200,7.395126235766313e-05
154800,0.0003060982734323593
158400,-0.0013532358911627976
162000,0.0008666493398051258
165600,0.002143645646165038
