time,vpos
147600,5.96395674648962e-05
151200,-2.259056569031489e-05
154800,-1.856105178776662e-05
158400,-8.115908927847087e-06
162000,-5.893625209774229e-05
165600,-1.8737877872986117e-05
169200,-3.5336646761745683e-06
