time,vpos
147600,-0.017477592929511943
151200,-0.003274930533284326
154800,-0.0012921424286658398
158400,-0.006016091808125522
162000,0.0117582363830163
165600,0.006883861049116811
169200,-0.008268917563775048
