time,vpos
151200,-0.03280094306724046
154800,-0.00876038564996299
158400,0.006249203932913092
162000,0.0037867173088097874
165600,0.003051692111434488
169200,0.0006748530090534249
172800,0.005601520314345746
