time,vpos
151200,0.0003716689369206755
154800,0.00016578742285239026
158400,3.112684141009886e-05
162000,0.00017429250886454983
165600,0.00017085591732370135
169200,3.5974407200751564e-05
172800,-2.3525776552892644e-05
