time,vpos
154800,0.0009637282473494847
158400,0.00024567662247435115
162000,-9.832592116919742e-05
165600,-2.6398495457843095e-05
169200,4.7488942786799466e-05
172800,0.000329338105955412
176400,0.0002351781753591513
