time,vpos
154800,-0.03945351305277428
158400,-0.012486974917361745
162000,0.005468646713508471
165600,0.007140024092196931
169200,0.004631242973256804
172800,0.0024677567529449076
176400,0.013495345534803915
