time,vpos
158400,-0.0324406780989724
162000,-0.00956307479800442
165600,0.005848687250848436
169200,0.0020124266365290203
172800,0.001543831271838116
176400,0.00480084586445358
180000,0.012156036459555656
