time,vpos
162000,-0.04252370294237314
165600,-0.00854203276067152
169200,0.002718045916702105
172800,-0.0011442060173391135
176400,0.0149271330888462
180000,0.006549024642803019
183600,0.0009589166608613034
