time,vpos
165600,-0.03330466615027303
169200,-0.0067742401410775714
172800,0.0021218308268659853
176400,0.007057070766222878
180000,0.015136310167362992
183600,0.0011593612330661417
187200,0.001672767878237966
