time,vpos
165600,-0.0001984273037079494
169200,-0.00010526638852655188
172800,-4.3256689923757854e-05
176400,-0.00011546877754006825
180000,0.00015714478952785971
183600,8.561705981865478e-05
187200,-0.000299585107996185
