time,vpos
169200,-0.05201702761054518
172800,-0.011580764165507292
176400,0.010062125684694407
180000,0.0072228304750037164
183600,0.013031781514845806
187200,0.0053232500055622545
190800,0.00775984584158211
