time,vpos
169200,0.0004262898054448671
172800,0.00014992849221299724
176400,0.00014772301623919203
180000,0.00034696417851369873
183600,0.0005352842246087115
187200,0.0003562772600757578
190800,-8.596442553576668e-05
