time,vpos
172800,0.007784850673737747
176400,0.0017011433363156169
180000,-0.0008993196742179297
183600,0.014111878443109788
187200,0.009283227202890501
190800,-0.0008973624205694935
194400,0.005278652986628932
