time,vpos
172800,1.3936718255258445e-07
176400,2.8544656454445053e-09
180000,1.8894075725935761e-07
183600,1.7588258213042783e-07
187200,-2.7180925325709344e-07
190800,-7.233796512430791e-08
194400,2.3916797474601606e-07
