time,vpos
176400,9.31040248216823e-06
180000,-6.699110351122508e-06
183600,-4.437359004822085e-06
187200,2.9130172751851893e-05
190800,3.515266813870547e-05
194400,2.1655852789462028e-05
198000,1.743280963044783e-05
