time,vpos
176400,0.012222102663916054
180000,-0.0072924029455687924
183600,0.0012978745929525608
187200,0.0193780999701288
190800,0.003468583138920272
194400,0.0031489576920612924
198000,0.008714291305580876
