time,vpos
18000,9.590570152634315
21600,9.719557352247563
25200,9.940318384396605
28800,5.016150741280525
32400,-0.00012165785822136301
36000,-0.0005009062973386453
39600,-0.0005492312495873614
