time,vpos
18000,6.811342586602533
21600,6.873478206493974
25200,7.004537981408235
28800,3.553052099131234
32400,0.02762996585288285
36000,0.018773671220890804
39600,0.014929472567428163
