time,vpos
180000,14.514051500154409
183600,14.555575421366015
187200,14.638734267357242
190800,14.722274659848555
194400,14.806386121060427
198000,14.89102122325418
201600,14.933450331947757
