time,vpos
180000,2.2435563892416264
183600,2.254100320218548
187200,2.2746288954138953
190800,2.2835978579531324
194400,2.291011934404231
198000,2.311089971045897
201600,2.3227382495572764
