time,vpos
183600,1.7680045344047948
187200,1.771559374987624
190800,1.7826346820138637
194400,1.7935656484525497
198000,1.8068894173139796
201600,0.908112546634475
205200,-0.0005775929111844283
