time,vpos
183600,14.534547587152472
187200,14.576002825224771
190800,14.659331493249933
194400,14.743050931731863
198000,14.827228636294457
201600,7.434777598654366
205200,-5.13501924978739e-06
