time,vpos
187200,4.5494485004972125
190800,4.5621283643090464
194400,4.587717909993034
198000,4.617078078255096
201600,-28.239147908252015
205200,-61.98698477838611
208800,-62.86214517562318
