time,vpos
187200,14.351552835749635
190800,14.39168455176414
194400,14.473010758642872
198000,14.554394916478424
201600,-25.471445383542918
205200,-66.68297908649006
208800,-67.82848282244453
