time,vpos
190800,4.377987598116879
194400,4.39127551832843
198000,4.419425268874691
201600,-42.73333436196168
205200,-91.18134321329721
208800,-93.9769376598113
212400,-95.49214471616094
