time,vpos
190800,13.49427353034989
194400,13.532784857892906
198000,13.610238943142994
201600,-40.986118186698974
205200,-97.29013783380289
208800,-99.4794089533859
212400,-99.999960313414
