time,vpos
194400,7.1305973350801075
198000,7.152796485052281
201600,-46.41250218248513
205200,-99.99998251820419
208800,-99.99998237147827
212400,-99.99999951867967
216000,-99.99999933081648
