time,vpos
194400,1.007242182295504
198000,1.0101496104377135
201600,-49.49347148070808
205200,-99.99999999991196
208800,-99.99999999990207
212400,-99.9999999999881
216000,-99.99999999999993
