time,vpos
198000,-6.971655538673606
201600,-47.86333760156929
205200,-94.37750983223248
208800,-99.99999999999116
212400,-99.99999999999106
216000,-99.9999999999813
219600,-99.99999999996282
