time,vpos
198000,-12.673461262572449
201600,-49.995009723850366
205200,-93.65827909252282
208800,-99.9999999999217
212400,-99.99999999992455
216000,-99.9999998806157
219600,-99.99999976130837
