time,vpos
201600,-99.99999999999997
205200,-99.99999999999645
208800,-99.99999999999616
212400,-99.99999999998927
216000,-99.99999999997623
219600,-72.32105761642504
223200,-44.6421152328768
