time,vpos
201600,-99.99999927336282
205200,-99.9999812845548
208800,-99.99998136516027
212400,-99.99999922737832
216000,-99.99999893058451
219600,-92.91256581564001
223200,-85.82513279029394
