time,vpos
205200,-99.99999999979441
208800,-99.99999999987459
212400,-99.99999999997739
216000,-99.99999999995796
219600,-71.41577064297103
223200,-35.233429568892376
226800,-27.635317851758636
