time,vpos
205200,-99.99999994634248
208800,-99.99999994796225
212400,-99.99999993128898
216000,-99.99999988307471
219600,-92.50698435656443
223200,-70.47185882911774
226800,-55.92974879826007
