time,vpos
208800,-99.99999999999991
212400,-99.99999999999991
216000,-99.99999999999986
219600,-70.77422558780472
223200,-32.54034781318559
226800,-23.256038291468272
230400,-22.979832132174995
