time,vpos
208800,-99.99999879530307
212400,-99.99999874756169
216000,-99.99999832163577
219600,-92.3869779302642
223200,-69.67402904485314
226800,-54.96416593692148
230400,-55.35423170121382
