time,vpos
212400,-99.9999999999962
216000,-99.99999900870577
219600,-92.17521094357951
223200,-69.01651592574876
226800,-54.06649237751123
230400,-27.22519166236826
234000,-6.551467867010621e-06
