time,vpos
212400,-99.99999999998774
216000,-99.9999999999919
219600,-70.00156273371009
223200,-31.04437724370882
226800,-21.67946261142654
230400,-10.636649781996041
234000,-3.361132523375555e-06
