time,vpos
21600,20.52348929152524
25200,20.714325672038036
28800,10.45282979810804
32400,0.0003792535778281835
36000,-0.0001737267782822871
39600,-0.0005494298953308218
43200,-0.000490442743691603
