time,vpos
21600,19.0213320969343
25200,19.157319697622764
28800,9.647294739965355
32400,-2.8225175828424515e-05
36000,-0.006863457880831989
39600,0.0007215562791503807
43200,0.013831396348831293
