time,vpos
216000,-99.99999999999898
219600,-69.06774377734637
223200,-29.607433982090598
226800,-20.898842704477744
230400,-10.359149508874708
234000,2.8514252813898546e-06
237600,-2.7886807331186356e-07
