time,vpos
216000,-99.99999994594396
219600,-99.99999997297198
223200,-75.39361367045758
226800,-51.150278406036186
230400,-25.756660284008102
234000,-3.0767922172287437e-06
237600,-1.505672543693215e-05
