time,vpos
219600,-80.34727001463405
223200,-73.82893857087703
226800,-67.79454619900191
230400,-34.14174862341951
234000,-0.0025682191333485753
237600,-0.0005204320406664736
241200,-0.0009164017698346512
