time,vpos
219600,-37.44185093306713
223200,-37.54643274650892
226800,-29.172088532046015
230400,-10.340336626014688
234000,0.006824752741675573
237600,0.0008161136911050333
241200,0.00047197401079222476
