time,vpos
223200,-44.17155369188901
226800,-44.4872038295426
230400,-22.401368945132997
234000,9.200759214180158e-05
237600,4.2126780331934536e-05
241200,-4.455741968552614e-06
244800,-2.522679051047835e-05
