time,vpos
223200,-31.593637691623698
226800,-31.71634727503688
230400,-15.940093159625087
234000,0.0007378597974495328
237600,0.012200031154426725
241200,-0.01018965691863083
244800,-0.0021741957511122074
