time,vpos
226800,-48.07327249907841
230400,-24.03656004510925
234000,0.0002483401047265617
237600,0.00011190524634578739
241200,-8.470797059801315e-05
244800,2.9872296463379607e-05
248400,0.00010869967726886432
