time,vpos
226800,-7.28007986025659
230400,-3.6325761237055665
234000,-0.012483160644952293
237600,-0.01181117141584554
241200,0.006850752481520278
244800,0.013713115953116018
248400,0.02999631824686178
