time,vpos
230400,0.0024370451896513407
234000,0.0018063228914652278
237600,0.0015154778370661617
241200,0.0010995478822944525
244800,0.0007549892231386582
248400,7.341646624670078e-05
252000,-0.0010194048300482183
