time,vpos
230400,0.001984486076935473
234000,0.000665706366865844
237600,-0.0015041311760025842
241200,-0.0016647968877179934
244800,0.0014324756165121559
248400,0.0002603990709597803
252000,-0.003318557857739354
