time,vpos
234000,0.0029725089627600674
237600,-0.0035321001885635526
241200,-0.014901690299062327
244800,-0.003349265337103098
248400,0.004636172332979577
252000,0.002536266556742823
255600,0.008868329031557778
