time,vpos
237600,-0.001285309671737584
241200,-0.0031918305998732714
244800,-0.00387421245944359
248400,-0.004331807595221666
252000,0.0026534725499471738
255600,0.0026195679802920595
259200,-0.0060813509388753404
