time,vpos
241200,-0.0002886688467540077
244800,0.00027948691957696374
248400,0.0002517510143308113
252000,0.00024523642444445595
255600,0.0008336674810573824
259200,0.0008327214559795404
