time,vpos
241200,-0.02446373828850349
244800,-0.017539253295897637
248400,0.006357936685167891
252000,0.016090074373985623
255600,-0.0163332259210506
259200,-0.04151595891644488
