time,vpos
25200,32.393981150439224
28800,16.193214668204035
32400,-0.009549080521325796
36000,0.0008223599496217851
39600,0.012965835498394623
43200,0.014168329836311892
46800,0.015596055586578138
