time,vpos
25200,29.61973926143559
28800,14.810993312480655
32400,0.004767578867076534
36000,-0.000579147898957344
39600,0.0003117441333004969
43200,0.004656183107579705
46800,0.00024278794221306352
