time,vpos
28800,-0.004551874332909254
32400,-0.004314059240608263
36000,-0.01294133022079096
39600,-0.01653687945958415
43200,-0.01506552972937972
46800,-0.014195141227278055
50400,-0.009526565621690328
