time,vpos
32400,1.234065147645894
36000,1.2183286335083032
39600,1.2012746321135814
43200,1.220545848864131
46800,1.2574941059397302
50400,1.2376120485466142
54000,1.2013704380855799
