time,vpos
0,0.002848128250658151
3600,0.006008928259878702
7200,0.0033346657098293217
10800,-0.0010940991867867272
14400,0.0003121984758671552
