time,vpos
3600,0.0015182826668030719
7200,0.0023379999968060174
10800,0.002066360326892611
14400,0.0007140298023326059
18000,0.00045305627768895285
