time,vpos
36000,-0.003969294667646034
39600,7.926857209674234e-05
43200,-0.0014992715308036566
46800,-0.00209440530218488
50400,0.0029375642690770715
