time,vpos
39600,0.008026945722618096
43200,0.004656326781419845
46800,0.006896622330017279
50400,-0.01645317787872041
54000,-0.045413892577253784
