time,vpos
43200,0.010209449184429408
46800,0.009004200431221679
50400,0.003911751536627236
54000,-0.000945931015633618
57600,-0.001916413426507758
