time,vpos
46800,0.0007825346708852533
50400,0.0019193351171257523
54000,-8.491084818604624e-05
57600,-0.005130720537251409
61200,-0.007035483814764475
