time,vpos
50400,9.998286346135166e-05
54000,-6.46904977183964e-05
57600,-0.0007785100781388505
61200,-0.00132265029736335
64800,-0.0013176442973471432
