time,vpos
54000,0.016706173186036444
57600,0.014747483374119207
61200,0.0003943602402358315
64800,-0.005407313396511208
68400,0.0011854462887078872
