time,vpos
57600,0.005313231044270475
61200,0.0010620049942793937
64800,-0.008761215139473396
68400,-0.021649540579393462
72000,-0.02896587193555182
