time,vpos
61200,0.003407772149153181
64800,0.004279668482188437
68400,0.005490813050100851
72000,0.0040694634334033294
75600,0.0023088655818286497
