time,vpos
64800,0.003869047010586924
68400,0.005207349534494483
72000,0.005278447734123913
75600,0.002864297296156738
79200,0.0017173511824676926
