time,vpos
68400,0.0038432836559703807
72000,0.005091340553161976
75600,0.004613926338662474
79200,0.0021004047171697135
82800,0.0013123542073680515
