time,vpos
7200,0.009566598833081821
10800,0.001978495948664217
14400,-0.005514687666020694
18000,-0.0016655810456518705
21600,0.00208860630498426
