time,vpos
72000,0.00355995778407712
75600,0.004562040095204491
79200,0.003978285033166362
82800,0.0017318192472251894
86400,0.001071190834449516
