time,vpos
75600,0.003342440329043327
79200,0.00421921472796302
82800,0.0035795573663402296
86400,0.001499604531007251
90000,0.0009360834562167561
