time,vpos
79200,0.0029733135550927626
82800,0.003529619806687774
86400,0.0028354202733071017
90000,0.0011349216902319364
93600,0.0006849288921324543
