time,vpos
82800,0.002711438758713265
86400,0.003109017969427029
90000,0.0023449068336535038
93600,0.0008483643840181574
97200,0.0005135122808701004
