time,vpos
86400,0.0029026903732864992
90000,0.003426043355541858
93600,0.0028204189324688347
97200,0.001034238443270376
100800,0.0003770353594002981
