time,vpos
90000,0.0017567659398316185
93600,0.001514549550701478
97200,0.0005017663127067373
100800,-0.0001751850373370601
104400,-8.156953851625771e-05
