time,vpos
93600,-0.015896427733454004
97200,-0.027206006441964137
100800,-0.021746301911542917
104400,0.00935642669324826
108000,0.023689872059108087
