time,vpos
97200,0.0014620526280362666
100800,0.0014822357145741253
104400,0.0007495739571815216
108000,-3.1129046548344355e-05
111600,-5.8987206347747845e-05
