time,vpos
100800,29.82493551737605
104400,29.91554167922249
108000,30.09293086346996
111600,30.3712460247749
115200,30.56277816367882
