time,vpos
104400,28.22267255868784
108000,28.325663297072413
111600,28.608156418959584
115200,14.399779045411337
118800,0.011899288360484733
