time,vpos
10800,0.0011105827709351765
14400,0.0010507083281774557
18000,0.0014843960100072505
21600,0.0010257691532617663
25200,7.358017192876632e-05
