time,vpos
108000,25.633041356450516
111600,25.787451334324484
115200,8.026576505712796
118800,-9.981245970224602
122400,-10.073783639676337
