time,vpos
111600,1.918442340593252
115200,-13.572253909172993
118800,-29.345346750288094
122400,-29.865706093915378
126000,-30.10366884619381
