time,vpos
115200,-39.65923967101877
118800,-40.031829227531205
122400,-40.73014340279195
126000,-37.70958397671124
129600,-34.36329993188221
