time,vpos
118800,-53.27234168887291
122400,-53.701461470921785
126000,-44.2469405924235
129600,-34.29195685908661
133200,-34.22061378629688
