time,vpos
122400,-56.12394616025351
126000,-56.401656192189684
129600,-45.44999000521045
133200,-30.808774172407492
136800,-27.396934558519952
