time,vpos
126000,-60.110501971920094
129600,-60.30177643165471
133200,-43.94499272500492
136800,-21.04882021900133
140400,-14.70070587938214
