time,vpos
129600,-49.212627397249456
133200,-49.35320755936638
136800,-32.09724680043304
140400,-8.958237467042036
144000,-3.2157690547013056
