time,vpos
133200,-32.986181927179224
136800,-33.08136513002909
140400,-18.19615869378547
144000,-1.6049247075527633
147600,0.00591963958644446
