time,vpos
136800,-19.813076454938024
140400,-19.86438472465052
144000,-9.940511482260424
147600,0.03234814370282244
151200,0.03002625756347642
