time,vpos
140400,0.010168124717567593
144000,-0.002817895382072359
147600,0.011286682490661837
151200,0.011237862104192167
154800,-0.01590155625465165
