time,vpos
14400,18.834552770763242
18000,18.944953414591854
21600,19.226653386242955
25200,19.51754424767239
28800,19.637135781279333
