time,vpos
144000,0.0006832740650156675
147600,0.011946736088652926
151200,0.019256276695649253
154800,0.0012400411665993046
158400,-0.012822272945809711
