time,vpos
147600,0.016899593248603968
151200,0.016999479699959602
154800,0.018479688259386333
158400,-0.005259630983344386
162000,-0.030379272334146203
