time,vpos
151200,-0.010167310026261736
154800,0.012579553695577653
158400,-0.008053045615283291
162000,-0.013010617822975457
165600,0.02541127300203271
