time,vpos
154800,-0.0012922671031164888
158400,-0.0054276835372513415
162000,-0.0015401392012518065
165600,0.005101389047553853
169200,0.003719956526225125
