time,vpos
158400,0.015744449457668296
162000,0.009199365098287187
165600,-0.022179335846712587
169200,-0.012259574046387374
172800,0.022493804339556507
