time,vpos
162000,0.009844079638510818
165600,0.0038264903672229926
169200,-0.01898562349428389
172800,-0.00917957981922203
176400,0.01742098844605889
