time,vpos
165600,-0.008278572393735476
169200,-0.0014264489629169956
172800,0.011852457963555368
176400,0.0007009141293651557
180000,-0.016877413200478936
