time,vpos
169200,-0.005364265417985651
172800,-0.0010806600763103927
176400,0.005142667790728313
180000,-0.0008755072936030852
183600,-0.00883340490329793
