time,vpos
172800,-0.004318292141459221
176400,-0.00521953452271719
180000,-0.006774813213592397
183600,-0.006076196689952234
187200,-0.004723543856694835
