time,vpos
176400,0.000414301175438237
180000,0.00034627730424659795
183600,0.00015549565377723337
187200,2.9871129124192423e-05
190800,2.7004383748876982e-05
