time,vpos
18000,19.996201625246353
21600,20.17698804284393
25200,20.478251202454974
28800,10.298571946491895
32400,-0.0015840514846549546
