time,vpos
180000,0.015782063941372545
183600,0.002470924274473917
187200,-0.01205105230166216
190800,-0.010294323481167166
194400,-0.007326757751434723
