time,vpos
183600,-0.00973367074648442
187200,0.001090526231137888
190800,-0.016781734986761
194400,-0.011515896467726284
198000,0.022446400246829624
