time,vpos
187200,-0.023473467660002155
190800,0.00332259022296855
194400,0.036376907092164255
198000,0.005759147689735701
201600,-0.03111687069891785
