time,vpos
190800,-6.169093524086113
194400,-6.189342278276755
198000,-6.237469979806448
201600,-6.344326973084713
205200,-6.423305019023926
