time,vpos
194400,-8.802195193976486
198000,-8.83931919053207
201600,-46.44974270665042
205200,-85.5550318737311
208800,-87.087021521249
