time,vpos
198000,-14.963954567429422
201600,-57.48197728371084
205200,-99.9999999999947
208800,-99.99999999999243
212400,-99.99999999998774
