time,vpos
201600,-99.99999999998765
205200,-99.9999999999918
208800,-99.99999999999797
212400,-99.99999999999547
216000,-99.99999999999093
