time,vpos
205200,-99.99999999999943
208800,-99.99999999996555
212400,-99.99999999996562
216000,-99.99999999999973
219600,-99.99999999999987
