time,vpos
208800,-99.99999999997019
212400,-99.99999999998275
216000,-99.99999999999329
219600,-87.57511608024728
223200,-75.1502321605033
