time,vpos
212400,-99.99999999999558
216000,-99.99999999999636
219600,-83.7831255982471
223200,-54.88516271143777
226800,-42.20407422637849
