time,vpos
21600,18.425112948787426
25200,18.528506283371854
28800,9.318084387413796
32400,-0.0019596055957543193
36000,-0.008188368062818677
