time,vpos
216000,-99.99999999999847
219600,-82.11682549885
223200,-47.9378350942824
226800,-31.08314895271317
230400,-30.52427871456308
