time,vpos
219600,-52.918321546749006
223200,-53.187280543843364
226800,-39.09867960040289
230400,-12.391351454297931
234000,-0.04158324872782675
