time,vpos
223200,-26.428357270894015
226800,-26.55677076494291
230400,-13.340189755523674
234000,0.009969685950673919
237600,0.015134623956886854
