time,vpos
226800,-5.4755419798562315
230400,-2.7189747105159414
234000,0.035085839261219
237600,0.024049858605940923
241200,0.015520597513791893
