time,vpos
230400,0.0077573502724618765
234000,-0.008142220217223573
237600,-0.01520627074135254
241200,-0.00012947561351102724
244800,0.006111799548774
