time,vpos
234000,-0.0008569142843151172
237600,0.0004925242406328691
241200,0.0003749978970476862
244800,-0.0003349951296438607
248400,0.0004219767121977616
