time,vpos
237600,-0.013916152575731665
241200,0.010596822595620309
244800,0.022975674462736996
248400,0.006039781305051993
252000,0.0012380114516022736
