time,vpos
241200,0.007574464628129756
244800,0.004280000451129581
248400,0.004579676083380857
252000,-0.00045833825089379963
255600,-0.009090492394419909
