time,vpos
244800,-0.008790928383022782
248400,0.018892846097137872
252000,-0.011861510940666696
255600,-0.020906935960950827
259200,0.028485770536730265
