time,vpos
248400,-0.0029310059155289664
252000,-0.00023639185511468378
255600,-0.00022191006490934165
259200,-0.002902042335118282
