time,vpos
25200,10.35787850167705
28800,5.176335169605051
32400,-0.0020505745718247767
36000,-0.0007450599403496176
39600,-0.0025971332039969913
