time,vpos
28800,-0.00415653458525382
32400,-0.0018253688787722708
36000,0.0012553615864958566
39600,0.00018814191755349514
43200,-0.0016286425101754442
