time,vpos
32400,0.002192009203589107
36000,0.00318161555786907
39600,-0.006350948808950333
43200,-0.00016034202070564657
46800,0.01655243548863841
