time,vpos
36000,6.722902308827937e-07
39600,-2.017510195879601e-06
43200,8.602846106382664e-05
46800,0.0001990122041522424
50400,0.00016037999586257707
54000,0.00017973412529288688
57600,0.00025996843441480915
