time,vpos
7200,11.5998197379422
10800,11.636784086790202
14400,11.71753064586
18000,11.8050531966879
21600,12.009444858351486
25200,12.24592640494806
28800,12.321756630487151
