time,vpos
72000,-8.807935977700542e-05
75600,-4.372114411988504e-05
79200,2.3111316443174466e-05
82800,0.00010654026662516774
86400,0.00012928348371979022
90000,4.5842525101118585e-05
93600,6.130546638785964e-07
