time,vpos
79200,-9.785610586555114e-05
82800,-2.7284401032990275e-05
86400,1.138895089868759e-05
90000,-5.846907494834092e-05
93600,2.574422616829603e-05
97200,0.00018063320037932633
100800,0.0002133492005275742
