time,vpos
82800,0.005441307430215461
86400,-0.004186966807810427
90000,0.007961687960929787
93600,0.012262276380994563
97200,-6.01518534875997e-05
100800,0.005505396230335876
104400,0.005917031961940184
