time,vpos
93600,10.173121776247054
97200,10.204340613246343
100800,10.268466898101623
104400,10.334205873745779
108000,10.40854699598048
111600,10.537069189466207
115200,10.6240817885054
