time,vpos
97200,7.975142385057706
100800,7.9973292395726565
104400,8.054331437396028
108000,8.114574082571648
111600,8.210056561025839
115200,4.140443846171163
118800,0.0007759547294976243
