time,vpos
104400,8.07875653165333
108000,8.112291827285103
111600,8.214427588151857
115200,-23.76397356653585
118800,-56.46188929695508
122400,-57.731132605072744
126000,-58.34946180269384
