time,vpos
104400,10.361425669296901
108000,10.408290490319114
111600,10.5398974564823
115200,-22.588286050865598
118800,-56.46115078935634
122400,-57.73588813329699
126000,-58.35068639123576
