time,vpos
108000,10.452913498233338
111600,10.539861135640853
115200,-22.59165683078683
118800,-56.46124497874268
122400,-57.73149893098757
126000,-51.89080761799365
129600,-45.430984896875515
