time,vpos
126000,-40.686200004982375
129600,-40.85348003931112
133200,-35.934672839762136
136800,-25.088150055896495
140400,-13.878322596447285
144000,-4.2236666626941
147600,-0.018402638402219198
