time,vpos
176400,0.0008265262320711515
180000,0.00535783080817412
183600,0.0003164363968475637
187200,0.009924817990375073
190800,0.01189716123218853
194400,-0.0006936500475629508
198000,0.003924276011829142
