time,vpos
205200,-99.99999999997192
208800,-99.99999999997631
212400,-99.99999999998872
216000,-99.9999999999928
219600,-71.91032900954772
223200,-36.19499993490326
226800,-28.569341850699914
