time,vpos
205200,-99.99999999999767
208800,-99.99999999999794
212400,-99.99999999111333
216000,-99.99999999103542
219600,-71.90910435962745
223200,-36.186885939350056
226800,-28.555563159287605
