time,vpos
216000,-99.99999999999983
219600,-80.07348090867569
223200,-40.844311316216974
226800,-16.529251883525436
230400,-5.758420364637839
234000,3.682136489545587e-06
237600,5.1415801741751905e-06
