time,vpos
216000,-99.99999998618155
219600,-80.08108804077996
223200,-40.85292907318399
226800,-16.530514154131048
230400,-5.758670178116712
234000,-7.34138725129796e-06
237600,-2.05838135490226e-05
