time,vpos
219600,-48.16742441203384
223200,-48.308838805816364
226800,-29.300472935617417
230400,-5.075335060321947
234000,-3.663604063386301e-06
237600,-1.834057907523329e-05
241200,-6.8029579909258834e-06
