time,vpos
230400,-0.008187234054373684
234000,-0.004928586672147708
237600,-0.01927903316854614
241200,-0.0048972809374449346
244800,0.008880295205859067
248400,0.004938971094179052
252000,0.019210916948920652
