time,vpos
230400,-8.591605553775865e-05
234000,-6.422831233188295e-05
237600,4.777219024360506e-05
241200,-3.0120386101513828e-05
244800,-0.00018005816732354608
248400,-0.00018752510290779184
252000,-0.00021325959298473655
