time,vpos
234000,-9.354364250075461e-05
237600,-6.778671479973849e-05
241200,-4.890490255444263e-05
244800,0.00018224599389233067
248400,0.0002310858276307999
252000,9.34965811289225e-05
255600,0.00014509351279106943
