time,vpos
237600,-0.011596065067881012
241200,-0.01238969103216958
244800,-0.0018768417596488158
248400,-0.0012602081254756408
252000,0.002482948924274796
255600,0.006423660381971627
259200,-0.004068626812718138
