time,vpos
237600,0.0012843147774391829
241200,0.0007861966548245627
244800,0.00016197366036998668
248400,-0.00043327573821113334
252000,0.00010776816374522284
255600,0.0004435516639814677
259200,-0.0002308532644798079
