time,vpos
25200,12.68154417618956
28800,6.340924580473659
32400,0.00015471037216824616
36000,-9.160150906731106e-05
39600,0.0004794315586310065
43200,0.0007459016217685199
46800,0.00034530112156017393
