time,vpos
25200,12.323608948880706
28800,6.158039820610067
32400,-0.012424729495346397
36000,-0.00915412254895676
39600,0.01754166376137343
43200,0.03161037915462033
46800,0.027149337018700294
