time,vpos
3600,-1.1470719269027826e-06
7200,-5.1753993200914006e-05
10800,-0.00010236091447492523
