time,vpos
36000,-0.006125194753079603
39600,-0.006370112389304729
43200,-0.006615030025529855
