time,vpos
72000,-0.00011567013398979534
75600,-2.874021135913259e-05
79200,5.818971127153015e-05
