time,vpos
10800,0.0004496805938418357
14400,-0.00011117999264532186
18000,-0.0006720405791324794
