time,vpos
115200,-35.45173729801483
118800,-35.86536612030682
122400,-36.27899494259882
