time,vpos
118800,-66.84601929752932
122400,-67.57068271850218
126000,-68.29534613947504
