time,vpos
129600,-33.47354229098285
133200,-33.56933643346556
136800,-33.66513057594827
