time,vpos
144000,2.032886663172473e-06
147600,-7.982433367081931e-07
151200,-3.629373336588859e-06
