time,vpos
147600,0.0011402560836559252
151200,-0.002876686977158543
154800,-0.0068936300379730114
