time,vpos
151200,-6.940770260616125e-07
154800,-7.946791414584903e-07
158400,-8.952812568553681e-07
