time,vpos
18000,-4.844978316739329e-08
21600,-5.212629854983555e-08
25200,-5.580281393227781e-08
