time,vpos
180000,5.117695803598642e-05
183600,2.5643639027472998e-05
187200,1.1032001895957695e-07
