time,vpos
190800,0.0003617082247075147
194400,-0.00033210869927731884
198000,-0.0010259256232621524
