time,vpos
208800,-99.99999999995441
212400,-99.9999999999772
216000,-100.0
