time,vpos
216000,-99.9999999999772
219600,-95.75770721626242
223200,-91.51541443254764
