time,vpos
226800,-4.750920788111824
230400,-2.3754604200950284
234000,-5.207823373931664e-08
