time,vpos
230400,-2.5724902481222964e-06
234000,-1.3496661391351423e-06
237600,-1.2684203014798809e-07
