time,vpos
237600,9.057282240998122e-08
241200,-1.2298922490667181e-05
244800,-2.468841780374434e-05
