time,vpos
237600,-9.925247906572397e-05
241200,3.187349103631652e-05
244800,0.000162999461138357
