time,vpos
255600,-3.5295176169648605e-06
259200,-3.5295176169648605e-06
