time,vpos
0,0.007769032470070604
3600,0.0027229903572713807
7200,-0.0031400984031209915
10800,-0.0023605436361893166
14400,-0.0007639422216644933
