time,vpos
90000,0.0024780359407880156
93600,0.003418671953708455
97200,0.003010725587904205
100800,0.0012355443358266468
104400,0.0008089454624737782
