time,vpos
104400,11.959375502146754
108000,12.007130549799879
111600,12.14338867508886
115200,6.113270345377489
118800,-0.005351061969734107
