time,vpos
118800,-57.08100274353461
122400,-57.70009071147022
126000,-51.87509514057054
129600,-40.86859283895752
133200,-36.3061740761798
