time,vpos
122400,-58.31917922487296
126000,-51.8750954132988
129600,-40.86859283899369
133200,-33.57737984090258
136800,-30.848585605542407
