time,vpos
126000,-45.43101160145106
129600,-40.86858504451004
133200,-33.57736336034504
136800,-25.088138495020097
140400,-19.327708756919122
