time,vpos
133200,-26.400159129204166
136800,-26.475730211705383
140400,-17.490115990598323
144000,-4.214860173457309
147600,-0.0007896599245737525
