time,vpos
140400,0.0010729955573546626
144000,0.011268956590109742
147600,0.0055445282414888835
151200,-0.0016873559276617787
154800,0.007001149284563499
