time,vpos
144000,0.003901379033337954
147600,0.01240122762545268
151200,0.017535673730131787
154800,-0.0008175608911691924
158400,-0.015805393025034552
