time,vpos
147600,-0.01545159337227141
151200,0.0048857352200313755
154800,0.0010964312764278749
158400,-0.005630061596310139
162000,0.01177007806685813
