time,vpos
18000,17.45688902587267
21600,17.64477184208367
25200,17.95543117420252
28800,9.03529534991382
32400,-0.007616990282732631
