time,vpos
183600,0.0009836752859986868
187200,0.0038201405818061515
190800,0.006802992510376522
194400,0.0046170147853542886
198000,0.0022846504275691494
