time,vpos
194400,2.6902121859207266
198000,2.6985975555153114
201600,-29.823082027335644
205200,-63.326307466915836
208800,-64.29946795405048
