time,vpos
223200,-31.444262392351156
226800,-31.537571628645463
230400,-15.825444610166784
234000,-0.016456276695419703
237600,-0.012904197997038033
