time,vpos
241200,0.025556445673577746
244800,0.015373093997634084
248400,0.016261107878464267
252000,-0.005662464029844438
255600,-0.03865740149492699
