time,vpos
32400,-0.0010488877320866574
36000,-3.914743152975725e-06
39600,0.0002077369209617964
43200,0.0008328030667396586
46800,0.0022911905373364304
