time,vpos
0,0.0074561082332206706
3600,0.0026053743099295427
7200,-0.0031018373200883994
10800,-0.002302382204207991
14400,-0.0006464493816007695
