time,vpos
3600,0.0013325417954164237
7200,0.0015549008538586948
10800,0.0010878067829485979
14400,0.0002560491877108789
18000,0.00011374472182552799
