time,vpos
36000,0.012587184389483846
39600,0.004393563739426019
43200,-0.013971798663526573
46800,-0.004524716732656541
50400,0.015094106951108258
