time,vpos
39600,-0.00374355922492382
43200,0.0007220801660391284
46800,0.004663128472901933
50400,-0.002681359798032014
54000,-0.009501256984865817
