time,vpos
43200,0.006504112395884086
46800,-0.0006976015014992243
50400,-0.007299365894991187
54000,-0.0030429817635491433
57600,0.000613452864001553
