time,vpos
46800,-0.0005854010798165058
50400,-0.00038898127871817457
54000,0.0013754506893768378
57600,0.003164091542515109
61200,0.003384720228656699
