time,vpos
50400,0.0001585805111735004
54000,8.050175407904787e-05
57600,-0.00031709691956888046
61200,2.0943859351126547e-06
64800,0.0006408056079925816
