time,vpos
54000,0.0009132171770602455
57600,-0.0004649820763156518
61200,-0.0016104914408178936
64800,-0.00013577165639017163
68400,0.001106258239163895
