time,vpos
57600,0.0024734518441160793
61200,0.003923526424259848
64800,0.007429935432466469
68400,0.006384692210354695
72000,0.0032831145601800674
