time,vpos
61200,0.003272180494621961
64800,0.0047432744402917705
68400,0.007156956119756155
72000,0.0055720111141217745
75600,0.0030444783746928165
