time,vpos
64800,0.0036537539197578897
68400,0.005367517929976347
72000,0.006465031892142933
75600,0.0041132162811811385
79200,0.0023776507182712153
