time,vpos
68400,0.004090850290044447
72000,0.0062332841405141216
75600,0.006229664026182207
79200,0.0029907500325271905
82800,0.0018978900036737637
