time,vpos
7200,0.011706976231633985
10800,0.0021558967457037522
14400,-0.00675523595279259
18000,-0.0017177884673964783
21600,0.0026797122305657417
