time,vpos
72000,0.003806646661643886
75600,0.005491093474921566
79200,0.005319523803473821
82800,0.002528648937813883
86400,0.001593790556879372
