time,vpos
75600,0.0034465220167295653
79200,0.004550493443360805
82800,0.0041392937831525286
86400,0.001915872187573228
90000,0.0012076216788334433
