time,vpos
79200,0.00305752134974842
82800,0.003670217177931102
86400,0.0030557624196928318
90000,0.0013064256235109867
93600,0.000784239413750094
