time,vpos
82800,0.002773674082501255
86400,0.003242317132661854
90000,0.002510018964682002
93600,0.0009358760521135001
97200,0.0005626743576854498
