time,vpos
86400,0.0024730156061400117
90000,0.002730034176356161
93600,0.001919465783876696
97200,0.0006081454875914941
100800,0.00036441215400190644
