time,vpos
90000,0.008559056688789944
93600,-0.01697913695480663
97200,-0.024061976304689994
100800,-0.002717075162607136
104400,0.00017247168576251665
