time,vpos
93600,0.0019038580887292724
97200,0.0020195689236693387
100800,0.0012257554096716103
104400,0.00022561313779838636
108000,0.00013499521486295702
