time,vpos
97200,0.00033523927742696896
100800,0.0019479805064996035
104400,0.0012329067464294057
108000,-0.00282560048526636
111600,-0.004556292727819293
