time,vpos
100800,17.86884802263567
104400,17.919641823425682
108000,18.029838731464665
111600,18.22424004301256
115200,18.359238247311488
