time,vpos
104400,17.14077333835338
108000,17.195876589926577
111600,17.370857348646044
115200,8.74285849942393
118800,-0.0050178569444568975
