time,vpos
10800,0.0012961360884118514
14400,-8.137163888472312e-05
18000,0.0009633528657523486
21600,0.0018302463057363084
25200,0.0002749075137866222
