time,vpos
108000,15.348023988418833
111600,15.458085535957485
115200,-5.090035447827322
118800,-26.016180886569373
122400,-26.28414379398797
