time,vpos
111600,5.603428961443195
115200,-22.674120987246834
118800,-51.49214854417501
122400,-52.592670677840324
126000,-53.152715203267476
