time,vpos
115200,-52.8023532226621
118800,-53.357291641279005
122400,-54.46736510817557
126000,-50.830076677535786
129600,-46.63765319861633
