time,vpos
118800,-60.69307267510633
122400,-61.322669315917054
126000,-54.294959577671776
129600,-44.07402779254791
133200,-41.51040238648005
