time,vpos
122400,-67.52796106900148
126000,-57.08280723628432
129600,-44.07402996255532
133200,-36.342521411876604
136800,-31.174636302209723
