time,vpos
126000,-42.348209839231
129600,-41.92930464239599
133200,-36.342544488779545
136800,-26.483264293666704
140400,-21.791839055335302
