time,vpos
129600,-40.31443422084262
133200,-35.744560557463956
136800,-26.48325315456679
140400,-18.308637920477967
144000,-14.825456425907646
