time,vpos
133200,-26.000001339160615
136800,-23.8959201973173
140400,-18.308672215284894
144000,-7.411115285956976
147600,0.003274803181849812
