time,vpos
136800,-21.46761559180601
140400,-18.14656048344882
144000,-7.43212030361482
147600,-0.010036238265482417
151200,0.018662755607048997
