time,vpos
140400,-12.37537124580725
144000,-6.1691648705690705
147600,0.029798786491339956
151200,0.0153336110088709
154800,0.008111153704171148
