time,vpos
14400,16.42783489409288
18000,16.542320970224416
21600,16.804899693581177
25200,17.05317658279691
28800,17.153360824787427
