time,vpos
144000,0.005940703645198719
147600,0.006699076493238589
151200,0.0045594912627774445
154800,-0.0010663288577049805
158400,-0.003794190899686391
