time,vpos
147600,-0.01768335674237299
151200,0.008861277810094876
154800,0.02037069839623427
158400,0.001966307743367802
162000,-0.0014028689431701963
