time,vpos
151200,-0.013766853093242246
154800,0.005627667102221353
158400,0.00017313224966247428
162000,-0.006016757792021507
165600,0.012642407214316989
