time,vpos
154800,0.04517485093427525
158400,0.03004618303769261
162000,-0.0021941649723992963
165600,-0.007662421111612194
169200,0.0039810028626841715
