time,vpos
158400,-0.003944666841356425
162000,0.006047325932589015
165600,0.0016285001463708058
169200,-0.0041200939590128275
172800,0.004542130495767188
