time,vpos
162000,0.008852756310921825
165600,0.0034179154996385203
169200,-0.02675216168701066
172800,-0.021659440345031044
176400,0.008168517372314445
