time,vpos
165600,-0.013816121027792411
169200,-0.0010852868440708882
172800,0.017315101017905263
176400,-9.150052664980807e-05
180000,-0.023167655749459507
