time,vpos
169200,0.028741809099752137
172800,0.022071818715158453
176400,0.005821387138763771
180000,-0.0026812390061562883
183600,-0.0016034239592753463
