time,vpos
172800,0.001202055146382931
176400,0.0008485812918305043
180000,-0.0007446633645999281
183600,-0.0015651278172945037
187200,-0.0011458214681110736
