time,vpos
176400,0.0012868249779381788
180000,0.004901966677614209
183600,0.012099588110207836
187200,0.009027602578021477
190800,0.0023731373129175217
