time,vpos
18000,17.287953464198345
21600,17.460792444959104
25200,17.746410488179077
28800,8.928774504478474
32400,-0.001640541681340816
