time,vpos
180000,-0.0012445079644308598
183600,-0.006408693853647175
187200,-0.018875644083671154
190800,-0.01009006807530839
194400,0.005998272273862034
