time,vpos
183600,0.004073791233319727
187200,0.01713517783031332
190800,0.03068793615086731
194400,0.012405657492315102
198000,-0.006367992889797511
