time,vpos
187200,0.22045514472761008
190800,0.23794345529792654
194400,0.26830239411353773
198000,0.2874245624089185
201600,0.2936761024590045
