time,vpos
190800,3.2304267188892912
194400,3.244040054710759
198000,3.262978272171376
201600,1.649165887608948
205200,0.030028621407370785
