time,vpos
194400,7.375211068994923
198000,7.39124122403353
201600,-22.596829912564615
205200,-53.31030552088254
208800,-54.019679837563714
