time,vpos
198000,16.63645859210993
201600,-31.074323945048697
205200,-79.85011827320463
208800,-82.11309131032665
212400,-83.31105255645139
