time,vpos
201600,-90.13181132955516
205200,-91.3513919177084
208800,-93.94463127059043
212400,-96.70834970629497
216000,-98.09840937727076
