time,vpos
205200,-99.99999999999997
208800,-99.99999999999993
212400,-99.99999999999987
216000,-99.99999999999986
219600,-99.99999999999984
