time,vpos
208800,-99.9999999999977
212400,-99.99999999997284
216000,-99.99999999995555
219600,-74.14673231651099
223200,-48.29346463305888
