time,vpos
212400,-99.999999999999
216000,-99.99999999999947
219600,-71.83026787625943
223200,-37.69137355757663
226800,-31.72221136263438
