time,vpos
21600,18.284104907837335
25200,18.396857060362194
28800,9.256258698787697
32400,-0.0016681955672222346
36000,-0.006244575822783577
