time,vpos
216000,-99.99999999999993
219600,-83.33654252289242
223200,-46.41242717911342
226800,-21.22917156426414
230400,-16.306573816086335
