time,vpos
219600,-58.190175738463154
223200,-58.35318242048888
226800,-36.28330086647799
230400,-7.027466930577797
234000,-0.004521230714230225
