time,vpos
223200,-35.47208769208676
226800,-35.57547905591644
230400,-17.8501687607411
234000,-0.017729445183903944
237600,-0.013991788631734052
