time,vpos
226800,-2.076488660551319
230400,-1.0502868976533284
234000,-0.019873842130490146
237600,-0.016584657837228293
241200,-0.017506766168814313
