time,vpos
230400,0.015957457147160008
234000,0.02077210959135433
237600,0.01927405049399291
241200,0.00573534439135292
244800,-0.0014906501697313328
