time,vpos
234000,-0.005205990489138158
237600,0.009491590810315398
241200,0.017024033809241418
244800,0.004522973082545087
248400,-0.0008129493436237131
