time,vpos
237600,-0.0022715235804917668
241200,0.00960632155143676
244800,0.0158372515830822
248400,0.000521246158004425
252000,-0.009147844166790264
