time,vpos
241200,0.02223771729865827
244800,0.01208371562138185
248400,0.014206458181155304
252000,-0.0035219320027737346
255600,-0.033527066423752645
