time,vpos
244800,0.004199665000027261
248400,0.017145985097003855
252000,-0.019220186914232086
255600,-0.017659542925442074
259200,0.033213593171560474
