time,vpos
248400,1.0745237338793956e-08
252000,6.66910477580343e-08
255600,3.78107306749087e-08
259200,-4.7015396827457256e-08
