time,vpos
25200,16.623364017452907
28800,8.311800063606992
32400,-0.0004736867696502956
36000,-0.0026085812710457817
39600,-0.004033679241715845
