time,vpos
28800,0.0011315309948586134
32400,-0.013635709452492402
36000,0.006981462758047109
39600,0.023086785034328695
43200,0.0038076946527197475
