time,vpos
32400,0.019615348914016135
36000,0.0024911755320561812
39600,-0.0006824634671599836
43200,0.011899807746729354
46800,0.010531544577874905
