time,vpos
0,0.004964589471828326
3600,0.003460186012359831
7200,0.012230607548378212
10800,0.01332901697725555
14400,-0.0005900493144806746
18000,-0.0018652648287919465
21600,0.0016021703820234693
