time,vpos
3600,0.00037315349232095097
7200,0.0003114848953839288
10800,-8.980184884420257e-05
14400,-0.00020314229236824595
18000,2.7347957334377036e-05
21600,-0.00013364938432896655
25200,-0.00029885927192786733
