time,vpos
3600,0.004614274131915471
7200,-8.357093592193418e-05
10800,-0.0015401785124625805
14400,0.0004072811566537644
18000,-0.003362648426608313
21600,-0.0035866753002110844
25200,-0.001334550412732192
