time,vpos
36000,0.006593850861264487
39600,0.008220491426378205
43200,0.012939150930242881
46800,0.008838230139641284
50400,0.0073352657245171265
54000,0.003280303788612629
57600,-0.006464633461520264
