time,vpos
36000,0.0008501189300989359
39600,-0.0008043573221440933
43200,0.0013056172226849215
46800,0.0030357201481210844
50400,0.000437619351653371
54000,-0.001181344504318287
57600,-0.002236555435458113
