time,vpos
39600,0.003705783790009144
43200,-3.3726203583708684e-06
46800,-0.0016011807388876561
50400,0.007466968416435073
54000,0.0031161591055290754
57600,-0.00603802861140641
61200,-0.0038846061539513977
