time,vpos
39600,-0.0004910375625073251
43200,-0.0005152960287098452
46800,-0.0003719653532384025
50400,-0.0001575866406145177
54000,-0.00010861391312301611
57600,5.860354824016835e-05
61200,0.00022363785306177318
