time,vpos
43200,8.664050146755804e-05
46800,0.002269488168840132
50400,0.007144606229430832
54000,0.002225663510277477
57600,-0.0011846716841062348
61200,0.0026546333672395825
64800,0.0022930605005976306
