time,vpos
43200,-0.0011676580004636836
46800,-0.0008852024335445412
50400,-0.00044156779970212686
54000,0.00017220974346517638
57600,0.00045683932108935054
61200,-2.3189228160836078e-05
64800,-0.00033524887879116545
