time,vpos
46800,0.00012745599277175289
50400,2.6078625085945722e-05
54000,-6.288005720262485e-05
57600,-0.00014074203193878377
61200,-8.233475815525043e-05
64800,-0.00012961645331216877
68400,-0.000325586082386016
