time,vpos
46800,0.02219246049506501
50400,0.022970894147570822
54000,0.009498220533785195
57600,0.004988229734018298
61200,0.0106828804543436
64800,-0.003977881073384472
68400,-0.0145921768549133
