time,vpos
50400,0.006585793233685827
54000,0.001846221191959262
57600,-0.0019254104935624984
61200,0.002547283485754203
64800,-0.003079012890809521
68400,-0.0012325534042959866
72000,0.009744956081893168
