time,vpos
50400,-0.0010733316511930885
54000,-0.0005927878772018616
57600,-5.9355432165498486e-05
61200,-2.3813318474599757e-05
64800,-5.5645860056482724e-05
68400,-1.461243098930306e-06
72000,6.720935808626756e-05
