time,vpos
54000,0.014651757420114462
57600,0.02493575128674136
61200,0.015937419731692635
64800,-0.01786172528844771
68400,-0.03093520550824077
72000,-0.009811180665926731
75600,0.009869504797715645
