time,vpos
57600,0.014950865180193146
61200,0.026805493306342014
64800,0.026883109050278124
68400,0.0238163032890469
72000,0.0057179427232054506
75600,0.001254867777232744
79200,0.023600360018083022
