time,vpos
57600,0.0006077616732946942
61200,0.0005180923722079228
64800,0.0002657911210037463
68400,-2.19840163216334e-05
72000,-0.00022272319111991517
75600,0.00021569429880199562
79200,0.0007297077763142139
