time,vpos
61200,-0.008395305139065237
64800,-0.0014285404673941278
68400,0.0006678063841535878
72000,-0.0009947404785793485
75600,-0.0006487278228391234
79200,0.003538604625423177
82800,0.01058779537533571
