time,vpos
61200,9.091217086783877e-06
64800,-4.3479195754589155e-07
68400,-6.749021997847973e-06
72000,1.1516696820700872e-05
75600,1.4202754188726737e-05
79200,-4.413668745656169e-06
82800,-1.0662209233543781e-05
