time,vpos
64800,0.011840337218259334
68400,0.005968697016071238
72000,0.011600705273307225
75600,0.017355669736485103
79200,0.022107266284711866
82800,0.006174653840679528
86400,-0.020258239147825777
