time,vpos
68400,-0.0052701015740129736
72000,-0.0028694210880034904
75600,-0.0016940077452441485
79200,-0.0013920024930132438
82800,0.002202805454304898
86400,0.00020463452157989676
90000,-0.0038610719629822
