time,vpos
7200,16.985425354279553
10800,17.0221935249458
14400,17.11257721679283
18000,17.25062136529471
21600,17.51114013458932
25200,17.806125364514124
28800,17.925020452465418
