time,vpos
7200,18.04208139549033
10800,18.099119840419846
14400,18.213572022921603
18000,18.382291288617296
21600,18.674965518395435
25200,18.979825897613463
28800,19.1033175751768
