time,vpos
72000,0.0001792335417432416
75600,-1.8468156709136844e-06
79200,-2.0184550134419026e-05
82800,2.1531340630076108e-05
86400,-0.00011569638239547763
90000,-0.0001620899754396894
93600,-0.00019228257764450227
