time,vpos
72000,-0.0308095326304424
75600,-0.00781738825570413
79200,-0.0006213100719991839
82800,0.0014317031545720861
86400,0.007542162021829892
90000,0.0013578987737149475
93600,0.006912256075946793
