time,vpos
75600,0.0032010799338979407
79200,-0.009799570972454024
82800,0.006512027953781802
86400,0.01361689478193512
90000,0.0007967879668238202
93600,0.006859683462693853
97200,0.003535302769240715
