time,vpos
79200,1.5269019781214043e-05
82800,5.731444420526325e-06
86400,8.552698983629483e-05
90000,0.00017838868245618203
93600,0.0001473004360199194
97200,0.00010831515842472775
100800,0.0001039466991092297
