time,vpos
79200,0.0069578569706258775
82800,-0.005095351134039512
86400,0.006299892209907861
90000,0.019615769023985916
93600,0.0008794527083334997
97200,0.0029138509681714995
100800,0.013551990909127211
