time,vpos
82800,0.005330735754141211
86400,-0.005745691713078711
90000,0.012162876525809274
93600,0.01597416804828406
97200,0.0019315553754303168
100800,0.007224351648619465
104400,0.0013860564110292342
