time,vpos
82800,0.00045903557178067337
86400,0.0004819511804150942
90000,8.187484939798307e-05
93600,-0.00011431444319160111
97200,9.481845775470587e-05
100800,-7.507716372702594e-06
104400,-9.216414438447022e-05
