time,vpos
86400,0.00623565600143853
90000,-0.0005595151624872979
93600,0.0065866138830247495
97200,0.012671183339870516
100800,0.0011325463170017874
104400,0.003022583889668927
108000,0.008594527732612689
