time,vpos
86400,3.493837618603088e-05
90000,-6.917050900120763e-06
93600,-0.0001487953276175087
97200,-8.822197785066826e-05
100800,1.3483900834405124e-05
104400,-0.00015481935694609423
108000,-0.0002642322940135902
