time,vpos
90000,0.00022951979866308106
93600,-0.003844391118071333
97200,0.007654311964268051
100800,0.011014376378053718
104400,-0.0007232148915903156
108000,0.002841080751571618
111600,0.005930418079089453
