time,vpos
90000,-0.008499474447024716
93600,-0.0025695102570382727
97200,0.0012388730556154742
100800,-0.00018209376931500605
104400,0.0005700237600820971
108000,0.000286858601243859
111600,-4.7810034589266e-05
