time,vpos
93600,0.02275592867969499
97200,0.011560481510612371
100800,-0.007249012053578961
104400,-0.005327456460183888
108000,0.024735399757881107
111600,0.030384879745001127
115200,0.015507105502559931
