time,vpos
93600,0.00012003380662290148
97200,9.781915550746513e-05
100800,8.894421836878239e-05
104400,0.0002765972749195963
108000,0.0002260731204138691
111600,-0.0002013836750057847
115200,-0.00040400297334565097
