time,vpos
97200,-0.718022815326885
100800,-0.7212095660267577
104400,-0.7279266416238334
108000,-0.735659046284965
111600,-0.7465764472385175
115200,-0.762651545007347
118800,-0.7720113215865526
