time,vpos
97200,0.006159127300140244
100800,0.0015474071175690593
104400,0.004843347738831195
108000,0.011467120597347339
111600,0.002735825281369582
115200,-0.01634851415454611
118800,-0.027985446219801223
