time,vpos
100800,2.5169149042146284
104400,2.528177385672118
108000,2.5483310833922324
111600,2.578880706696582
115200,-13.478905829952781
118800,-29.89097777597285
122400,-30.223604778301837
