time,vpos
100800,-7.390051776639557
104400,-7.426366832853665
108000,-7.505131567637305
111600,-7.616362754212124
115200,-22.85622563775425
118800,-38.503723057498576
122400,-38.98013910170606
