time,vpos
104400,-5.658391035203699
108000,-5.690551924214886
111600,-5.774861604549811
115200,-34.89032307601359
118800,-64.75491495760093
122400,-66.43916048571903
126000,-67.32212681238981
