time,vpos
104400,5.603562252625828
108000,5.610454567524544
111600,5.689809055985356
115200,-18.1848684577427
118800,-42.61609230295112
122400,-43.39239980735327
126000,-43.68462315383717
