time,vpos
10800,18.081262077844475
14400,18.138464579485394
18000,18.30643484085651
21600,18.597889856386825
25200,18.901494909765386
28800,14.932997080922936
32400,10.841581454502037
