time,vpos
10800,16.908864768798182
14400,16.95328289883779
18000,17.099712979022392
21600,17.3405414108717
25200,17.614427683237558
28800,8.879614876828352
32400,0.009732279757606276
