time,vpos
108000,6.447871380862799
111600,6.499527911108053
115200,-17.766024186494874
118800,-42.599895367062146
122400,-43.41601753292282
126000,-41.9710846547569
129600,-40.226692163449385
