time,vpos
108000,12.595192230027566
111600,12.714662858142251
115200,-27.585914187472238
118800,-68.85913327506063
122400,-70.63931234379129
126000,-72.44558133636335
129600,-73.32484267406394
