time,vpos
111600,26.91406822989067
115200,-20.543325438489056
118800,-68.85271772321015
122400,-70.64314278430521
126000,-72.45177345785746
129600,-44.488563608819724
133200,-15.655149530983481
