time,vpos
111600,17.632290087686304
115200,-12.225816428667283
118800,-42.5965089063955
122400,-43.41562770055326
126000,-41.974426348394225
129600,-37.09081367821804
133200,-33.95493519298401
