time,vpos
115200,-38.75947053322763
118800,-39.209483111861815
122400,-39.95170980648357
126000,-40.23530804291497
129600,-37.09081367817563
133200,-28.888774129253886
136800,-23.822613065515316
