time,vpos
115200,-65.04493122503395
118800,-65.8593428177661
122400,-67.57160725368709
126000,-69.30193141956833
129600,-51.32381758409903
133200,-32.6884954793482
136800,-32.86375853275904
