time,vpos
118800,-34.02172450574601
122400,-34.329424973408656
126000,-34.76163427967973
129600,-34.42053915559763
133200,-28.888774129212536
136800,-14.767915918803887
140400,-5.713218772089814
