time,vpos
118800,-66.61084311252985
122400,-67.51075848488395
126000,-69.2482980980854
129600,-51.297598923998834
133200,-32.688478435761624
136800,-16.43246500514082
140400,0.00275135217669988
