time,vpos
122400,-57.459471831384676
126000,-48.843081997420875
129600,-37.09081367822182
133200,-28.888774129251203
136800,-14.767915918805507
140400,-2.860034434493836
144000,-0.006850096892499404
