time,vpos
122400,-65.94268242065024
126000,-66.7443328626387
129600,-50.02980647114468
133200,-32.68849752704346
136800,-16.431770218682182
140400,-0.0003234350485491668
144000,-0.0004718491574551148
