time,vpos
126000,-47.99092330267881
129600,-40.25216216734479
133200,-32.688496421937224
136800,-16.431627360166686
140400,0.00017628012510266297
144000,-6.805295413419006e-05
147600,-0.00015157462818089548
