time,vpos
126000,-51.57565628162788
129600,-51.73521866847555
133200,-37.858697060420255
136800,-14.767915918802313
140400,-2.8524154204588332
144000,-0.0002837019059336249
147600,-0.008955334981547306
