time,vpos
129600,-40.27148745573456
133200,-40.38022139422248
136800,-23.1010870523962
140400,-2.864137298069779
144000,-0.012816346272511075
147600,0.0079651163139786
151200,0.02650710111540746
