time,vpos
133200,-24.14727758187353
136800,-24.217011409241124
140400,-12.142114198286905
144000,0.0019493356772466563
147600,-0.0014141674937834829
151200,-0.0009128342311051111
154800,0.0023844978449442506
