time,vpos
133200,-33.42708277001158
136800,-16.713559275613104
140400,-0.0006656989578941938
144000,-0.0008927688625650632
147600,-0.0017562916732993955
151200,-0.0008048586663527987
154800,0.0014129449899235671
