time,vpos
136800,-14.85526065075823
140400,-14.896097293428506
144000,-7.47019015478563
147600,0.015061818743827404
151200,0.010780911691736018
154800,0.001993227396420363
158400,0.015994642369506824
