time,vpos
140400,-0.0028522347685174497
144000,-0.012459298554635468
147600,-0.007619784076198376
151200,0.00019693684460028683
154800,0.002122847903568751
158400,0.0032742877244458708
162000,-0.004130040857401921
