time,vpos
14400,16.715747116672294
18000,16.803331571121376
21600,17.049085970194803
25200,17.334648480073156
28800,8.727075047278039
32400,-0.013255538605421427
36000,-0.018620126439755233
