time,vpos
14400,19.161456381285035
18000,19.27812227025952
21600,19.58502918943404
25200,19.904705551886043
28800,15.437861318775797
32400,8.85324991578723
36000,6.8649180781608825
