time,vpos
144000,-0.00033514731916731914
147600,-0.00017489220296433962
151200,-0.0001539235894206361
154800,-0.00017997236727096554
158400,-8.197208663352388e-06
162000,0.00013304949905149825
165600,0.00021575877296768227
