time,vpos
144000,-0.005225408098124358
147600,-0.0042432275085510646
151200,-0.002186131834386258
154800,-0.004086047619835227
158400,0.0027535985273302263
162000,0.003638502106893368
165600,-0.005291071330749427
