time,vpos
147600,-9.760783667313584e-08
151200,-8.777950706608323e-08
154800,-3.258380945876865e-08
158400,5.004941295529248e-08
162000,4.70806885719234e-08
165600,-3.822100797828047e-10
169200,-7.610529934320764e-09
