time,vpos
147600,-0.005657955775555486
151200,-0.0073422256536327165
154800,-0.00340998239458729
158400,-0.0025620706151776827
162000,0.0028790239927352604
165600,0.004122272884281846
169200,-0.004844174189797559
