time,vpos
151200,0.0005544946365561342
154800,0.0004754274485023783
158400,-0.0002870455694273011
162000,-0.0007095204426681867
165600,-0.0003834765864621048
169200,0.0003215507326649104
172800,0.0009614651522208816
