time,vpos
151200,-0.004990256974260666
154800,-0.006684186359594879
158400,-0.0017996924691402057
162000,-0.00034735002622810754
165600,0.0009799903855356288
169200,0.0014172624856707405
172800,-0.004598886658834672
