time,vpos
154800,-0.0034203076229380675
158400,-0.0030984432064712487
162000,-0.001088907518972006
165600,-0.00017583409613963568
169200,0.0010240486039306198
172800,0.0004940992945370881
176400,-0.002010330563126752
