time,vpos
154800,-0.00016819504834530248
158400,-3.1110346693959665e-05
162000,-2.0198949290224037e-05
165600,-0.00012642670489895638
169200,-3.6802416301310974e-05
172800,-3.292340332446573e-05
176400,-9.872313030639105e-05
