time,vpos
158400,9.01513117495786e-05
162000,-2.4780248240025768e-05
165600,-0.0001598978840299431
169200,-5.061652427979082e-05
172800,6.273285718567161e-05
176400,-7.445364218216076e-05
180000,-0.00019552208746499033
