time,vpos
158400,-0.01882456368299118
162000,-0.0067041188405650345
165600,-0.002188686177482949
169200,-0.0020282191328692698
172800,0.0027889081046471704
176400,0.0010022962382700705
180000,0.0021640363583342705
