time,vpos
162000,-0.01924224537549616
165600,-0.009478662660867162
169200,0.0024197760739460535
172800,-0.003190859374707479
176400,0.00329148777334833
180000,0.00631390854630143
183600,-0.004891509297639028
