time,vpos
162000,-7.807376171469843e-05
165600,-0.00046949215236856504
169200,-0.0005781131457521732
172800,0.0003101351866170674
176400,0.00044964283374114274
180000,0.00023932531040841845
183600,0.000494951075050601
