time,vpos
165600,-0.011359411966047245
169200,-0.0034348120379945665
172800,-0.001173895761178852
176400,-0.0009876576158113304
180000,0.001610090262480867
183600,-0.0006941749015067641
187200,0.00025373385281789385
