time,vpos
165600,0.0001548801540103773
169200,0.00011634316329547528
172800,4.8606829873441344e-05
176400,6.990010931626033e-06
180000,-3.96131004809659e-05
183600,-6.722308944531437e-05
187200,-6.0647443231754295e-05
