time,vpos
169200,0.006864724409317755
172800,-0.006142623344338936
176400,-0.013749084862027137
180000,0.002132275927614472
183600,0.0066475491091793504
187200,0.009428176166408671
190800,0.018174004595746234
