time,vpos
172800,-0.0007747268999986083
176400,-0.0005003690342805686
180000,0.00015394335382096723
183600,0.00033929197817331766
187200,0.0002799042484338196
190800,3.995963562692111e-06
194400,-0.00040713048960008304
