time,vpos
172800,-0.005855025925959739
176400,-0.0024146335378025545
180000,0.002132594103845368
183600,-0.00083868268867949
187200,-0.0029856457333989426
190800,0.0016918358661979459
194400,0.004438168464498691
