time,vpos
176400,0.0002809783251469359
180000,0.00025851869557291806
183600,9.811615188000129e-05
187200,-0.00015497063633102792
190800,-0.0002382255815853071
194400,-5.3151458914026294e-05
198000,0.00010003373491940343
