time,vpos
176400,0.007733031787745376
180000,-0.005146944691286138
183600,-0.004087788610697061
187200,0.0033325456370574573
190800,0.006315685452564563
194400,0.0030863944910841335
198000,-0.009644834597769474
