time,vpos
18000,15.325554462530597
21600,15.467387514138082
25200,15.720147922271988
28800,7.915709873260404
32400,-0.005159620870998961
36000,-0.0027406575660648192
39600,0.005182394332264823
