time,vpos
18000,17.754163361642345
21600,17.92830372903162
25200,18.220661598158124
28800,14.590230445206496
32400,9.83098748527243
36000,8.84557318461706
39600,8.8707531892069
