time,vpos
180000,0.026061949979293373
183600,0.0023654754154496787
187200,-0.010315611814983264
190800,0.007191202314709932
194400,0.017773017864326612
198000,0.005825535155018811
201600,-0.010212336307623224
