time,vpos
180000,4.3822050424482955
183600,4.395288462038308
187200,4.421557127985231
190800,4.447365895958893
194400,4.472675431856287
198000,4.4981885358566664
201600,4.511015625576401
