time,vpos
183600,-17.355803168971697
187200,-17.47439192834968
190800,-17.661520739234778
194400,-17.77359581746928
198000,-17.892949199136154
201600,-18.196231540375134
205200,-18.423695526674617
