time,vpos
183600,4.808835939521574
187200,4.823155367828491
190800,4.851326766728113
194400,4.87901544305362
198000,4.9068655123644636
201600,2.4604191300413447
205200,-4.0615859815805756e-05
