time,vpos
187200,-8.108683615121763
190800,-8.13521235698585
194400,-8.187434489974173
198000,-8.247549872865234
201600,-35.10162707103118
205200,-62.96236491842977
208800,-64.00344755942923
