time,vpos
187200,5.306418096831204
190800,5.321554252802241
194400,5.351903453773803
198000,5.382340274602715
201600,-26.81317917059444
205200,-59.882225165341985
208800,-60.74052793906398
