time,vpos
190800,5.167193183894133
194400,5.1815085277310615
198000,5.2108907188360405
201600,-41.269474783027995
205200,-89.04062333105949
208800,-91.76876454174611
212400,-93.2211895535333
