time,vpos
190800,-6.292885188765853
194400,-6.309823817379271
198000,-6.3584805943491665
201600,-43.746780004998776
205200,-82.4524185848299
208800,-85.17596497055354
212400,-86.55045403873916
