time,vpos
194400,-4.013234018939789
198000,-4.039241560055153
201600,-46.96457466573384
205200,-91.39226790525335
208800,-94.41599781253429
212400,-97.43395297258537
216000,-98.95654590031174
