time,vpos
194400,1.825095274619915
198000,1.8288177839683906
201600,-49.08372969831298
205200,-99.99998880828535
208800,-99.9999889633105
212400,-99.99997273878478
216000,-99.99994547757645
