time,vpos
198000,-5.895437963495407
201600,-51.660868986471165
205200,-98.71315000472248
208800,-99.99999999999638
212400,-99.99999999999393
216000,-99.99999999999126
219600,-99.99999999998943
