time,vpos
198000,-4.377863917491859
201600,-50.21366117162624
205200,-97.68872624325486
208800,-99.66399703037455
212400,-100.0
216000,-100.0
219600,-100.0
