time,vpos
201600,-99.99999729003112
205200,-99.99999821001056
208800,-99.99999956499033
212400,-99.99999999999494
216000,-99.99999999999486
219600,-79.15072018172722
223200,-58.30144036346396
