time,vpos
201600,-87.33129664927797
205200,-88.80405987323631
208800,-91.73083639402147
212400,-94.68144965569884
216000,-97.6394904580002
219600,-57.44861209895361
223200,-15.796292902456207
