time,vpos
205200,-89.43318566674992
208800,-90.88324713428486
212400,-93.79948567556148
216000,-96.72976866590508
219600,-56.99508374247956
223200,-11.100579309390637
226800,-6.404865716329143
