time,vpos
205200,-99.99999780364224
208800,-99.99999771313199
212400,-99.99999689628775
216000,-99.99999439638944
219600,-78.45046949164929
223200,-47.234341417347196
226800,-37.5677364742209
