time,vpos
208800,-93.6231888492767
212400,-95.09791498382626
216000,-98.0548020815784
219600,-57.6666279736192
223200,-11.100579309392351
226800,-3.2018900064746205
230400,0.0010857033780523485
