time,vpos
208800,-99.99999999992035
212400,-99.99999999995117
216000,-99.99999999996136
219600,-78.35876364725152
223200,-45.36617518720549
226800,-30.093677468852718
230400,-26.172531857856747
