time,vpos
212400,-99.99999999999997
216000,-99.99999999999991
219600,-60.570534481495805
223200,-14.040988577019418
226800,-3.4704533021742257
230400,1.341931522550222e-05
234000,2.525193183510186e-05
