time,vpos
212400,-99.99999997296433
216000,-99.99999998648217
219600,-77.99489569867785
223200,-44.50968022289191
226800,-28.291165568425058
230400,-11.775170207551367
234000,0.0024216733192439625
