time,vpos
21600,14.315668450455648
25200,14.409239229578397
28800,12.672195888689986
32400,9.83101360512474
36000,8.84557333722318
39600,6.966982394913576
43200,5.063263556951442
