time,vpos
21600,8.767048754343348
25200,8.83836654219143
28800,4.453218693086144
32400,-0.029184011572056284
36000,-0.03403050124064479
39600,0.0009261789256262767
43200,0.01479228105565342
