time,vpos
216000,-100.0
219600,-87.0340809235005
223200,-51.80656933455392
226800,-25.593096509956894
230400,-10.820605634556207
234000,3.1986954114450006e-06
237600,1.4686963006015075e-06
