time,vpos
216000,-99.99999999999997
219600,-73.00119354576668
223200,-26.317857856782673
226800,-3.3167788747185907
230400,-0.0006413629921546803
234000,-0.0003743404543572466
237600,0.00030491767036155813
