time,vpos
219600,-39.76794010703817
223200,-39.87959119715141
226800,-19.992399536305296
230400,0.0023168486934791485
234000,0.001209112519614706
237600,-0.00227125736022057
241200,-0.008770257026777684
