time,vpos
219600,-61.592484037666175
223200,-61.76814324791914
226800,-41.44764003746301
230400,-10.475736173628508
234000,-5.546762414360387e-06
237600,-9.699447196467762e-06
241200,-3.03587266859318e-06
