time,vpos
223200,-25.701320871755218
226800,-25.783957560795134
230400,-12.93561405091372
234000,0.0045073282606630065
237600,-0.0001404999269775584
241200,-0.0013332985951777212
244800,0.011262911177313853
