time,vpos
223200,-32.530836726137025
226800,-32.623662725902186
230400,-16.358384388126748
234000,-0.0001108324211063099
237600,0.00010719420441500679
241200,0.00010272893193924439
244800,4.9455198986258345e-05
