time,vpos
226800,-0.0015368548036368652
230400,-0.0020765936085956316
234000,-0.000941223398487367
237600,0.002323739362240947
241200,0.0020713724776895053
244800,-0.0009632230515518896
248400,-0.00215559795058056
