time,vpos
230400,-0.00014247450686601484
234000,5.5134451252209906e-05
237600,0.00027127230108805973
241200,0.00038204919009831375
244800,-3.473592225085509e-05
248400,-0.00026077444301633365
252000,2.2220145859985535e-05
