time,vpos
230400,-0.005504075812718285
234000,-0.0026372323952557892
237600,-0.001865846390830066
241200,-0.00514887366135442
244800,0.002507644532743006
248400,0.0023751246316439734
252000,-0.006601483321040067
