time,vpos
234000,-0.006694797431032202
237600,-0.0031134365116492926
241200,-0.001391150002090086
244800,-0.004806524953784684
248400,0.00260843065955171
252000,0.002735696085306945
255600,-0.00610829464414511
