time,vpos
234000,-6.407897681517494e-05
237600,-2.3405377879102612e-05
241200,4.824653468017382e-05
244800,0.000164530448194728
248400,0.00013851454809427153
252000,4.616988777365411e-05
255600,6.51467274448432e-05
