time,vpos
237600,-0.00012265019495037697
241200,-0.0001280226408716783
244800,-7.283622033372241e-05
248400,1.9508574171437477e-05
252000,8.251009121617984e-05
255600,2.8842200113025433e-05
259200,-5.604127998896871e-05
