time,vpos
237600,-0.004349836536186717
241200,-0.0048294954664711755
244800,-0.003038071638406545
248400,-0.0038862240008624436
252000,0.002868910296165302
255600,0.0035558480714648496
259200,-0.005631583571068336
