time,vpos
241200,-0.02319566143322569
244800,-0.016642671618218606
248400,0.007400298027097707
252000,0.020303411390952597
255600,-0.015019105156551237
259200,-0.04575475523760073
