time,vpos
241200,-3.2034961231472134e-07
244800,-1.808942341870175e-07
248400,-6.990534742889045e-08
252000,4.177889642366395e-07
255600,1.2444439110511574e-06
259200,1.5549380548305686e-06
