time,vpos
25200,6.25946886497305
28800,6.277314360351582
32400,6.3131587878774775
36000,6.349261821262198
39600,6.387394083284989
43200,6.427524828433276
46800,6.447627412796122
