time,vpos
25200,3.071720889571266
28800,1.5359766686236405
32400,0.0017245480326022434
36000,0.0064990426188647876
39600,0.006714007210728179
43200,0.006465556393227321
46800,0.009284535213538447
