time,vpos
28800,5.4003086980081605
32400,5.415698257826756
36000,5.446572840180383
39600,5.479181775532599
43200,5.51357434333685
46800,5.546640598161198
50400,5.562438197998484
