time,vpos
28800,0.006641549142507512
32400,0.006309727204881565
36000,0.014537680235868938
39600,0.012050632733645511
43200,0.008253943298914428
46800,0.014653043566481951
50400,0.013802010797943808
