time,vpos
32400,1.193475979837561
36000,1.196932154630424
39600,1.204258927004959
43200,1.2116908563123778
46800,1.2188334042881537
50400,1.2259334398470167
54000,1.2294522591558503
