time,vpos
32400,0.01151188057435847
36000,0.010867387121456018
39600,0.01007141363370563
43200,0.019173961474595762
46800,0.018253744809542748
50400,0.008993763818525511
54000,0.009908027368299351
