time,vpos
0,0.0084550951872547
3600,0.007090652158087466
7200,0.012431497821548588
10800,0.012359057375468507
14400,0.00071465751026887
18000,-0.004250470959180649
21600,-0.0043489287021389635
