time,vpos
3600,-0.0009094765247976137
7200,2.0925101360081902e-05
10800,0.0005953062740269914
14400,0.00033500056731403056
18000,0.0006882701612760317
21600,0.00048428472862973226
25200,2.274444879925666e-05
