time,vpos
3600,0.0016444460654721407
7200,-0.0031596318899220236
10800,0.00783815659784469
14400,0.013452707321028726
18000,0.0015623145968478606
21600,-0.00016742558549993078
25200,-0.000194088763643698
