time,vpos
36000,0.014168389255303553
39600,0.005414333177382317
43200,0.0016417563282168212
46800,-4.95390466880984e-05
50400,-0.0025337242123420816
54000,-0.0011102570577915987
57600,-0.003875379341247793
