time,vpos
39600,0.002974795950391448
43200,0.007185139469986482
46800,-3.639734054420354e-05
50400,0.010422315728669748
54000,0.009252618290283204
57600,-0.009988772257444874
61200,-0.006169871967446738
