time,vpos
39600,0.0010450400152724098
43200,0.0019416097813152837
46800,0.001508066062234621
50400,-0.0006531163645777648
54000,-0.001545026366841389
57600,0.000302843964894365
61200,0.0022115553572048937
