time,vpos
43200,-1.0807951302777123e-06
46800,1.7620801084408712e-05
50400,1.8091470926264727e-05
54000,-2.5780717651548824e-07
57600,-3.1621142823576145e-07
61200,-2.660911689003408e-07
64800,-2.759183877944522e-07
