time,vpos
43200,0.001338800586760477
46800,0.005182882132543604
50400,0.005171113249528074
54000,0.003946211234648293
57600,0.005892263366590912
61200,0.0015852416017919885
64800,-0.0020368838810306796
