time,vpos
46800,-0.0016055208858448502
50400,0.00029084256389500635
54000,0.001817433020267364
57600,-0.000688432892381204
61200,-0.0015450041612846792
64800,0.0003674537326685837
68400,0.0010003899762442523
