time,vpos
46800,8.10048867682559e-08
50400,3.1410823589176656e-07
54000,5.952110176052953e-07
57600,-4.3283999108422046e-08
61200,-5.202670830426037e-08
64800,1.9763388300611987e-07
68400,-2.3045726579139712e-07
