time,vpos
50400,0.009406573003081113
54000,0.00508864602650517
57600,-0.003147255099452198
61200,-0.0084234081148382
64800,0.010390091693821057
68400,0.023384333189777833
72000,0.016206896011070775
