time,vpos
54000,-0.0017259892023935557
57600,7.341921720124443e-05
61200,-0.0073420420052297646
64800,-0.0011615001973009106
68400,0.014444019265037054
72000,0.004560013399669164
75600,-0.0055341004780820255
