time,vpos
57600,0.06504258929078155
61200,0.04171980382872301
64800,0.014073436589087532
68400,0.00026946726481044507
72000,-0.0021193498955858047
75600,0.000813245947355306
79200,-0.003345728596007482
