time,vpos
57600,4.40999175713802e-06
61200,-1.3501703761282098e-05
64800,-1.487583469379497e-05
68400,3.9882774033257786e-05
72000,7.006282938158237e-05
75600,1.9744271544960684e-05
79200,-2.253329749884008e-05
