time,vpos
61200,-2.2390711741498428e-05
64800,0.00014559929883845984
68400,3.6371830634203077e-05
72000,-0.00016719865429172935
75600,0.00018182724575622008
79200,0.0001344947374905512
82800,-0.00018821667696478452
