time,vpos
61200,0.010187515400122103
64800,-0.006141032959263598
68400,0.006402738724601374
72000,0.01775659359171148
75600,0.0025792469772229717
79200,0.005411478680281562
82800,0.005902591821688095
