time,vpos
64800,0.0088428381995375
68400,-0.004671059927552552
72000,0.010731809858939042
75600,0.0180972335078207
79200,0.0008085680398362568
82800,0.006885790633307059
86400,0.008700334430062316
