time,vpos
68400,0.007761664836262875
72000,-0.004453990341386814
75600,0.010138835343953339
79200,0.016129097826563132
82800,0.0004840255810813214
86400,0.00668219869679095
90000,0.007707225677602343
