time,vpos
7200,15.044296413297953
10800,15.087205622808392
14400,15.173339946212344
18000,15.306260198780947
21600,15.54858266246732
25200,15.808703200854968
28800,15.91619641423133
