time,vpos
7200,5.556397027635363
10800,5.604215521636865
14400,5.631167418275557
18000,5.672651162793824
21600,5.791108467154138
25200,5.9029282088828
28800,5.958640988132225
