time,vpos
72000,0.006848524203402766
75600,-0.004205315663763745
79200,0.008846753894981886
82800,0.014313540974331991
86400,0.00014668609521166596
90000,0.005921215166872129
93600,0.00722347677109088
