time,vpos
75600,-0.0026686374814841214
79200,-6.497634486538778e-05
82800,0.0007012013289534573
86400,0.008045900750337846
90000,0.0005209230635557605
93600,0.0009438655302318932
97200,0.01807396856787439
