time,vpos
75600,-0.0005168991212471461
79200,-7.143693237016043e-05
82800,0.0006817018728570519
86400,3.707973970334719e-05
90000,-0.00021419677519945941
93600,0.0008221582963372882
97200,0.001157491133272911
