time,vpos
79200,0.005655329241642461
82800,-0.0026249652629664285
86400,0.005474161560810556
90000,0.011805297503261045
93600,-2.6678273752951003e-05
97200,0.003102730225579533
100800,0.008015829115990629
