time,vpos
82800,0.003960428779229124
86400,-0.002701172070265377
90000,0.004151683447203222
93600,0.009302733875425392
97200,-0.00032683414285961126
100800,0.002370828992988099
104400,0.006334654208379884
