time,vpos
86400,0.004051195322158675
90000,-0.0024818187571319225
93600,0.004866286818976767
97200,0.008451837134515196
100800,-0.00044392736901124495
104400,0.0032442948239326686
108000,0.005532712180542166
