time,vpos
90000,1.0225833403308257e-06
93600,8.338253842699005e-07
97200,7.695886659180161e-07
100800,-5.063828509723723e-07
104400,-2.1088326330051823e-06
108000,-1.2735051493316105e-06
111600,-2.3622063822465777e-07
