time,vpos
90000,0.003941094810088483
93600,-0.0012297644292654474
97200,0.006252184289172421
100800,0.009442070782539074
104400,6.52082031379064e-05
108000,0.0026868176396502414
111600,0.005222368191138598
