time,vpos
93600,2.5466401724469225
97200,2.554083479393523
100800,2.569799248123183
104400,2.5878853226397576
108000,2.6112138160506606
111600,2.6485201849177367
115200,2.672311673107425
