time,vpos
93600,13.78499981771347
97200,13.836125214603817
100800,13.954660116689304
104400,14.054986409638248
108000,14.147383015307962
111600,14.32335150875681
115200,14.439840184289737
