time,vpos
97200,13.825698349300012
100800,13.872556127411768
104400,13.977674592656383
108000,14.08334314243121
111600,14.249367396546425
115200,7.183428355429212
118800,-0.0011270771612526226
