time,vpos
97200,2.9178314017039293
100800,2.927235236196009
104400,2.947693604832292
108000,2.97369700839403
111600,3.0157809575180554
115200,1.5215014480088391
118800,8.68587931320679e-05
