time,vpos
100800,3.498551432569952
104400,3.5113011859751797
108000,3.5420173043020475
111600,3.592480676495973
115200,-17.906573827576704
118800,-39.905523736188265
122400,-40.372922133454864
