time,vpos
100800,14.859231533094807
104400,14.926218019035426
108000,15.034872594519127
111600,15.208334041529314
115200,-9.32436790239201
118800,-34.40527344404671
122400,-34.821683684312994
