time,vpos
104400,3.6317959090415917
108000,3.650399593345578
111600,3.702826911892569
115200,-26.35257022521906
118800,-57.11072774723529
122400,-58.382573982122565
126000,-58.98548346634826
