time,vpos
104400,15.108406236116775
108000,15.169803310153213
111600,15.35823592846161
115200,-18.99553013080395
118800,-54.14191017135115
122400,-55.425520018188436
126000,-56.043551428016045
