time,vpos
10800,5.910146428615466
14400,5.930547045782748
18000,5.994910929167718
21600,6.072877208685995
25200,6.184617753236592
28800,3.131703614529217
32400,0.0010519445718339107
