time,vpos
10800,15.056416152971947
14400,15.099350895305264
18000,15.231559586990015
21600,15.472721839429198
25200,15.731642821819724
28800,7.919338036553951
32400,5.719854040274856e-07
