time,vpos
108000,15.18929031852975
111600,15.316262883800274
115200,-19.012891209194887
118800,-54.147302454828164
122400,-55.429208316251575
126000,-45.953107813187955
129600,-35.87338603606849
