time,vpos
108000,11.062211558323256
111600,11.162827635202818
115200,-22.589280665774904
118800,-57.110787866200496
122400,-58.38247775716514
126000,-52.513349132376334
129600,-46.041313439191214
