time,vpos
111600,8.743583391436996
115200,-22.36794778717578
118800,-54.12781319188613
122400,-55.423671981025976
126000,-45.97229129006821
129600,-32.660208125690936
133200,-29.447030215313696
