time,vpos
111600,24.403379988715955
115200,-16.019414336512504
118800,-57.11103451287157
122400,-58.382395366348014
126000,-52.51312542979254
129600,-41.72414829554998
133200,-37.40697610020873
