time,vpos
115200,-52.86934817066186
118800,-53.49478715034518
122400,-54.68588640785104
126000,-50.64643536241348
129600,-41.724150518290585
133200,-36.78167855075019
136800,-36.156380104072625
