time,vpos
115200,-55.36698132964997
118800,-56.06063709050534
122400,-57.388825944037336
126000,-46.94837253638885
129600,-32.6602081256924
133200,-29.02336318577463
136800,-28.599696156228184
