time,vpos
118800,-58.41665833739622
122400,-59.07969149435978
126000,-47.80805534369441
129600,-32.660208125693345
133200,-29.023363185776184
136800,-22.805759539226816
140400,-17.01182292222246
