time,vpos
118800,-51.79553731936083
122400,-52.33901680218508
126000,-49.4619089233781
129600,-41.72414812563636
133200,-36.7816736895739
136800,-27.463835279566663
140400,-18.77129786951139
