time,vpos
122400,-59.16985259336727
126000,-47.52161931472267
129600,-32.66020812595061
133200,-29.023363185771757
136800,-22.805759538870088
140400,-11.656226714740416
144000,-6.300630507461009
