time,vpos
122400,-49.69427729691539
126000,-47.86780211817185
129600,-41.72415767930292
133200,-36.78168623600887
136800,-27.463837692250724
140400,-13.071256340719062
144000,-7.3712213497768975
