time,vpos
126000,-34.526720442400276
129600,-34.63322478856384
133200,-31.669712645479393
136800,-22.805759539229438
140400,-11.656226714840752
144000,-3.150984657170396
147600,-0.0013388068867740423
