time,vpos
126000,-44.49421487969181
129600,-44.63013279145888
133200,-40.46121040452241
136800,-27.463833658337123
140400,-13.07126378501858
144000,-3.6855995389399223
147600,3.1281301958159e-05
