time,vpos
129600,-40.02444764744939
133200,-40.14376163373712
136800,-29.517186393526323
140400,-13.071263765604638
144000,-3.6857419727527923
147600,-0.00010514071019217396
151200,4.329990372742685e-05
