time,vpos
129600,-36.2993524100547
133200,-36.39486047118445
136800,-26.751095727270286
140400,-11.656226714839901
144000,-3.1478763393646214
147600,-0.0036713222924369786
151200,-0.012220473309069698
