time,vpos
133200,-30.05288063175416
136800,-30.12356689032912
140400,-18.247441828176434
144000,-3.1545118431943955
147600,0.00340319465573302
151200,0.0002930607422047232
154800,-0.014613446767055118
