time,vpos
133200,-28.853286814909072
136800,-28.939454989819303
140400,-18.19842676782068
144000,-3.6856184413680113
147600,-8.531693314987395e-05
151200,-7.418846141686476e-05
154800,1.5745119274841434e-05
