time,vpos
136800,-15.495626053311238
140400,-15.537846734185848
144000,-7.791798677695478
147600,-0.0030838935027798823
151200,-0.0017542410515901561
154800,-0.0014326751382318943
158400,-0.0019947148483432115
