time,vpos
136800,-19.26783813729915
140400,-19.328056591159015
144000,-9.695964427495026
147600,0.004071928040133828
151200,-0.00019647418465942423
154800,0.0010594659924553452
158400,0.014309546405666033
