time,vpos
140400,-1.1050269062575941e-05
144000,0.00013831199599553977
147600,0.0003606446613929728
151200,0.0003002335843883371
154800,0.000205862828200114
158400,0.00010889073689055896
162000,-2.7092075574726033e-05
