time,vpos
140400,-0.0042413381176466735
144000,-0.009977667920898195
147600,-0.0036035148750512168
151200,-0.0025170805948716733
154800,0.0033494637680752917
158400,0.006294002519799702
162000,-0.007652051660341809
