time,vpos
14400,14.826255027835133
18000,14.913607504426002
21600,15.14972676457003
25200,15.403247482312299
28800,7.7539725751528055
32400,8.754333864908255e-06
36000,7.377486352927848e-05
