time,vpos
14400,6.092220129420643
18000,6.1273732019339135
21600,6.233928200972308
25200,6.367038076466629
28800,3.2154050670890633
32400,-0.002171888305694137
36000,-0.006407885353689109
