time,vpos
144000,-0.0015710527041529854
147600,-0.0005779620861879743
151200,0.00023769940224088103
154800,-0.00016536465861842313
158400,0.00011666984372221254
162000,0.00039473935564788957
165600,0.00016513943390978253
