time,vpos
144000,-0.01111746365815812
147600,-0.012344567085340161
151200,-0.002146625020082798
154800,-0.0012916537043664066
158400,0.0026193309009467087
162000,0.006544913259755545
165600,-0.004010563163471748
