time,vpos
147600,-0.006245058999945839
151200,-0.015207019753759064
154800,-0.0036776001569457538
158400,0.0003366318241606876
162000,0.0016990972928527062
165600,0.007957703351485289
169200,-0.00362330442809424
