time,vpos
147600,1.7348545063948516e-07
151200,1.2553602391828136e-07
154800,-1.9064631388506652e-07
158400,1.774670193875923e-07
162000,4.417753717137619e-07
165600,2.7500938184924863e-07
169200,4.802812840133686e-07
