time,vpos
151200,-0.02065007239562568
154800,-0.00684792509308361
158400,0.0002872878361755084
162000,-0.0028574019475842882
165600,0.0032801014717054643
169200,8.228241174769652e-05
172800,-0.005730795477976668
