time,vpos
151200,2.2399867696657e-07
154800,2.2479866445937903e-07
158400,-2.8184501599500857e-07
162000,-7.305584172247313e-07
165600,-3.140229447034685e-07
169200,-8.902141438703845e-09
172800,-6.158654397772798e-08
