time,vpos
154800,7.951838786344817e-05
158400,-0.003638508958565644
162000,-0.009275471415449587
165600,0.004443754215183079
169200,0.00046611107119805327
172800,0.0007626228169833286
176400,0.020674938447841146
