time,vpos
154800,-0.0013516185653284437
158400,-0.0008867441979072283
162000,-9.25236723721952e-05
165600,0.00010607889648086788
169200,7.521289806893464e-06
172800,2.635868061980847e-05
176400,1.3010088845943202e-05
