time,vpos
158400,-3.2903454151239415e-05
162000,-1.4783734589055587e-05
165600,-1.3957465645314588e-05
169200,-1.494176511073047e-05
172800,-8.385696207425945e-06
176400,-1.713129783053527e-05
180000,-1.612381720392217e-05
