time,vpos
158400,-0.04847433599571315
162000,-0.012762485126961199
165600,0.004969971440700908
169200,0.002229297298669154
172800,0.01292309106084262
176400,0.0055843992188039275
180000,0.002790633773649861
