time,vpos
162000,-8.082512156582024e-05
165600,7.74768357112193e-07
169200,6.007287611883675e-05
172800,4.922433972380623e-05
176400,5.4801948469506635e-05
180000,3.727191815623874e-05
183600,2.5617524863447784e-05
