time,vpos
162000,-0.027202771921050917
165600,-0.006705908174981049
169200,0.0036369961082384538
172800,-0.001221586208773805
176400,0.005759243771901715
180000,0.00551433113140093
183600,0.003583965656062731
