time,vpos
165600,4.937514040903129e-06
169200,1.7847639346969024e-06
172800,-1.198329038689437e-06
176400,3.0292814859059894e-07
180000,-5.628787487105697e-07
183600,-6.9153340597904305e-06
187200,-1.1070382419108974e-05
