time,vpos
165600,-0.04571061654591313
169200,-0.0113420526745373
172800,0.008266327818169602
176400,0.007814043728673727
180000,0.011796844190596078
183600,0.004794132606657375
187200,0.008116519849969375
