time,vpos
169200,-0.05210650088425632
172800,-0.008728764075526224
176400,0.009159855230871755
180000,0.00557274422957667
183600,0.015931798278854135
187200,0.005717281281287915
190800,0.007045716735481263
