time,vpos
169200,-5.287855191726766e-05
172800,3.590522992000128e-05
176400,0.00015328134555219717
180000,-0.00010160703436770656
183600,-0.0003468778181704386
187200,-0.00011172815905636918
190800,8.521157014560162e-05
