time,vpos
172800,0.00033210441922593533
176400,0.00029912135303394356
180000,5.803978579926715e-05
183600,0.00015435093991684093
187200,-0.00021250962409053318
190800,-0.0008744875743152999
194400,-0.0008651953053724342
