time,vpos
172800,-0.04654357003419586
176400,-0.0034274989034632506
180000,0.00795532291369818
183600,0.004596270175322089
187200,0.017473367674331157
190800,0.0036789640485771235
194400,0.005381659499009115
