time,vpos
176400,-2.0255431023239454e-06
180000,-3.866769442281774e-07
183600,-2.9541151029080525e-06
187200,-1.79523079338754e-06
190800,1.763657167406569e-06
194400,8.345618151809882e-07
198000,1.7117671284574542e-06
