time,vpos
176400,-0.02547359631438961
180000,0.00334785413562641
183600,0.004902255729127614
187200,0.003976141041161645
190800,0.014132561684122939
194400,0.0005207906395167804
198000,0.0030935331204981764
