time,vpos
18000,5.250654175729347
21600,5.330852948494534
25200,5.445476907319761
28800,2.7424500924506323
32400,0.009163060376323952
36000,-0.004723804386181752
39600,-0.022775638003546293
