time,vpos
18000,13.160782867783874
21600,13.291301542274681
25200,13.513678120490964
28800,6.802751559586421
32400,-1.0692537251640879e-05
36000,6.574468925984378e-05
39600,0.0001199694094280791
