time,vpos
180000,0.25421029017106367
183600,0.2550622687601616
187200,0.2563077464493798
190800,0.2573814589662106
194400,0.25922678338396943
198000,0.2602959455190352
201600,0.26019999665305293
