time,vpos
180000,0.013170607058887502
183600,-0.0007811087958066595
187200,-0.026947123845786757
190800,0.0045052695086324505
194400,0.03184658184993738
198000,0.013431557356366464
201600,0.011341913071195756
