time,vpos
183600,0.31064680056318367
187200,0.3115377360653349
190800,0.3133162433823998
194400,0.315104487020636
198000,0.3169087024662573
201600,0.15890754818518302
205200,2.850281810005148e-06
