time,vpos
183600,-0.07364108508176312
187200,-0.03443430617494551
190800,-0.03347728342835031
194400,-0.06381192138652804
198000,0.012183228005494852
201600,0.04234926002500266
205200,0.004435260854532289
