time,vpos
187200,0.27252374640377963
190800,0.273296065384775
194400,0.2748596402225629
198000,0.27643506417923813
201600,-25.842538151667778
205200,-52.67524810833191
208800,-53.38820068104913
