time,vpos
187200,-3.8642759352455425
190800,-3.850243818005344
194400,-3.8817390090561075
198000,-3.911159486187818
201600,-27.852374309400723
205200,-52.521645387702165
208800,-53.233594811631455
