time,vpos
190800,-3.7337564452765424
194400,-3.743570220487766
198000,-3.763275377426853
201600,-40.247557897222485
205200,-77.73148928850355
208800,-79.854912127995
212400,-80.96879471427314
