time,vpos
190800,0.4699081835389326
194400,0.4695616791996445
198000,0.47030906666882505
201600,-38.60417099558677
205200,-78.74786479469726
208800,-80.99550497507003
212400,-82.17502531039636
