time,vpos
194400,0.09409337835614942
198000,0.09121431153094078
201600,-44.6733308518713
205200,-90.63981897605498
208800,-93.11453636692275
212400,-95.7700273004351
216000,-97.15562287068634
