time,vpos
194400,3.1774298426442007
198000,3.186498013607371
201600,-43.93025205679152
205200,-92.30471749161839
208800,-94.9389106279571
212400,-97.7429723160493
216000,-99.16148806126762
