time,vpos
198000,7.004982858989928
201600,-46.49750857050503
205200,-99.99999999999997
208800,-99.99999999999997
212400,-100.0
216000,-100.0
219600,-100.0
