time,vpos
198000,5.193624275465096
201600,-47.25550890692024
205200,-99.8523210446527
208800,-99.99999999999984
212400,-99.99999999999984
216000,-99.99999999999791
219600,-99.99999999999602
