time,vpos
201600,-99.99999999999994
205200,-99.9999999902898
208800,-99.99999986585921
212400,-99.99999987554067
216000,-99.99999990701257
219600,-71.47289103267404
223200,-42.94578225126546
