time,vpos
201600,-99.99999999999896
205200,-99.9999999999984
208800,-99.9999999999983
212400,-99.9999999999978
216000,-99.99999999999835
219600,-67.38145461247741
223200,-34.762909224954974
