time,vpos
205200,-99.99999999998563
208800,-99.99999991291416
212400,-99.9999995836687
216000,-99.99999965453681
219600,-72.27511596741157
223200,-39.159206274010316
226800,-33.768180580776416
