time,vpos
205200,-99.99999999919778
208800,-99.9999999991459
212400,-99.9999999995018
216000,-99.9999999999548
219600,-68.26021528024157
223200,-27.77277174197335
226800,-19.025112923463567
