time,vpos
208800,-99.9999999999962
212400,-99.99999999963268
216000,-99.99999999963232
219600,-73.1952388137465
223200,-39.87887672896774
226800,-28.011301955961287
230400,-22.655328081484594
