time,vpos
208800,-99.99999999996389
212400,-99.99999999998195
216000,-99.99999999999997
219600,-69.80140556205085
223200,-29.315481662613664
226800,-16.24708592778241
230400,-13.46601965443925
