time,vpos
212400,-99.99999999999983
216000,-99.99999999999952
219600,-74.36579982488179
223200,-41.3740281584092
226800,-27.87560344342619
230400,-10.86736836320186
234000,1.3493394611593144e-05
