time,vpos
212400,-99.9999999998894
216000,-99.9999999999447
219600,-71.45738528942616
223200,-31.615037091075482
226800,-16.737540920983175
230400,-6.57989118589572
234000,-4.133123733341607e-06
