time,vpos
21600,9.493241300363566
25200,9.558302306278385
28800,4.811720072211524
32400,2.9402791861904377e-05
36000,-3.317312016345197e-05
39600,-2.2597572602513176e-05
43200,3.124449001373807e-06
