time,vpos
21600,7.410616128502799
25200,7.480303427444346
28800,2.3918807679579746
32400,-2.7966083125093957
36000,-2.829397358629392
39600,-2.8721164964113264
43200,-2.9124257101127164
