time,vpos
216000,-99.99999999999952
219600,-82.16674986353631
223200,-41.64323245308666
226800,-15.851841374208881
230400,-6.375416807004525
234000,-5.986714247860182e-05
237600,-3.689593457634933e-06
