time,vpos
216000,-99.99999999518529
219600,-84.41604245676693
223200,-50.95285597573989
226800,-26.75930787448465
230400,-10.220836278359718
234000,0.0016589810451917467
237600,1.8029717063705024e-06
