time,vpos
219600,-50.88565195335487
223200,-51.05490656681126
226800,-31.704430320598327
230400,-6.09291894995119
234000,-9.632251704913943e-05
237600,0.0005116113674905748
241200,7.742879570933267e-05
