time,vpos
219600,-60.00929507308437
223200,-60.18137078882535
226800,-39.76262796959169
230400,-9.586226483651586
234000,-0.00035793595807348804
237600,3.184154028976507e-05
241200,0.00013602231061582545
