time,vpos
223200,-29.89069734468669
226800,-29.991932645736718
230400,-15.045929171692174
234000,0.004310813918024416
237600,-0.0005177917302341082
241200,-0.001553856701053046
244800,0.005239894492003978
