time,vpos
226800,-2.0911787863316476
230400,-1.0458105013337518
234000,-8.065463356694185e-05
237600,0.001069934190585511
241200,0.0007775698833034307
244800,-0.0011354415525979314
248400,-0.0019670615593536224
