time,vpos
226800,-0.9044723654611538
230400,-0.45183490741218574
234000,0.0001892624665636537
237600,-0.0003907049963334341
241200,-0.00019819591664317252
244800,0.00015785032434288056
248400,0.000354708192960157
