time,vpos
230400,0.0033616881158624184
234000,-0.0010135994626297514
237600,-0.005258051560277257
241200,-0.003420313836096042
244800,0.0025064794229036425
248400,0.0006456450461625636
252000,-0.005435080346241649
