time,vpos
234000,3.8564448651725165e-05
237600,5.034738173677789e-05
241200,-4.0655953039104546e-05
244800,-0.00010083302897873699
248400,-2.5188118174508607e-05
252000,4.025427667237239e-05
255600,7.266095263632772e-05
