time,vpos
234000,-0.002049830821241328
237600,-0.0026619017943150585
241200,-0.002981672291090963
244800,-0.004134343556066712
248400,0.0023337640040352
252000,0.002337578404191365
255600,-0.005571686497027957
