time,vpos
237600,-0.0037119013001579637
241200,-0.005421735012612372
244800,-0.0036573462179888684
248400,-0.0035872645765281687
252000,0.002904462373810938
255600,0.0037115111979525045
259200,-0.005377307793862248
