time,vpos
237600,-0.0007176312460881293
241200,-0.0004162192125820155
244800,0.0002524536336804401
248400,0.00025482891441027343
252000,0.0006769859223104608
255600,0.001106808484801235
259200,0.0007495885073653136
