time,vpos
241200,-0.01659837313286371
244800,-0.008378140892318451
248400,0.008275460195682061
252000,0.015317344588575808
255600,-0.009165326734684055
259200,-0.03225651360338241
