time,vpos
241200,-0.00016533107422894906
244800,-2.5860297922080397e-06
248400,6.17365062180556e-05
252000,-2.5659246213094217e-06
255600,0.00017776698450089825
259200,0.00032397981603599356
