time,vpos
25200,19.812568043749394
28800,5.254614372258035
32400,-9.346503391334329
36000,-9.493128314072719
39600,-9.641486272875643
43200,-9.780187086576989
46800,-9.873990772112794
