time,vpos
25200,7.760897131324672
28800,3.8804498216879395
32400,0.0002576917267831119
36000,9.434121333849223e-05
39600,-0.0002748197357654099
43200,0.00031815032611292037
46800,0.0008617511480741999
