time,vpos
28800,0.08509824093138624
32400,0.08546829098880422
36000,0.08601712865545133
39600,0.08657189849101066
43200,0.08715479591272439
46800,0.08766011911965269
50400,0.08795852713119748
