time,vpos
28800,-6.932534416632015
32400,-6.98306175747022
36000,-7.085237259000346
39600,-7.188909294267002
43200,-7.295985966089741
46800,-7.399904331451642
50400,-7.448769899565538
