time,vpos
32400,-3.6618209292014403
36000,-3.6885472406872095
39600,-3.742419695260012
43200,-3.7985775485412114
46800,-3.8522708007445896
50400,-1.9385587915988218
54000,-0.00016524044384038728
