time,vpos
32400,0.4208435585896414
36000,0.422041904775048
39600,0.4244502070796864
43200,0.42687302155213125
46800,0.4293069750468764
50400,0.4317567844606695
54000,0.43298549873293046
