time,vpos
0,0.01186829444064499
3600,0.00804836265633931
7200,0.01740127709358086
10800,0.013603967906041637
14400,0.002668754217512173
18000,0.0008677337051871268
21600,-0.006968228527694919
