time,vpos
3600,0.04466510203202571
7200,0.034598588122951905
10800,0.0022234841902895805
14400,-0.020025127601119522
18000,-0.011170807120023161
21600,-0.0017635961217601537
25200,-0.001150727372414087
