time,vpos
36000,-5.218052418887467
39600,-5.232905726964979
43200,-5.262814490900474
46800,-5.292921729130024
50400,-5.323143616546519
54000,-5.3535353497958145
57600,-5.368756978000181
