time,vpos
36000,0.03096199724644614
39600,0.02840963941203387
43200,0.021230705991962775
46800,0.011365008396731067
50400,-0.0013970335719574133
54000,-0.0075615390355779945
57600,-0.00620312454008298
