time,vpos
39600,0.012706108074174351
43200,0.0027108517657428613
46800,0.01769322980943804
50400,0.014951265562468643
54000,0.008679008880235577
57600,0.01316736806633664
61200,-0.003791614664425298
