time,vpos
39600,-3.8989637394628947
43200,-3.909844987772014
46800,-3.9321291801590843
50400,-3.955064522277374
54000,-3.9776317287845266
57600,-1.9944186939404147
61200,-0.000170850629487086
