time,vpos
43200,0.002607919799151888
46800,0.005677517563900012
50400,0.0027422406154261315
54000,0.001709949330234016
57600,0.002967214040335532
61200,-0.0005736867797190146
64800,-0.0003992688818451901
