time,vpos
46800,0.0015486871924326462
50400,0.00031419635423475425
54000,-0.0030162757216400963
57600,-0.006780091151770181
61200,0.009323424731058487
64800,0.013065201816684708
68400,-0.0009643711729708632
