time,vpos
50400,-0.012399386924767424
54000,-0.013287973209886388
57600,-0.017820131519786855
61200,-0.011005381227107642
64800,0.0004798109097582026
68400,0.0008488896109310796
72000,0.0001910984926988316
