time,vpos
54000,1.8080971112879385
57600,0.9034269181692423
61200,-0.008361767464917978
64800,-0.0008307288926555709
68400,0.006352234103984141
72000,-0.0010108436181608103
75600,-0.0009073532492188377
