time,vpos
54000,-0.0003760982770303618
57600,3.128689366669774e-05
61200,0.00024895411135357265
64800,9.518948257614533e-05
68400,0.0006380842022255042
72000,0.0010298664331492657
75600,0.0009147072686564259
