time,vpos
57600,-0.020334826976309284
61200,0.0021993612254784215
64800,0.0016895946403690746
68400,0.001768743860062363
72000,0.015441811571868514
75600,0.002638181909418281
79200,-0.0007154114582477613
