time,vpos
61200,0.010977676190059883
64800,-0.003861189864304889
68400,0.008932381314526389
72000,0.018972811121321594
75600,0.0020459852368853886
79200,0.005399883069583484
82800,0.008088599360316941
