time,vpos
64800,0.009703910409434961
68400,-0.0014963366909032235
72000,0.013081306708273345
75600,0.02320503239927065
79200,0.0012759662343047532
82800,0.0035052053479856303
86400,0.012009345818114959
