time,vpos
68400,0.00019797156706691647
72000,0.0012024233678124443
75600,0.001449104016196795
79200,0.0003482253897358099
82800,-0.0010026969250271772
86400,9.369439549241844e-05
90000,0.002197900556675193
