time,vpos
68400,0.0034474845993405587
72000,-0.003017080203465759
75600,0.014166176918623775
79200,0.012973284086937754
82800,0.0025467892023099395
86400,0.006519783455096172
90000,-0.003921442164071652
