time,vpos
7200,5.416389365624168
10800,5.43329982556272
14400,5.463892983009345
18000,5.500870067891797
21600,5.564254533052109
25200,5.6385317274634845
28800,5.672718844088931
