time,vpos
7200,30.5778555715906
10800,30.6651368211324
14400,30.840233660510552
18000,31.03856866929091
21600,31.281453211284216
25200,31.524510801225603
28800,31.635203268117685
