time,vpos
72000,0.0021937551469319513
75600,-0.00020294603777893478
79200,0.006334937491957136
82800,0.011544620000759807
86400,-0.0005070658607222501
90000,0.002621471636784435
93600,0.014076792790128892
