time,vpos
75600,-0.003747737879608538
79200,-0.006128235035835622
82800,0.008582666000219856
86400,0.007025331282975873
90000,-0.0007459989625323458
93600,0.0065107430501856085
97200,0.002890082398885235
