time,vpos
79200,0.0008784269469584629
82800,-0.002824880815526778
86400,0.001201332684586863
90000,0.014235206946773875
93600,0.0014394759042735592
97200,-0.001122933961836915
100800,0.014414740214141051
