time,vpos
82800,-0.01077821405143153
86400,0.008479529532213929
90000,0.015203041366253289
93600,0.02385328256525799
97200,0.0015108323508424102
100800,-0.013767108938568404
104400,0.014481872935047163
