time,vpos
86400,0.01113393533729171
90000,0.02998724252771919
93600,0.02695479721966144
97200,0.0013413666009782443
100800,-0.0068394662805397344
104400,-0.012104961130954706
108000,-0.012917301220049669
