time,vpos
90000,0.00037516132803954355
93600,0.00014662756247272508
97200,-0.0001227586108969375
100800,1.5594790968347057e-05
104400,0.00011307345718392976
108000,2.515247292078251e-05
111600,1.8958632110181198e-05
