time,vpos
90000,-0.011962547406475333
93600,0.002517059871585644
97200,0.021695713712028296
100800,0.014063698522133494
104400,0.026587879795662732
108000,0.01064563753764889
111600,-0.030151847746170662
