time,vpos
93600,0.015010404838978423
97200,0.01631803748959233
100800,-0.006622052300087489
104400,0.01443918059585152
108000,0.0265893764556489
111600,0.00633128721106102
115200,0.019231957442908506
