time,vpos
93600,16.80996188252773
97200,16.858825318831524
100800,16.95597692975238
104400,17.053063259508335
108000,17.15032950085813
111600,17.295952738560846
115200,17.393107890052654
