time,vpos
97200,16.774485392789384
100800,16.822499370871586
104400,16.91876167986191
108000,17.015316684300437
111600,17.159864321175416
115200,8.628045758329652
118800,-1.3767860684169516e-05
