time,vpos
97200,-7.087900345158885
100800,-7.127794581168614
104400,-7.23358726982532
108000,-7.31312837243589
111600,-7.4151183289022855
115200,-7.616655843168796
118800,-7.729846050932501
