time,vpos
100800,-3.1706521139789445
104400,-3.1728906253059033
108000,-3.198843454638252
111600,-3.2642224267806275
115200,-25.757033800342192
118800,-48.939105766895054
122400,-49.67003101402334
