time,vpos
100800,15.94599459587092
104400,15.9928368955988
108000,16.085108073108835
111600,16.220653842199457
115200,8.155519668132508
118800,-0.00018187760766557356
122400,-0.0006323579724134262
