time,vpos
104400,12.229378228347136
108000,12.309835819856213
111600,12.528481433918873
115200,-29.609928491811772
118800,-72.96554688474602
122400,-75.23861148295258
126000,-76.43265563650912
