time,vpos
104400,15.348208733706922
108000,15.392031146226737
111600,15.522785473368245
115200,-0.5738919611621818
118800,-16.89354742991179
122400,-17.17569878312083
126000,-17.321804016732383
