time,vpos
10800,30.809477098212803
14400,30.897489169102432
18000,31.096537217436236
21600,31.34011077715457
25200,31.583379877899244
28800,16.9138241475394
32400,2.1335368987090457
