time,vpos
10800,6.5445903878421525
14400,6.55163381551244
18000,6.598197968490482
21600,6.669879355307421
25200,6.752743420252692
28800,3.3994799561140687
32400,-0.004486911460646587
