time,vpos
108000,13.832924554912518
111600,13.910919585213005
115200,-2.977647980604481
118800,-20.10613622107788
122400,-20.442119702414114
126000,-20.723892540757276
129600,-20.831607542119627
