time,vpos
108000,20.35793959046712
111600,20.586725053519306
115200,-25.532901223575244
118800,-72.97054543075829
122400,-75.24130255117029
126000,-61.76807461069516
129600,-47.113322016844336
