time,vpos
111600,-9.995517976720805
115200,-15.536421054428878
118800,-21.247955707715
122400,-21.602509995053115
126000,-21.900696574732915
129600,-22.077666292363585
133200,-22.14037214207452
