time,vpos
111600,49.643839057837454
115200,-11.120947367015118
118800,-72.98063935268824
122400,-75.23947099704745
126000,-61.75835954871452
129600,-23.554593666062956
133200,0.004134684717020491
