time,vpos
115200,-30.39666909689967
118800,-30.64347530870203
122400,-31.15534260294206
126000,-30.85700843996878
129600,-28.47693202925837
133200,-23.146472108623314
136800,-19.632693353287706
