time,vpos
115200,-70.86565516793297
118800,-71.9185154391943
122400,-74.14748351140126
126000,-61.21845666459292
129600,-25.88889699756975
133200,-4.699909184615874
136800,-4.735346390931183
