time,vpos
118800,-67.52870455664329
122400,-68.6222950656171
126000,-58.41460379572035
129600,-25.896587545157413
133200,-4.6999685646029965
136800,-2.358542238416873
140400,0.002999578907228863
