time,vpos
118800,-55.45346191491119
122400,-55.92959647463955
126000,-43.349674753476506
129600,-28.476937321739882
133200,-25.014494073275063
136800,-23.435447570795223
140400,-23.502163165935
