time,vpos
122400,-60.93175418007765
126000,-61.25039194579208
129600,-44.114643548695085
133200,-25.014323141399004
136800,-23.435449229991384
140400,-13.614859340695254
144000,-3.7272091183220857
