time,vpos
122400,-55.11788804870721
126000,-51.11560503277525
129600,-25.89619422551187
133200,-4.699965363531793
136800,-2.337636490521388
140400,0.007061144081352776
144000,-0.031469023677640866
