time,vpos
126000,-23.0483512782495
129600,-13.855744218017934
133200,-4.699900491925186
136800,-2.3513523681287016
140400,0.007903314964949755
144000,-0.0145504287747265
147600,-0.010948397672752162
