time,vpos
126000,-59.60631135448943
129600,-59.775110488969084
133200,-41.65545858239857
136800,-23.43545107052933
140400,-13.615551249537816
144000,-1.8632882951697523
147600,0.000631309025872166
