time,vpos
129600,-47.06185727579819
133200,-47.19627246541938
136800,-37.27383888444985
140400,-15.472099183348186
144000,-1.8636041159294439
147600,-9.463178201399082e-07
151200,-1.9136140114780102e-06
