time,vpos
129600,-3.7804256148930717
133200,-3.800530116916409
136800,-1.8997939768957608
140400,0.0083937427663382
144000,-0.0070865105533032486
147600,-0.0024564334778318475
151200,0.00500097453539451
