time,vpos
133200,-19.30046580731453
136800,-19.382328548481865
140400,-9.730574771140375
144000,0.003969468147506556
147600,-0.0005791766561552135
151200,-0.00228186391032059
154800,0.0014918144182389872
