time,vpos
133200,-41.90766271490704
136800,-42.02679969270893
140400,-22.93657279395734
144000,-1.8643996703291703
147600,-0.0005011496091893611
151200,0.0022634002368589583
154800,0.003938676437617687
