time,vpos
136800,-13.060979708939593
140400,-13.099865389298978
144000,-6.573287492108228
147600,0.0011430585326038956
151200,0.002501369669585579
154800,0.0019390618680347922
158400,0.008985416020196786
