time,vpos
136800,-28.360803962192684
140400,-28.44172522870487
144000,-14.26137530734311
147600,-4.187533243460966e-05
151200,1.5924036369478764e-05
154800,-0.0001193541561204348
158400,-0.00025018758067993564
