time,vpos
140400,-0.0187693616408551
144000,-0.0015742692189748457
147600,-0.007534854236784685
151200,-0.008569161890840258
154800,0.01154839977994569
158400,0.012123422278171035
162000,0.014702252891244955
