time,vpos
14400,31.427158722826075
18000,31.539610122781912
21600,31.786577317817823
25200,32.03334028098197
28800,17.13956273844458
32400,1.066789688269518
36000,4.1348715932159176e-05
