time,vpos
14400,7.7738859099090565
18000,7.791363627544058
21600,7.872420859698803
25200,7.990517747741826
28800,4.026014365276968
32400,0.003800927784765952
36000,0.0006082462807057028
