time,vpos
144000,-0.033478688746040694
147600,-0.010264419107160194
151200,-0.0009522300102404171
154800,0.0036934330800542634
158400,0.013663595099328327
162000,0.005199774975640755
165600,0.005313536464934517
