time,vpos
144000,-0.00012942147987838264
147600,-0.00019082884705044615
151200,-0.0001302944473400039
154800,6.413703741626496e-05
158400,-2.375279017390025e-05
162000,-8.96887195673377e-05
165600,4.75489650315321e-06
