time,vpos
147600,0.0021158816291155184
151200,0.00035610623762039354
154800,-0.0035063538552335322
158400,0.002948889969501402
162000,0.0036296697192538152
165600,-0.0032837791765795207
169200,-0.002320079296071534
