time,vpos
147600,-0.0002121549070812155
151200,-0.00012195110025509422
154800,-0.0004468971587016765
158400,-0.0005851647170196256
162000,-0.0002005023925474566
165600,-1.4307553113785103e-05
169200,6.41072688024717e-05
