time,vpos
151200,0.02451172636685078
154800,0.02549386509295
158400,0.004524138569275292
162000,0.0033988464674504157
165600,0.0070588578757126
169200,0.005896412701238
172800,0.021900529266450263
