time,vpos
154800,-4.4711671435499966e-08
158400,-5.999405184738321e-08
162000,-7.561932959705822e-08
165600,-8.972591276120642e-08
169200,-5.996242291579426e-08
172800,-2.391372205584992e-08
176400,-3.139219686767418e-08
