time,vpos
154800,0.000986228764962679
158400,5.971142198223934e-05
162000,-0.001655359825874345
165600,-0.001499419781572631
169200,0.0018649616086441592
172800,-0.0001866812475043148
176400,-0.0046582115446917195
