time,vpos
158400,0.0007758264928861038
162000,0.0024899088510373178
165600,-0.021051985747689867
169200,0.004113042302393869
172800,0.02238087587930587
176400,0.00873107203201672
180000,0.027234439614777707
