time,vpos
162000,-0.010407593542828292
165600,-0.0008380745575311909
169200,-0.010689780458671597
172800,0.004600184002966263
176400,0.012263503267628807
180000,0.007006988636846207
183600,0.028798344089476433
