time,vpos
165600,-0.013273708800595512
169200,-0.003816026088505656
172800,-0.007364498317787132
176400,0.005968871844787293
180000,0.008825487593526938
183600,0.006589326406635935
187200,0.02783607457495105
