time,vpos
165600,-3.160957988935226e-07
169200,-2.3101290804462563e-07
172800,2.816418856369207e-08
176400,1.6789541824595954e-07
180000,5.50135854555025e-08
183600,-6.080870278798239e-08
187200,-9.81121343181635e-08
