time,vpos
169200,-0.011131067920864667
172800,-0.0013756175657904694
176400,-0.012844943005719466
180000,0.008762999932635289
183600,0.01803868323563794
187200,0.005541915562476345
190800,0.026602183319670045
