time,vpos
169200,-0.0002675032290923459
172800,-0.0001999061249257042
176400,0.00013995038601804306
180000,0.0003502500427532238
183600,0.00029686877352025343
187200,0.0002482325828750437
190800,0.00019101791142087964
