time,vpos
172800,-7.469017767063278e-05
176400,4.8472765226190356e-05
180000,-0.0002553896051210744
183600,0.0006755043836146545
187200,0.0012326895972042337
190800,0.0014601913815989237
194400,0.002488427254383851
