time,vpos
172800,-0.002267101367323045
176400,-0.00396392849733807
180000,-0.002823595875336236
183600,-0.0021803954142436753
187200,0.0015310862908001254
190800,0.0017462784093724346
194400,-0.003943970468023354
