time,vpos
176400,-0.02448695378598994
180000,-0.008005033463106588
183600,0.003156675148382215
187200,-0.003925415925288962
190800,0.004255053660995374
194400,0.005418962623266306
198000,-0.0033594773630237253
