time,vpos
176400,-6.866907521327191e-07
180000,-5.776013146278387e-07
183600,-1.8172508155548232e-07
187200,-8.877281120137668e-07
190800,-9.233217569124885e-07
194400,-3.126273474494022e-08
198000,-9.639989370443069e-08
