time,vpos
18000,31.20879082660138
21600,31.341280924526604
25200,31.585249756604384
28800,16.915132545897674
32400,1.0667656837116783
36000,-1.6612199489587185e-06
39600,1.9111751653547463e-06
