time,vpos
18000,10.12732291998969
21600,10.202996795198846
25200,10.344681241798414
28800,3.456446747421023
32400,-3.5215780012091207
36000,-3.5563803805186325
39600,-3.567403076965804
