time,vpos
180000,11.224640589721568
183600,11.256658265710026
187200,11.320872507833826
190800,11.385510149741254
194400,11.450574356142122
198000,11.516023828834419
201600,11.548850170897941
