time,vpos
180000,-0.002565703361105578
183600,0.002516728212460472
187200,0.005016175372142247
190800,0.006194940639777644
194400,-0.0022049752679270114
198000,-0.0012452831071793884
201600,0.011876074642792563
