time,vpos
183600,10.66793518500536
187200,10.6984538006764
190800,10.75960305123159
194400,10.820997660053383
198000,10.882821610630804
201600,5.456940358810443
205200,-8.696496991360175e-07
