time,vpos
183600,-0.0006052591064874746
187200,0.0060367910913748
190800,0.004389271923659887
194400,-0.000291054840917417
198000,0.00477059621597303
201600,0.0017387669020955119
205200,-0.00274547086767257
