time,vpos
187200,9.927586494584004
190800,9.955897848382925
194400,10.012675813040572
198000,10.069836507714491
201600,-0.3680143540295534
205200,-10.969889121071155
208800,-11.105218942553519
