time,vpos
187200,-4.075303507505785
190800,-4.0819820944851
194400,-4.093357177332037
198000,-4.119794948685353
201600,-4.144813970967169
205200,-4.185696870075154
208800,-4.223302022387017
