time,vpos
190800,-1.8310175565293512
194400,-1.8209542604325415
198000,-1.8309668601611497
201600,-19.09474063758216
205200,-36.68486350852844
208800,-37.532800121252585
212400,-38.03431174462604
