time,vpos
190800,9.334585193676375
194400,9.361273222690283
198000,9.414772081309595
201600,-13.614383604617746
205200,-37.12862728543734
208800,-38.043766687809
212400,-38.5006289248938
