time,vpos
194400,7.029736789438937
198000,7.04986154784476
201600,-18.849707870098577
205200,-45.32875974795375
208800,-46.44568542551033
212400,-47.52015476778772
216000,-48.03705613401454
