time,vpos
194400,0.20120901080315462
198000,0.20529639925281512
201600,-21.14537720671204
205200,-54.36309508071864
208800,-67.06501091295043
212400,-68.9392701179387
216000,-69.97457037028725
