time,vpos
198000,-6.290249407929921
201600,-31.168793874191813
205200,-56.74721777457648
208800,-58.14537903224749
212400,-59.49052426230441
216000,-60.85843578012582
219600,-61.57948389143857
