time,vpos
198000,-9.72863092839214
201600,-26.114384564756886
205200,-64.1894121808096
208800,-87.02919539159475
212400,-89.45187608787637
216000,-92.1943454377712
219600,-93.66464332248164
