time,vpos
201600,-61.50546443407491
205200,-62.25401150221239
208800,-63.781590075894876
212400,-65.27346178660989
216000,-66.76458194307054
219600,-35.53616932241066
223200,-3.529476750460124
