time,vpos
201600,-51.77859446519979
205200,-68.82626422839644
208800,-87.03171028955498
212400,-89.45762243248524
216000,-92.1919447674874
219600,-62.92488232989587
223200,-32.19163340227054
