time,vpos
205200,-99.99999999999929
208800,-99.99999999998101
212400,-99.99999999997993
216000,-99.99999999999687
219600,-68.39742462127545
223200,-32.095360126515196
226800,-27.39587101047612
