time,vpos
205200,-74.29128540461434
208800,-75.19480496782565
212400,-76.9350691459808
216000,-78.70357099185526
219600,-41.582404020171886
223200,-1.764733762963623
226800,1.2291630680423741e-05
