time,vpos
208800,-93.1169234989396
212400,-94.14083685393125
216000,-96.30562917448859
219600,-50.48798758321675
223200,-1.7647301816572838
226800,-4.674864324495191e-06
230400,-1.601279330793629e-05
