time,vpos
208800,-99.99999999999083
212400,-99.99999999999535
216000,-99.99999999999987
219600,-73.67531004904586
223200,-41.575062763868665
226800,-35.97243251077753
230400,-36.145359591909596
