time,vpos
212400,-99.99999999999932
216000,-99.99999999999966
219600,-58.64191897153896
223200,-8.642342814437846
226800,0.004237200895854247
230400,0.004601870011869631
234000,-0.0001183475657210892
