time,vpos
212400,-99.99999999999874
216000,-99.99999999999885
219600,-76.87498721045351
223200,-46.51044863954898
226800,-39.46067172795957
230400,-19.825217569702964
234000,-1.4541676678562378e-05
