time,vpos
21600,9.253159916121986
25200,9.285799391364968
28800,5.725987728916874
32400,1.0667708135939995
36000,3.227254729042699e-06
39600,1.4128687971861023e-06
43200,1.4071903374459542e-06
