time,vpos
21600,2.8194071726009304
25200,2.8448357623386147
28800,-2.361636726997961
32400,-7.6445323642781755
36000,-7.708074473679957
39600,-7.764444545665337
43200,-7.808267066454891
