time,vpos
216000,-100.0
219600,-93.9077707518994
223200,-43.90777411449554
226800,-2.687796025568727e-06
230400,-9.724286669551396e-06
234000,-1.2526920585597453e-05
237600,-4.255667590373491e-06
