time,vpos
216000,-99.9999999999999
219600,-99.80261093288986
223200,-70.45058689267685
226800,-41.495349572454565
230400,-20.84739509726033
234000,-0.0002280640108273175
237600,-0.0004131588362940076
