time,vpos
219600,-82.79092881291822
223200,-83.03028824182448
226800,-69.5192881500062
230400,-27.88797917190939
234000,-0.0023394955996478336
237600,-0.000986455090782759
241200,-0.004323633519348507
