time,vpos
223200,-67.47260871664128
226800,-67.78682469695153
230400,-34.04985605042115
234000,-0.0028999679523865926
237600,-0.002733825496376496
241200,0.0021236736951581246
244800,0.002586486058852775
