time,vpos
223200,-43.17338765347105
226800,-43.2966816899383
230400,-21.709990392729985
234000,-2.032430525375239e-06
237600,-1.9220763198142464e-06
241200,-4.36833883207588e-06
244800,-3.898331662602175e-06
