time,vpos
226800,-38.033308169087626
230400,-19.01575917287141
234000,0.0013368752570188118
237600,-0.0003077241349966689
241200,9.025888289038208e-05
244800,-0.000603324428021185
248400,-0.0028865420610457476
