time,vpos
226800,-7.9584551921787465
230400,-3.9770460810093917
234000,0.0019949846096261326
237600,-0.0008167216488263827
241200,-0.0007540568022260929
244800,-0.0014501087468900171
248400,-0.002652486246269281
