time,vpos
230400,-0.0034916386319811606
234000,0.0017426172979694884
237600,0.0032899489335969927
241200,0.0037880722042567985
244800,-0.016180666179815388
248400,-0.012623470572564093
252000,0.015087510983742341
