time,vpos
230400,-8.246552700040442e-05
234000,-1.9381344533842323e-05
237600,5.9944746673386316e-05
241200,5.204361273994357e-05
244800,2.7520403041071333e-06
248400,3.0638510805522545e-06
252000,2.8524191618724536e-05
