time,vpos
234000,0.0005405835238662216
237600,0.0002764245145992642
241200,-0.00014381995867590534
244800,-8.888553824107858e-05
248400,0.00024131545030721594
252000,0.00015318845600491122
255600,-5.411964240264924e-05
