time,vpos
234000,-0.041651697650047295
237600,-0.020153846278657017
241200,-0.012109968281103486
244800,-0.020620588056666018
248400,0.0029017709309896948
252000,-0.003510161668069013
255600,-0.02850109965650921
