time,vpos
237600,2.7277002857017713e-06
241200,4.003827261969223e-06
244800,1.1034153517828945e-05
248400,7.910961776998372e-06
252000,-7.862650475258537e-08
255600,-2.8142483094916123e-06
259200,-6.437672852902527e-06
