time,vpos
237600,-0.0035972540682873907
241200,-0.0034122889261502362
244800,0.0013694902087762909
248400,0.004925648765023114
252000,-0.0007758391315983485
255600,-0.002296078820201205
259200,0.0008445139512748513
