time,vpos
241200,-0.00018143722425499284
244800,9.44877498560305e-05
248400,-5.325519470714024e-06
252000,-0.00010287589785045134
255600,9.158988917705208e-05
259200,7.867811146524946e-06
