time,vpos
241200,0.0005308915415409799
244800,-0.002693340027800365
248400,-0.005072347171074022
252000,0.008454054287256655
255600,0.016026132634780182
259200,0.01091703395004072
