time,vpos
25200,8.11030731643593
28800,-1.392474256734027
32400,-10.969270161785536
36000,-11.089270891512438
39600,-11.15554012702308
43200,-11.226011193106864
46800,-11.276199421525353
