time,vpos
28800,-5.267403310549254
32400,-5.296500527068281
36000,-5.338235507960857
39600,-5.390963832367554
43200,-5.430458028336795
46800,-2.7148523976641403
50400,0.0001568689446083553
