time,vpos
32400,0.0019495468728692377
36000,0.0009809993696843398
39600,0.0007506196941912979
43200,-0.003150797583591382
46800,0.0011465383555522954
50400,0.007864219253662543
54000,0.005644979107154578
