time,vpos
32400,-2.483248045748326
36000,-2.490332871057087
39600,-2.5041880721517638
43200,-2.5184243131661592
46800,-2.5331457584839607
50400,-2.547554549331342
54000,-2.554707760089399
