time,vpos
0,0.004134596326953014
3600,0.006679132029915728
7200,0.003252175169644991
10800,-0.0013116135216551254
14400,9.609035027820755e-05
