time,vpos
3600,0.001294106376330301
7200,0.0014978918568134124
10800,0.001083904087433802
14400,0.0002814743466446519
18000,9.681785571822319e-05
