time,vpos
36000,0.012041999555605608
39600,0.005599778886352746
43200,-0.00039732731060051476
46800,0.0025046943755160263
50400,0.004961601589332967
