time,vpos
39600,-0.011461943049582132
43200,-0.021509461750192565
46800,-0.007078138455146057
50400,0.0015611800448646124
54000,-0.014278343450781661
