time,vpos
43200,-0.006774128722583325
46800,-0.0021800960859779802
50400,0.01344236369609398
54000,-0.004914531443957635
57600,-0.03429985372947587
