time,vpos
46800,-0.0006156725910037159
50400,-0.000318137940127065
54000,0.0008725060444788855
57600,0.0016166233692677856
61200,0.0014676313603273863
