time,vpos
50400,0.0003532182148844286
54000,0.0006419912479472699
57600,0.00031901086082918224
61200,-0.00021587786340490438
64800,-0.00013901316745806207
