time,vpos
54000,0.004612217539235559
57600,0.00913092955386672
61200,0.0059233697608416895
64800,-0.0104321837902808
68400,-0.0190614655337471
