time,vpos
57600,-0.001108729073347821
61200,0.003367766354247229
64800,0.010928544149722661
68400,0.011235653301345919
72000,0.008458480085088795
