time,vpos
61200,0.007285988229489056
64800,-0.004016288466869079
68400,-0.0017093530813659609
72000,0.002624639188677759
75600,-0.006650580623139774
