time,vpos
64800,-0.00237762984083205
68400,-0.012854437936367922
72000,-0.02242051407473633
75600,-0.02334135529916732
79200,-0.02517292848076577
