time,vpos
68400,0.0011942924793437984
72000,0.0021483073652506547
75600,0.0031760255478588922
79200,0.002532214814736052
82800,0.0018147007849118315
