time,vpos
7200,0.018421367780201363
10800,0.0036082147285782526
14400,-0.010318102214139
18000,-0.0036808881850032386
21600,0.0020694897352266633
