time,vpos
72000,0.002584348567601937
75600,0.008550028258631798
79200,0.010903665574807608
82800,0.004356641975168326
86400,0.0014216607503830933
