time,vpos
75600,0.00285364342451507
79200,0.01125303769589429
82800,0.01223580584711417
86400,0.004786019750457324
90000,0.004752859773959818
