time,vpos
79200,0.0030896124000453526
82800,0.00428033881883803
86400,0.005478746588187647
90000,0.003853535665260591
93600,0.002220643391776596
