time,vpos
82800,0.003830279918985626
86400,0.005785503893902035
90000,0.0058418462351808335
93600,0.0028682924019423836
97200,0.0017936202023415438
