time,vpos
86400,0.002792033145482896
90000,0.006194361920024655
93600,0.006854586524667291
97200,0.002413694695816923
100800,0.0007149070368656779
