time,vpos
90000,0.005931981978949237
93600,0.031956912724079106
97200,0.029483609382821293
100800,-0.009403198481975555
104400,-0.019791772260384713
