time,vpos
93600,-0.011614366219489346
97200,-0.011598589854159127
100800,-0.016035272629027937
104400,-0.02067442283785741
108000,-0.020861113906487858
