time,vpos
97200,0.0015739356476158453
100800,-0.003937952032354318
104400,-0.010711528723509472
108000,-0.008520938757148006
111600,-0.005068659779601547
