time,vpos
100800,-0.041620231777441105
104400,-0.004569654359614468
108000,0.02225337840610305
111600,0.021669370339838175
115200,0.031312906925682414
