time,vpos
104400,-0.0005392647847242166
108000,-3.888206740700325e-05
111600,-0.0006967485914025389
115200,-0.001438476919798752
118800,-0.0010219560068822162
