time,vpos
10800,-0.026793000933427104
14400,-0.016148831001521834
18000,-0.003369358023518854
21600,-0.00021483179971703648
25200,0.0008043913779870676
