time,vpos
108000,-2.1793808569654436
111600,-2.2000360592547064
115200,-19.28402894499014
118800,-36.76403482365141
122400,-37.1807030188665
