time,vpos
111600,19.09725656557383
115200,-16.42047990473599
118800,-52.534781530704635
122400,-53.653409271918726
126000,-54.175471857474
