time,vpos
115200,-45.841498089554534
118800,-46.372313136521356
122400,-47.3558297441534
126000,-45.8626664983231
129600,-43.916801691827594
