time,vpos
118800,-44.10912224357287
122400,-44.52593328476619
126000,-44.42977300889221
129600,-41.98437237979583
133200,-40.051943067766736
