time,vpos
122400,-48.838433883802715
126000,-46.37761778786144
129600,-41.98437237989838
133200,-39.41586839143558
136800,-38.77979371499457
