time,vpos
126000,-48.484079366826876
129600,-48.622603643644794
133200,-43.77046081797867
136800,-32.430532590866825
140400,-26.081271466239013
