time,vpos
129600,-44.372069309534744
133200,-44.49838366849671
136800,-35.352984746849934
140400,-22.57384234861646
144000,-19.06641323099172
