time,vpos
133200,-33.374931159150336
136800,-33.469355262861335
140400,-26.31509629877757
144000,-9.517139639767295
147600,0.03213395144821109
