time,vpos
136800,-25.67762012654348
140400,-22.37201667876525
144000,-9.526211912516745
147600,0.013524291581511921
151200,0.013059177209498712
