time,vpos
140400,-12.351197073753694
144000,-6.180710699088084
147600,-0.010169889900425217
151200,-0.008023612709599039
154800,-0.00593177004082193
