time,vpos
14400,22.510414946413537
18000,22.664228278646615
21600,23.050541803445153
25200,23.432305097124274
28800,23.58156819823794
