time,vpos
144000,0.006993447686981373
147600,0.005368168493730003
151200,0.0035629405231887372
154800,-0.0008478739713162328
158400,-0.005078739688531308
