time,vpos
147600,-0.01290342043675444
151200,0.0068151771033084785
154800,-0.0005874428653341099
158400,-0.006834021178213953
162000,0.014040618017611712
