time,vpos
151200,-0.0010140920064397616
154800,-0.004901693364193979
158400,-0.001944293233658319
162000,0.003436668926429988
165600,0.0019726295982284165
