time,vpos
154800,0.025315263405021292
158400,0.014000516863844768
162000,-0.032083924636516624
165600,-0.01820274133663588
169200,0.03044813692242973
