time,vpos
158400,0.01749048739896462
162000,0.007331611773603574
165600,-0.026804153446994355
169200,-0.01295935519036191
172800,0.02486233266150742
