time,vpos
162000,0.009093292752240675
165600,0.002448905162790608
169200,-0.02124664639252827
172800,-0.0116161276672883
176400,0.01506555502382048
