time,vpos
165600,-0.0013066011919589094
169200,0.001453755959188867
172800,-0.0003474868253883071
176400,-0.001489113981835953
180000,0.0019308587974413514
