time,vpos
169200,0.016157440292702246
172800,0.0012849379227340202
176400,-0.015216462551122457
180000,0.0064055265315659075
183600,0.02965641371814252
