time,vpos
172800,0.006383267402001861
176400,0.0021297621767167358
180000,0.004323949278518722
183600,0.013710051711302691
187200,0.01664846181699955
