time,vpos
176400,0.0043299011340691956
180000,-0.001344191743101234
183600,0.0003095118492917135
187200,0.0020406350857014605
190800,-0.0035560381474521695
