time,vpos
18000,24.08737314818472
21600,24.336778410570524
25200,24.75559524554792
28800,13.555227202185872
32400,2.185447586232226
