time,vpos
180000,-0.0014124007037732175
183600,-0.004426299320694495
187200,-0.012354648418234996
190800,-0.007145311667881697
194400,0.0029784755630908252
