time,vpos
183600,0.002938648077418097
187200,0.02322538067846465
190800,0.039795144834600615
194400,0.013228077083157784
198000,-0.009622022223374459
