time,vpos
187200,0.9785019931864817
190800,0.9675260975027509
194400,0.9602201273381992
198000,0.9800096666445192
201600,0.9961292804316598
