time,vpos
190800,3.6077134063430036
194400,3.63680098986317
198000,3.6666753545170643
201600,1.854386996264068
205200,0.041311856877344934
