time,vpos
194400,9.317250423425604
198000,9.357206485895267
201600,-30.611266065919416
205200,-71.73744138378913
208800,-72.8551880873745
