time,vpos
198000,16.951054223449958
201600,-38.247603628900634
205200,-94.92424644157997
208800,-98.05296154607682
212400,-99.7036916902449
