time,vpos
201600,-99.99999999998846
205200,-99.99999999999336
208800,-99.9999999999979
212400,-99.99999999999758
216000,-99.99999999999766
