time,vpos
205200,-99.9999999999981
208800,-99.99999999999855
212400,-99.99999999999943
216000,-99.99999999996668
219600,-99.99999999993345
