time,vpos
208800,-99.99999999998752
212400,-99.99999999999267
216000,-99.99999999999582
219600,-76.35032832374044
223200,-52.70065664748705
