time,vpos
212400,-100.0
216000,-100.0
219600,-72.34138896353969
223200,-36.2105664675778
226800,-27.738355008076216
