time,vpos
21600,23.40266938673965
25200,23.56856003507272
28800,14.221155149873452
32400,4.7245748010369635
36000,4.74128998573282
