time,vpos
216000,-99.99999999999928
219600,-81.56942145619999
223200,-41.03937349653975
226800,-13.911145298602346
230400,-8.882386516525875
