time,vpos
219600,-48.29987636654629
223200,-48.44086607865825
226800,-26.64015960048832
230400,-2.3565837940852794
234000,-0.014704177964118331
