time,vpos
223200,-26.615170935363274
226800,-26.693935045938648
230400,-13.394552382021027
234000,-0.013652492815345304
237600,-0.01089937810266065
