time,vpos
226800,0.008187880926100405
230400,0.006019675629393553
234000,0.0013467659847243114
237600,-0.002219742614599103
241200,-0.0032815468659601254
