time,vpos
230400,0.00953638370012437
234000,0.013095156635053442
237600,0.014384888820930539
241200,0.005309903895023976
244800,-0.0014960402818306115
