time,vpos
234000,-0.0013365779416398167
237600,0.010843233045438076
241200,0.01873993521740564
244800,0.0033263485648750337
248400,-0.007804129272545243
