time,vpos
237600,0.009000195030699036
241200,0.014754988336815019
244800,0.018899953646664108
248400,-0.0027004079652795387
252000,-0.022690941580956296
