time,vpos
241200,-0.01650103291081531
244800,0.005871493634004664
248400,0.0006624595096011582
252000,-0.006632348405565404
255600,0.013654404348491515
