time,vpos
244800,-0.0011163949702662826
248400,-0.005691423268989782
252000,-0.002756496116078911
255600,0.004559716256481101
259200,0.004365973177406743
