time,vpos
248400,1.1110501277680762e-07
252000,-5.20182376882207e-08
255600,-1.318464439188649e-07
259200,-4.85513996844808e-08
