time,vpos
25200,9.676464382615443
28800,8.077070423897801
32400,6.489629334784097
36000,6.53369668348219
39600,6.565811162576347
