time,vpos
28800,4.343005179301359
32400,4.3601290635248136
36000,4.390962062807554
39600,4.418533280579
43200,4.432395383291161
