time,vpos
32400,-0.0116981126490813
36000,0.005173551277360062
39600,0.0032184016629927133
43200,-0.005822616472802634
46800,0.003963178932210728
