time,vpos
3600,-2.9776164225253643e-07
7200,-1.733737626337037e-07
10800,-4.8985883014870946e-08
