time,vpos
3600,-1.8651103804974905e-06
7200,-5.586612300043131e-05
10800,-0.00010986713562036513
