time,vpos
36000,2.3651821015926842e-05
39600,-6.441400956364798e-06
43200,-3.653462292865644e-05
