time,vpos
36000,0.008528081528982899
39600,-0.0037256374516668814
43200,-0.015979356432316662
