time,vpos
39600,-0.009640133160573742
43200,-0.010986248907615884
46800,-0.012332364654658028
