time,vpos
39600,-0.0008820845131896106
43200,-0.0006434396888027062
46800,-0.0004047948644158016
