time,vpos
43200,1.6822213331502433e-07
46800,-1.3287719275503785e-07
50400,-4.3397651882510003e-07
