time,vpos
43200,0.0005584402269041095
46800,-0.014921409152537262
50400,-0.030401258531978635
