time,vpos
46800,0.013510756730143205
50400,-0.003936589796485929
54000,-0.02138393632311506
