time,vpos
46800,-0.0003314569626974403
50400,-9.966909871367464e-05
54000,0.00013211876527009103
