time,vpos
50400,-0.0038600909708032607
54000,0.010776514523730223
57600,0.025413120018263707
