time,vpos
50400,0.00011696174675684783
54000,-3.4089828426604935e-05
57600,-0.0001851414036100577
