time,vpos
54000,3.3910494178293615e-07
57600,1.380251333366056e-07
61200,-6.305467510972496e-08
