time,vpos
54000,-0.00035191664851490223
57600,-1.3704559422445667e-05
61200,0.0003245075296700109
