time,vpos
57600,5.63458353795163e-05
61200,-7.51784623707761e-05
64800,-0.0002067027601210685
