time,vpos
57600,0.011238207462150717
61200,0.0052947561136807725
64800,-0.0006486952347891728
