time,vpos
61200,0.0009619127205508162
64800,4.6985256812532216e-05
68400,-0.0008679422069257517
