time,vpos
61200,-0.00014416030901636128
64800,-0.00010682274834930656
68400,-6.948518768225184e-05
