time,vpos
64800,3.957431103920672e-05
68400,3.5008677774128516e-05
72000,3.0443044509050315e-05
