time,vpos
64800,-0.010261210375755829
68400,0.0019555862119632287
72000,0.014172382799682286
