time,vpos
68400,-0.000144229684343773
72000,7.489818994204858e-05
75600,0.00029402606422787017
