time,vpos
68400,-8.385713046177301e-06
72000,-1.7187075369677618e-06
75600,4.9482979722417775e-06
