time,vpos
7200,3.074500466715424e-07
10800,-9.139939547396503e-08
14400,-4.902488376194725e-07
