time,vpos
7200,2.317689698147496e-05
10800,-1.8164066476508527e-05
14400,-5.950502993449201e-05
