time,vpos
72000,0.008130970173801709
75600,0.006331487136683158
79200,0.004532004099564607
