time,vpos
72000,0.0003143495745349604
75600,-0.00016168049526418235
79200,-0.0006377105650633251
