time,vpos
75600,0.005224506750915736
79200,0.010358747076580615
82800,0.015492987402245494
