time,vpos
75600,-4.970664638467609e-06
79200,6.568955305751414e-06
82800,1.8108575249970437e-05
