time,vpos
79200,0.0019838591455269197
82800,0.003700224743224197
86400,0.005416590340921474
