time,vpos
79200,4.7644189532938887e-07
82800,3.4743301137845247e-07
86400,2.18424127427516e-07
