time,vpos
82800,-0.00018105851662056027
86400,-2.5310604221061883e-05
90000,0.0001304373081784365
