time,vpos
82800,0.00027703977166722337
86400,0.00048590435560888186
90000,0.0006947689395505404
