time,vpos
86400,0.0006134890343891908
90000,0.000285333032754509
93600,-4.282296888017274e-05
