time,vpos
86400,0.00036765099893045676
90000,0.000646972757813665
93600,0.0009262945166968733
