time,vpos
90000,0.00020123134808397263
93600,-0.0003941618289846203
97200,-0.0009895550060532133
