time,vpos
90000,-7.706366556177457e-08
93600,-3.2816961134771346e-07
97200,-5.792755571336523e-07
