time,vpos
93600,-9.02409152818411e-05
97200,9.252592089543902e-05
100800,0.00027529275707271914
