time,vpos
93600,1.1537764632585379e-07
97200,-6.013200925690174e-07
100800,-1.3180178314638885e-06
