time,vpos
97200,-2.595208090094836e-07
100800,-3.5342743267587073e-07
104400,-4.4733405634225787e-07
