time,vpos
97200,5.226735436403285e-05
100800,-3.190975739215257e-05
104400,-0.00011608686914833799
