time,vpos
100800,0.0016064321864301203
104400,0.001607443512901421
108000,0.0016084548393727215
