time,vpos
100800,4.590650813929287e-05
104400,-9.150071035727084e-05
108000,-0.00022890792885383454
