time,vpos
104400,-0.0004389915272696258
108000,-8.018461812169957e-06
111600,0.0004229546036452859
