time,vpos
104400,0.015333001961623455
108000,0.028024490592499195
111600,0.040715979223374936
