time,vpos
10800,1.7768314031912924e-06
14400,2.1396682011679685e-06
18000,2.5025049991446446e-06
