time,vpos
10800,-0.0004467302859894528
14400,-4.3260072454990266e-05
18000,0.00036021014107947235
