time,vpos
108000,30.402078448262586
111600,30.67963415005272
115200,30.957189851842852
