time,vpos
108000,23.646255627132224
111600,23.782750253509242
115200,23.919244879886257
