time,vpos
111600,28.828471085808577
115200,14.414236049541673
118800,1.013274771900774e-06
