time,vpos
111600,30.912354630046174
115200,15.456169917300096
118800,-1.479544598035278e-05
