time,vpos
115200,-35.26711547411859
118800,-35.59847984881805
122400,-35.92984422351751
