time,vpos
115200,-45.36635453939021
118800,-45.99203193976559
122400,-46.61770934014097
