time,vpos
118800,-77.46619043280639
122400,-78.24936331331944
126000,-79.0325361938325
