time,vpos
118800,-77.99516000826361
122400,-79.00926007905682
126000,-80.02336014985
