time,vpos
122400,-65.75689765283462
126000,-62.22132183985547
129600,-58.685746026876316
