time,vpos
122400,-74.24120803613405
126000,-65.0504359166003
129600,-55.859663797066574
