time,vpos
126000,-45.11296188758662
129600,-44.11467894411061
133200,-43.116396000634595
