time,vpos
126000,-42.99185374231827
129600,-43.13208617395594
133200,-43.272318605593604
