time,vpos
129600,-37.69530586779686
133200,-37.82603900798131
136800,-37.95677214816575
