time,vpos
129600,-31.77661203105899
133200,-31.871663351493506
136800,-31.96671467192802
