time,vpos
133200,-25.197062182860435
136800,-23.03701293349645
140400,-20.87696368413246
