time,vpos
133200,-30.63022805562171
136800,-26.10995526146869
140400,-21.589682467315676
