time,vpos
136800,-10.259501034645991
140400,-10.288759976807182
144000,-10.31801891896837
