time,vpos
136800,-17.940084789263615
140400,-12.667048511845652
144000,-7.39401223442769
