time,vpos
140400,-5.853538632209523
144000,-2.926769352159747
147600,-7.210996990497653e-08
