time,vpos
140400,-8.068890509175914
144000,-4.034445286054343
147600,-6.293277147490791e-08
