time,vpos
14400,1.0287889151997328e-05
18000,-5.616330275314254e-05
21600,-0.0001226144946582824
