time,vpos
14400,0.011523320519761385
18000,0.004131964337731578
21600,-0.003259391844298229
