time,vpos
144000,-0.00033380648977300673
147600,-0.00026203356117210233
151200,-0.00019026063257119788
