time,vpos
144000,-4.1353837380645044e-08
147600,-2.3368179232161502e-08
151200,-5.38252108367796e-09
