time,vpos
147600,-7.69976163383923e-07
151200,-2.1824022326810688e-05
154800,-4.287806849023745e-05
