time,vpos
147600,-6.0834229074100354e-05
151200,-3.7930459754968835e-05
154800,-1.5026690435837316e-05
