time,vpos
151200,8.036655433256364e-05
154800,-8.78705923016569e-06
158400,-9.794067279289502e-05
