time,vpos
151200,-1.2370902774394565e-07
154800,5.630335654649432e-06
158400,1.138438033704281e-05
