time,vpos
154800,3.2832854082995896e-05
158400,0.00010545307343725909
162000,0.00017807329279152228
