time,vpos
154800,-9.691613732897009e-07
158400,-2.9826885392970903e-07
162000,3.726236654302828e-07
