time,vpos
158400,3.148596072552727e-07
162000,1.2681441426798124e-05
165600,2.5048023246340977e-05
