time,vpos
158400,0.00020410802250169944
162000,0.00018040109928246095
165600,0.00015669417606322246
