time,vpos
162000,0.004982188772502297
165600,0.003103674408787418
169200,0.0012251600450725398
