time,vpos
162000,0.00013579821235565337
165600,-0.0002052323311599498
169200,-0.000546262874675553
