time,vpos
165600,-0.00014317497804433224
169200,-0.00012263290585816182
172800,-0.0001020908336719914
