time,vpos
165600,-5.127712397745565e-06
169200,-1.3331251452752824e-05
172800,-2.1534790507760082e-05
