time,vpos
169200,-2.2505018407864563e-06
172800,-6.082398194481864e-07
176400,1.0340222018900835e-06
