time,vpos
169200,-8.054234473808819e-07
172800,-6.416452219956334e-05
176400,-0.0001275236209517458
