time,vpos
172800,0.010649418731314194
176400,0.015914012320481688
180000,0.021178605909649185
