time,vpos
172800,-0.0004241716190496274
176400,3.0030187068925497e-05
180000,0.0004842319931874784
