time,vpos
176400,0.0004015774852592661
180000,1.8721887556298557e-05
183600,-0.000364133710146669
