time,vpos
176400,-1.3134944434195495e-06
180000,-7.635437890675736e-08
183600,1.1607856856060347e-06
