time,vpos
18000,-0.0013900816516838135
21600,-0.0009999287682369872
25200,-0.0006097758847901612
