time,vpos
18000,-2.3749610923717857e-07
21600,-1.0995839705776889e-06
25200,-1.961671831918199e-06
