time,vpos
180000,-0.0002764417797073423
183600,-0.00022090032917800848
187200,-0.0001653588786486747
