time,vpos
180000,-0.016314395177628553
183600,-0.008246503651954031
187200,-0.0001786121262795093
