time,vpos
183600,-1.0667896431993546e-05
187200,-4.912058556932463e-06
190800,8.437793181286203e-07
