time,vpos
183600,-1.488657278719309e-06
187200,5.401697599009521e-08
190800,1.5966912306994993e-06
