time,vpos
187200,0.0077253951443216964
190800,0.005793777380794099
194400,0.0038621596172665022
