time,vpos
187200,0.00022349853786804723
190800,9.777571721674748e-05
194400,-2.7947103434552273e-05
