time,vpos
190800,0.008321173503196555
194400,0.01715498221501826
198000,0.02598879092683996
