time,vpos
190800,-0.0001458196107604465
194400,-0.0006725870537368964
198000,-0.0011993544967133464
