time,vpos
194400,0.3819485352754005
198000,0.3830332732901967
201600,0.38411801130499296
