time,vpos
194400,4.498882359456941
198000,4.511803957325248
201600,4.524725555193555
