time,vpos
198000,15.122671879846362
201600,7.561325268544769
205200,-2.134275682158515e-05
