time,vpos
198000,18.417696717791753
201600,9.208848322852141
205200,-7.208746824908315e-08
