time,vpos
201600,-45.55234722311219
205200,-46.13491799529667
208800,-46.71748876748113
