time,vpos
201600,-40.284849397614
205200,-40.735478877355625
208800,-41.18610835709724
