time,vpos
205200,-93.063701453131
208800,-94.34613754217027
212400,-95.62857363120953
