time,vpos
205200,-99.9999999999981
208800,-99.99999999999905
212400,-100.0
