time,vpos
208800,-99.99999999988681
212400,-99.99999999987222
216000,-99.99999999985762
