time,vpos
212400,-71.71368395168709
216000,-72.85242900256638
219600,-73.99117405344569
