time,vpos
21600,48.66079373284122
25200,48.96150801908284
28800,49.26222230532446
