time,vpos
21600,24.762245238090927
25200,24.978963734354558
28800,25.195682230618193
