time,vpos
216000,-99.99999999999845
219600,-99.99999999999922
223200,-100.0
