time,vpos
216000,-100.0
219600,-99.9999999999955
223200,-99.99999999999099
