time,vpos
219600,-86.29959957569325
223200,-86.54566471264097
226800,-86.79172984958868
