time,vpos
219600,-99.9999999999
223200,-99.9999999999488
226800,-99.99999999999758
