time,vpos
223200,-68.03544318480657
226800,-68.2706367654905
230400,-68.5058303461744
