time,vpos
223200,-47.25162399263832
226800,-47.38614909125385
230400,-47.520674189869375
