time,vpos
226800,-5.488009991919066
230400,-2.7440031703792127
234000,3.651160640494311e-06
