time,vpos
226800,-21.580971774863073
230400,-10.790483477267236
234000,4.820328599036522e-06
