time,vpos
230400,-4.165109265819034e-06
234000,-1.0694639375474768e-07
237600,3.951216478309538e-06
