time,vpos
230400,-4.744829675375813e-08
234000,-4.914362881480033e-08
237600,-5.083896087584253e-08
