time,vpos
234000,-5.137487796291751e-08
237600,-6.512525249635637e-06
241200,-1.2973675621308356e-05
