time,vpos
234000,-0.00011808071719433225
237600,-7.115371894037349e-05
241200,-2.422672068641473e-05
