time,vpos
237600,0.0005226084859246847
241200,2.7581197291982927e-05
244800,-0.0004674460913407189
