time,vpos
237600,0.0046841037061864585
241200,-0.019969406624075533
244800,-0.044622916954337524
