time,vpos
241200,1.0909801228187132e-06
244800,5.976807419323729e-07
248400,1.0438136104603269e-07
