time,vpos
241200,-1.3760458127762157e-05
244800,1.2232660237295392e-06
248400,1.6206990175221235e-05
