time,vpos
244800,-0.0002359788425732174
248400,-0.000402202952352114
252000,-0.0005684270621310106
