time,vpos
244800,-3.913116789489024e-05
248400,-1.6267287896191626e-05
252000,6.596592102506987e-06
