time,vpos
248400,-7.962880996942312e-08
252000,-4.7173677850294304e-07
255600,-8.63844747036463e-07
