time,vpos
248400,-0.00012483164017989927
252000,-0.00010902928190948498
255600,-9.322692363907068e-05
