time,vpos
25200,41.75833722969612
28800,22.66888380503461
32400,3.5794303803730996
