time,vpos
25200,27.8790684728975
28800,13.939533979529251
32400,-5.13839000306561e-07
