time,vpos
252000,-4.798118064138075e-08
255600,-4.8130622373973564e-08
259200,-4.828006410656638e-08
