time,vpos
252000,0.007175858998819534
255600,0.002416319618627383
259200,-0.0023432197615647684
