time,vpos
255600,-5.000814926614809e-08
259200,-5.000814926614809e-08
