time,vpos
255600,-1.5709039925815294e-05
259200,-1.5709039925815294e-05
