time,vpos
28800,0.4956691735993092
32400,0.4970873802950016
36000,0.498505586990694
