time,vpos
28800,-5.6028074974989934e-08
32400,-5.3711369392463464e-08
36000,-5.1394663809936993e-08
