time,vpos
32400,0.0004809407387337285
36000,0.0003392545353869672
39600,0.00019756833204020595
