time,vpos
32400,0.008336653483763563
36000,0.004224704212739271
39600,0.00011275494171497739
