time,vpos
0,0.02175421935255396
3600,0.01801791015478985
7200,0.022547485283832335
10800,0.015732768249175414
14400,-0.01324996891240332
18000,-0.023200236009095463
21600,-0.01924836730567239
