time,vpos
3600,0.0012404978396238983
7200,0.000647692155522911
10800,-0.0003177512718398947
14400,-1.7133405986436106e-05
18000,3.7656831853948415e-06
21600,-0.00021842964528390275
25200,0.0002117315461902457
