time,vpos
3600,0.0027863475539617274
7200,-0.0039259220720078486
10800,0.005378266565630874
14400,0.008176890174906403
18000,-0.004712254723424872
21600,-0.005183969545078027
25200,-0.005984374122732677
