time,vpos
36000,1.049328866111549
39600,1.0502703925670438
43200,1.0455169944835683
46800,1.0398273330528283
50400,1.0646555907166737
54000,1.060139015273747
57600,1.0307994452752058
