time,vpos
36000,-0.0009886201457200267
39600,-0.00019075407578613278
43200,0.0006393305842962411
46800,3.7073940455968624e-05
50400,-0.0005473687625997327
54000,-0.0003419926750471005
57600,-0.0001866491184275194
