time,vpos
39600,-0.0003236226221469772
43200,-0.0003493312044000665
46800,-0.00012051669643107132
50400,0.00034129797708725725
54000,0.00043207877725887957
57600,-2.0377829645661016e-06
61200,-0.00031964356006338997
