time,vpos
39600,0.21746021806949087
43200,0.22486292146383424
46800,0.24346780347037195
50400,0.2576262940495397
54000,0.26805675242415805
57600,0.13644187134122887
61200,-0.0026471561493452886
