time,vpos
43200,0.0023394234901546445
46800,-0.0032924482439640767
50400,0.00696285610165439
54000,0.004825194728880623
57600,-0.006480126403251598
61200,-0.005875446896258182
64800,-0.0119902837096435
