time,vpos
43200,0.0008811392886930088
46800,0.0006358103822495782
50400,0.0001567155689096034
54000,-0.000514384821899613
57600,-0.0015410106563978985
61200,-0.00132673204553096
64800,-0.0005231620840784081
