time,vpos
46800,0.00023485844103324221
50400,-4.357675631735955e-05
54000,-0.00017078417452579708
57600,-7.098551326063977e-06
61200,-0.00018822151574836028
64800,8.172668897239703e-05
68400,0.0005452557021730195
