time,vpos
46800,0.008228885026717321
50400,0.003251833895571787
54000,0.0021674190951739307
57600,0.002882419727104951
61200,-0.003937863781888533
64800,-0.0010404405018933395
68400,0.005499630588278679
