time,vpos
50400,0.010715242074533018
54000,0.010396460162618533
57600,0.0007941088389209429
61200,-0.010123415036308153
64800,0.01650795442540516
68400,0.02534180187043542
72000,0.005910325390306374
