time,vpos
54000,-0.00025910226028758726
57600,2.7272844440631345e-05
61200,-2.953072418516703e-05
64800,-5.1689982828053126e-05
68400,0.0002661998594393237
72000,0.00024185638597245315
75600,0.00022064248494933666
