time,vpos
54000,0.0050653547060321635
57600,0.004091795192558042
61200,-0.008316352912810935
64800,0.0033514481963408424
68400,0.013454790006733405
72000,-0.001636096078209547
75600,-0.003727934272498428
