time,vpos
57600,0.013590486336593696
61200,-0.0004187197612869325
64800,0.000824490615450855
68400,0.015565360682316353
72000,0.008008665728623262
75600,0.001366131867294818
79200,0.001768746551906547
