time,vpos
61200,0.013666272408890826
64800,-0.0026767010631497876
68400,0.0030876208547053587
72000,0.017170911972289492
75600,0.005850746819949403
79200,0.0029132968554468914
82800,0.003272007770972848
