time,vpos
64800,0.0119311815018354
68400,-0.004667615469141663
72000,0.0064241147710202345
75600,0.018006968883775693
79200,0.003154626774785238
82800,0.004996730429625958
86400,0.005583503095073629
