time,vpos
64800,6.394843278150278e-05
68400,4.093472267379652e-05
72000,9.76442473707385e-06
75600,2.824884590395954e-06
79200,3.9263900725476295e-05
82800,0.0001826301777967652
86400,0.00029077448641531226
