time,vpos
68400,-0.003749108513532225
72000,-0.0012683880177216025
75600,-0.0019438672346494992
79200,-0.0010455618111868173
82800,0.001456453315180537
86400,-0.0003430595672178473
90000,-0.0005900824397823846
