time,vpos
7200,2.9006903162353312
10800,2.9232995912287882
14400,2.9615669040147536
18000,2.973162966148718
21600,3.0373617423349004
25200,3.119226302650001
28800,3.132830111120375
