time,vpos
7200,18.21661259123618
10800,18.268655873561983
14400,18.37294807987526
18000,18.512823598541207
21600,18.751470361481132
25200,19.01976686903702
28800,19.137043208331452
