time,vpos
72000,0.00627313320569129
75600,-0.006135315454069827
79200,0.009208789622435968
82800,0.015692372051822393
86400,0.0006978976938942802
90000,0.00585886816360311
93600,0.004745341684359565
