time,vpos
72000,-0.0002866026973117014
75600,-0.0001048689333190634
79200,-8.248541648947638e-05
82800,4.03122490286434e-07
86400,0.00014099674252651415
90000,-8.364334647031504e-05
93600,-0.0002066382693605582
