time,vpos
75600,-0.009789538787916104
79200,0.00012885037853216515
82800,2.249286326490524e-05
86400,0.004778794067699648
90000,0.0010651504233147157
93600,0.003201564704311715
97200,0.02383267051584392
