time,vpos
79200,-0.00039902571038680077
82800,-0.00040851837423617804
86400,-0.00029781809639904075
90000,7.332448300961222e-05
93600,0.00023013082774040014
97200,7.466812625697376e-05
100800,1.3348717764897815e-05
