time,vpos
79200,-0.0053956346133560255
82800,-0.006411746084956222
86400,0.00596106307235754
90000,0.0020641334411899167
93600,-0.0038879066624550335
97200,0.008716725393106878
100800,0.009987547292232161
