time,vpos
82800,-2.3061068074989368e-07
86400,3.9205921005044576e-07
90000,1.4704632572373528e-07
93600,-7.042259485236195e-07
97200,-1.8095593173600605e-06
100800,-1.9503112403961708e-06
104400,-9.69319293716145e-07
