time,vpos
82800,-0.0010903391171452408
86400,-0.0007368365855979133
90000,-0.0008460872221215592
93600,0.0001255767321118524
97200,0.0005617937158299176
100800,-0.00031008264308485673
104400,-0.00018375886341331113
