time,vpos
86400,0.0039755439928262915
90000,0.0011978662653621861
93600,0.0035309013885247115
97200,0.0022180792658807714
100800,0.0025767590555146546
104400,0.004697576406742784
108000,3.6178995066457934e-05
