time,vpos
86400,-0.007157438983993006
90000,-0.0051032669521468045
93600,-0.0015822815141681406
97200,0.0008125175129930682
100800,0.0008096424685532543
104400,-0.000991199065239342
108000,-0.001861179933563379
