time,vpos
90000,0.00024675855838051893
93600,0.00010192691301528066
97200,0.00020565526758427422
100800,0.0002804698550816708
104400,-0.0001303700292337456
108000,8.659036875041269e-06
111600,0.00038478257486240927
