time,vpos
90000,-0.0010942925259199991
93600,-0.005514055235684458
97200,0.0029731887634325558
100800,0.006489254547369895
104400,-0.0017423192976022909
108000,0.0038115261373226636
111600,0.008206004492275671
