time,vpos
93600,27.875371869427173
97200,27.968798448918907
100800,28.10841351741238
104400,28.275219604461622
108000,28.46510773285797
111600,28.6246024532391
115200,28.71482664327139
