time,vpos
97200,-19.031778214234567
100800,-19.127862383516568
104400,-19.332062331866677
108000,-19.61927451682434
111600,-20.096168658073847
115200,-20.72739628761989
118800,-21.06082618180599
