time,vpos
97200,27.31437066270333
100800,27.393920810949307
104400,27.550850016681906
108000,27.71027346309084
111600,27.88386994352514
115200,13.984641376352666
118800,-0.006139282331794281
