time,vpos
100800,25.68190342874481
104400,25.754145768585012
108000,25.904639836938337
111600,26.07201842813216
115200,13.079724300471558
118800,-0.012205549228532349
122400,-0.022714408587312933
