time,vpos
100800,-19.117266938277755
104400,-19.224583141531994
108000,-19.510782202716243
111600,-19.985517216340966
115200,-44.16309237266389
118800,-68.98772909999617
122400,-69.93064282670024
