time,vpos
104400,23.700036048382728
108000,23.769692178720444
111600,23.917549490837924
115200,11.992860960581416
118800,0.014118696573034313
122400,0.0048725516375097665
126000,-0.028521041325909876
