time,vpos
104400,-13.77151805050117
108000,-13.898172367724598
111600,-14.235741551184084
115200,-49.56870479048928
118800,-85.86369969932733
122400,-88.11048230846636
126000,-89.18431838183649
