time,vpos
10800,2.9662111594434766
14400,2.9740475503775357
18000,3.0170052306579036
21600,3.0715051861161453
25200,3.12683666088259
28800,1.5851904434603474
32400,0.0075914173835937345
