time,vpos
10800,18.676445590343448
14400,18.729741293898307
18000,18.872208196465944
21600,19.11532824975769
25200,19.388872171222214
28800,9.754185859353658
32400,-9.551970045880288e-05
