time,vpos
108000,0.2338682701956734
111600,0.23740890640795925
115200,-42.22506139379648
118800,-85.86412936322854
122400,-88.11022268415992
126000,-84.52180441428756
129600,-79.86034985649916
