time,vpos
108000,19.75301943888549
111600,19.82519938783095
115200,9.955374159215467
118800,0.0027112270769856766
122400,0.0066335819442100595
126000,0.004961975087304293
129600,-0.011289741214361973
