time,vpos
111600,55.8483742064656
115200,-14.421105159112479
118800,-85.86370196678675
122400,-88.11042480553166
126000,-84.52220078342944
129600,-57.606882301863926
133200,-35.35339323904932
