time,vpos
111600,-6.152727310389712
115200,-6.583154417110556
118800,-7.041848355783559
122400,-7.081116004741042
126000,-7.121793060263272
129600,-7.168620820632982
133200,-7.185772342485788
