time,vpos
115200,-70.6461843201393
118800,-71.62513009588474
122400,-73.49875878193798
126000,-75.06395580662306
129600,-55.543995095850065
133200,-34.52621133132516
136800,-33.698902391950526
