time,vpos
115200,-24.189330380979086
118800,-24.266083267156034
122400,-24.405058952900855
126000,-24.530730359297632
129600,-24.695020278461747
133200,-24.842644478223498
136800,-24.889427365650036
