time,vpos
118800,-61.176327694054876
122400,-61.930429824125866
126000,-63.24928399125574
129600,-49.58377671936447
133200,-34.5262137798681
136800,-27.94342401579375
140400,-22.187937882265636
