time,vpos
118800,-44.790715616423185
122400,-44.96347125929241
126000,-45.22633862905268
129600,-41.43363093601398
133200,-37.6714303536184
136800,-26.317767729112873
140400,-14.843486267073205
