time,vpos
122400,-82.92944843355137
126000,-83.1913870643953
129600,-60.51553599456903
133200,-37.671506123486594
136800,-26.304376110073818
140400,-7.763512689035383
144000,-0.6835391109975012
