time,vpos
122400,-48.231259793218165
126000,-48.66597681258635
129600,-42.22710375643333
133200,-34.526210758449885
136800,-27.94342336075347
140400,-22.24810542429443
144000,-22.308271963069558
