time,vpos
126000,-84.67779307615831
129600,-84.947668144729
133200,-62.21450885270606
136800,-27.02748037959318
140400,-7.763512689041363
144000,-0.34741659761421645
147600,-0.011294084219628554
