time,vpos
126000,-31.391914238116687
129600,-31.53967156775271
133200,-31.784161488022413
136800,-27.034416786357735
140400,-22.24810901835684
144000,-11.154144296086972
147600,-1.004951964146885e-05
