time,vpos
129600,-60.60284578663728
133200,-60.778750924197226
136800,-37.89907116441636
140400,-7.7635126890420345
144000,-0.34986648767187134
147600,0.0009052885654617306
151200,0.018004441466162736
