time,vpos
129600,-18.301328880090054
133200,-18.357086281660187
136800,-18.469021645272317
140400,-18.57812693171311
144000,-9.315529183231517
147600,-2.095680800175447e-06
151200,-8.101048885547393e-08
