time,vpos
133200,-37.81633929406876
136800,-37.923802502388625
140400,-19.35740241085603
144000,-0.3408826272299295
147600,-0.0017541286390283166
151200,-0.004770837757166191
154800,-0.004259561692566082
