time,vpos
133200,-18.724904107633783
136800,-18.78193261059144
140400,-18.892713239961484
144000,-9.473137870093948
147600,0.00017126887161760136
151200,0.00010424590829749419
154800,5.5580259331057015e-05
