time,vpos
136800,-17.424575248362725
140400,-17.474318940973124
144000,-8.761968688218738
147600,4.867357515554528e-05
151200,-7.373448908962088e-05
154800,-0.00016370238932040558
158400,-0.0002078457961968786
