time,vpos
136800,-15.10617395415103
140400,-15.158127791580498
144000,-7.6058752708947175
147600,0.004988925893829389
151200,0.0033383183932196624
154800,0.0034885405747968816
158400,0.01194720893028248
