time,vpos
140400,-0.0014793764175311712
144000,-0.008043909426046051
147600,-0.006617062466168874
151200,0.0010425165537878106
154800,0.0024026868604378544
158400,0.00018641421481367074
162000,-0.0037218296858959284
