time,vpos
140400,-14.68007481622238
144000,-7.340046992378936
147600,9.59838474832238e-06
151200,-9.227550827928247e-06
154800,-7.604773719308315e-05
158400,-5.335713051582074e-05
162000,-1.1439193289129643e-05
