time,vpos
14400,9.866709995321001
18000,9.94524616178267
21600,10.14118453619515
25200,10.348617752841225
28800,5.232362605664444
32400,0.01807513752105385
36000,0.010073825249707876
