time,vpos
14400,19.292276719667424
18000,19.380566846213934
21600,19.62872131843284
25200,19.91129650708616
28800,10.016003638977846
32400,-0.00020462308280680367
36000,0.0015908259457807548
