time,vpos
144000,-0.0001413892947229418
147600,-0.0001140940218672808
151200,1.469157109155569e-05
154800,0.0001209954548639926
158400,0.00016807443668338532
162000,0.00010785440356855322
165600,5.368952303589833e-06
