time,vpos
144000,0.0028401194988452523
147600,-0.004740036448707232
151200,-0.015905748522191836
154800,-0.003849096652941306
158400,0.0013392522554572892
162000,0.0022934889402881865
165600,0.013701584711903138
