time,vpos
147600,0.0007633700412794501
151200,0.0003392022370677475
154800,3.7758499548544335e-05
158400,1.0243478590612741e-05
162000,-0.00019070339909811254
165600,-0.00036454717859229845
169200,-0.0004876831680481901
