time,vpos
147600,-0.003206930453167876
151200,-0.004655367320549161
154800,-0.0029838799464989756
158400,-0.0020467139462626593
162000,0.0023621480592889033
165600,0.001842179879178984
169200,-0.005269408547677653
