time,vpos
151200,-0.009049444579405097
154800,-0.008837118743585434
158400,-0.0021495079636235873
162000,-0.001757360244020596
165600,0.0018633930767760875
169200,0.0037042836739599066
172800,-0.00415871627419215
