time,vpos
154800,-0.021804052109743437
158400,-0.00808938177341714
162000,0.0053572799592256385
165600,-0.0003649849480833866
169200,0.00010581190278799416
172800,0.0032516363519145787
176400,0.00047240764654427433
