time,vpos
158400,-0.006800282054107829
162000,-0.0071401509667051305
165600,-0.003987978090510868
169200,-0.005786487988562055
172800,0.0042429656080193185
176400,0.008410209751112955
180000,-0.0027425513892175317
