time,vpos
158400,-6.506019209721263e-09
162000,-1.727745407164571e-08
165600,-4.3664553220909323e-08
169200,-5.856632044771924e-08
172800,-5.0605154515865126e-08
176400,-5.7091738972394097e-08
180000,-7.082559230024793e-08
