time,vpos
162000,-0.0035103723224590654
165600,-0.0016459660926175848
169200,-0.0009419754828087011
172800,-9.539825290028352e-05
176400,0.0008071571833508657
180000,-0.00043984107299476464
183600,-0.0005824019156505298
