time,vpos
162000,-0.00013002425879207348
165600,-0.00012930149191345917
169200,-0.0001459548551301606
172800,-7.337246098530474e-05
176400,9.002172370669837e-06
180000,7.726851521628984e-06
183600,1.4035421556785092e-05
