time,vpos
165600,0.00019988197099358947
169200,0.00011800110201253916
172800,-2.9739865461902977e-05
176400,3.1638437438088564e-05
180000,2.7887032741285383e-05
183600,3.42860249416797e-05
187200,0.00017167482323226057
