time,vpos
165600,-0.012540452192628629
169200,-0.006895351484616684
172800,-0.0010352832236326076
176400,0.0011818726582969409
180000,-0.0029953964411987676
183600,0.0030570463757058795
187200,0.015288946621063653
