time,vpos
169200,-0.005798981723680008
172800,-0.002237439120503801
176400,-0.0019322352489798366
180000,-0.0012903073787765213
183600,0.002162950763740653
187200,-0.0003230284846010048
190800,-0.002363999273604278
