time,vpos
169200,-5.7561220405156054e-08
172800,-1.8553939767230836e-08
176400,1.1340514171567204e-07
180000,7.688024578806415e-08
183600,-1.8442208624266367e-08
187200,-7.670213727408384e-08
190800,-1.6911630828415634e-07
