time,vpos
172800,4.81238022529645e-07
176400,4.932680357493021e-07
180000,-8.676668104390371e-08
183600,-4.711008557306007e-07
187200,6.490354439818775e-08
190800,-4.1273664218586764e-07
194400,-1.2186506735725455e-06
