time,vpos
172800,-0.006834259865383482
176400,-0.0027250453360692286
180000,-0.00113455297748399
183600,-0.0017952894697913593
187200,0.0020059484270326883
190800,0.00028245636841565404
194400,-0.0033842879086037813
