time,vpos
176400,-0.005586580394915497
180000,-0.0027401208922170775
183600,-0.0031894393542620508
187200,-0.0005040477164923852
190800,0.002780937568682308
194400,-0.0007200783302501514
198000,-0.001524909911844246
