time,vpos
18000,14.725413918334574
21600,14.916152849751777
25200,15.224008928272125
28800,7.667920432670994
32400,0.0027966010764867875
36000,-0.003426006429920782
39600,-0.017730425046097453
