time,vpos
18000,18.49561790887353
21600,18.65512260329034
25200,18.931928159025198
28800,9.52060710544078
32400,-0.0018559173116872055
36000,0.003069138340365507
39600,0.0018353018424315944
