time,vpos
180000,0.0031308842982250267
183600,0.00044971150643771966
187200,0.004146616786910597
190800,0.007612993354610968
194400,0.002449942950552247
198000,0.0010615975508699066
201600,0.0019246010506864745
