time,vpos
180000,13.689247132945583
183600,13.728438377519597
187200,13.80700965602178
190800,13.885932106045512
194400,13.965185662430446
198000,14.044878258292325
201600,14.084859713864848
