time,vpos
183600,14.00228902714401
187200,14.042237616616054
190800,14.122330435501324
194400,14.203031691309048
198000,14.284228803954141
201600,7.16244148765416
205200,1.4085103586477928e-05
