time,vpos
183600,-15.690519323304159
187200,-15.728843234744067
190800,-15.815875958903442
194400,-15.915684884202284
198000,-16.004201148573593
201600,-16.199406307385157
205200,-16.357195314404784
