time,vpos
187200,-13.330971567765149
190800,-13.359226618849068
194400,-13.429860882907885
198000,-13.512888546733336
201600,-45.422974244900495
205200,-78.47961825476679
208800,-79.66682501731648
