time,vpos
187200,14.237545448532044
190800,14.278025460054177
194400,14.358836429427857
198000,14.440829364383841
201600,7.241260715551655
205200,9.194637458035391e-05
208800,0.0001538031341313667
