time,vpos
190800,-7.377861190839637
194400,-7.39894182646747
198000,-7.440936007591274
201600,-50.52145912637249
205200,-95.00327526091917
208800,-97.67875096011666
212400,-98.93202009805272
