time,vpos
190800,13.841771092852422
194400,13.881303743324464
198000,13.960559125121568
201600,6.242946080987305
205200,-1.5261374136324515
208800,-1.5524248211530551
212400,-1.5669645095132332
