time,vpos
194400,-1.0767608925130736
198000,-1.079858842565035
201600,-50.54147839630212
205200,-99.99999999998637
208800,-99.99999999999275
212400,-99.99999999993223
216000,-99.99999999986446
