time,vpos
194400,12.526577698212987
198000,12.562433634995552
201600,-2.6463569916304164
205200,-18.029936573756014
208800,-18.340427156273147
212400,-18.70174190780265
216000,-18.891499095532083
