time,vpos
198000,3.6477592291316667
201600,-8.906405259135441
205200,-26.75313899461799
208800,-32.348555480289384
212400,-32.986288829722184
216000,-33.70774939395733
219600,-34.09432384721563
