time,vpos
198000,8.69038724275569
201600,-45.654806378621245
205200,-99.99999999999135
208800,-99.99999999999105
212400,-99.99999999999218
216000,-99.9999999999934
219600,-100.0
