time,vpos
201600,-34.164370773787795
205200,-34.42949188001724
208800,-35.02263140262246
212400,-35.71326748014393
216000,-36.49439496454767
219600,-18.45645129554924
223200,2.1967072586343675e-06
