time,vpos
201600,-99.99999999999986
205200,-99.99999999999551
208800,-99.99999999999498
212400,-99.99999999998938
216000,-99.99999999998084
219600,-72.19823907664976
223200,-44.39647815331779
