time,vpos
205200,-100.0
208800,-99.99999999990277
212400,-99.99999999990277
216000,-99.99999999991871
219600,-67.54425138199888
223200,-31.972196696609245
226800,-28.855890629058184
