time,vpos
205200,-56.8799503318039
208800,-57.41698721648763
212400,-58.54883609127004
216000,-59.82962760091619
219600,-30.25780061051157
223200,3.508103166792991e-06
226800,1.1167658386238205e-06
