time,vpos
208800,-91.07127894556
212400,-92.00558683640853
216000,-85.5123251397613
219600,-39.04273516877913
223200,-0.00032909756230217323
226800,-0.00021893482484302684
230400,-0.0004944598177825231
