time,vpos
208800,-99.99999999981519
212400,-99.99999999990753
216000,-99.99999999999993
219600,-66.95500252079184
223200,-31.62325113369768
226800,-29.41694311659786
230400,-29.497389007384058
