time,vpos
212400,-100.0
216000,-100.0
219600,-55.174671335897926
223200,-5.17467385134643
226800,-4.364053169464119e-06
230400,-3.158465541103435e-06
234000,-2.61972175077084e-06
