time,vpos
212400,-99.9999999999984
216000,-99.99999999999883
219600,-68.849342801168
223200,-33.54984137741383
226800,-29.484753673297735
230400,-14.78416852813815
234000,0.00017313782826552322
