time,vpos
21600,5.49514394370721
25200,5.527664401582809
28800,2.780705611803688
32400,0.0008325933285281968
36000,-0.00019977981991697977
39600,-0.000833174149384468
43200,-0.0008279661508453287
