time,vpos
21600,18.47103567940777
25200,18.606198793916164
28800,9.361829769128455
32400,0.007100556727359712
36000,-8.965052433512928e-05
39600,-0.009222663357501324
43200,0.013637457956035336
