time,vpos
216000,-99.99999999999993
219600,-70.97312129244699
223200,-35.8326262341136
226800,-29.80710588859896
230400,-14.947398184818542
234000,0.00040851769345207685
237600,0.0004115111591983991
