time,vpos
216000,-99.9999999999995
219600,-99.42832670247037
223200,-49.428329736264004
226800,-7.918715864495648e-07
230400,2.077911647702187e-06
234000,3.85546068924746e-06
237600,8.038941661378813e-06
