time,vpos
219600,-84.62013483695195
223200,-84.86196091024973
226800,-42.55107425294557
230400,0.0015345788751674112
234000,0.0009309610284023975
237600,0.00035692275291340786
241200,0.00028260354298225397
