time,vpos
219600,-46.4801346066813
223200,-46.6107873910966
226800,-38.83085610208161
230400,-15.467620229053411
234000,-0.0026886408652430443
237600,0.0032176805652498735
241200,-0.0031557865945073173
