time,vpos
223200,-36.79412940838466
226800,-36.90097915430477
230400,-18.508205613983243
234000,-0.0007526463997703549
237600,0.005288198678230355
241200,0.0013478692883727155
244800,-0.0008036238376543442
