time,vpos
223200,-51.71577341754321
226800,-51.86341883732717
230400,-26.00553303329311
234000,-7.858626643835838e-06
237600,-1.2389787508742912e-05
241200,-4.395333537906378e-06
244800,2.0811297535210135e-06
