time,vpos
226800,-28.37110762234396
230400,-14.187417400773638
234000,-0.002910095422791653
237600,-0.004993350852953095
241200,0.0011106153805741214
244800,0.003023518968935409
248400,-0.004067882886914858
