time,vpos
226800,-14.859875275656217
230400,-7.430090975136727
234000,0.00023910816843914265
237600,0.0007671903930860211
241200,-4.2677291656678055e-05
244800,-0.0005674133898747788
248400,-0.000299982364379507
