time,vpos
230400,0.014330294114049116
234000,-0.016553817728100804
237600,-0.023640774634139137
241200,0.0015048422760516843
244800,0.008313807395723327
248400,0.007355313775773245
252000,0.0009363170102307536
