time,vpos
230400,-4.77042910443159e-06
234000,0.00020596357566523183
237600,0.00013428135412030983
241200,-0.00010793096180850437
244800,-0.0004100931831944768
248400,-0.000312551833473126
252000,0.00012735564801996836
