time,vpos
234000,9.522838885845969e-05
237600,0.00012649774839319043
241200,3.7456272371939796e-05
244800,-4.825103464104528e-05
248400,-1.690787331751694e-05
252000,-8.198883321726126e-06
255600,3.7704738935326505e-06
