time,vpos
234000,-0.05993146393653052
237600,-0.012826349975406364
241200,0.010356165953399984
244800,0.003875556238622929
248400,0.016721355826573508
252000,0.008399373533769726
255600,0.004673579970556111
