time,vpos
237600,-0.05667034873316178
241200,-0.01143986624821414
244800,0.013494069081236739
248400,0.010173220513904967
252000,0.016007247905082903
255600,0.007824760104172204
259200,0.010783943500248557
