time,vpos
237600,1.7414230696525894e-05
241200,7.529598976000677e-06
244800,3.568897623486056e-05
248400,3.8163697626561276e-05
252000,-2.040893130633267e-05
255600,-3.278425632605541e-05
259200,-2.2156240000568582e-05
