time,vpos
241200,-1.5598810343874974e-06
244800,-2.131433785484453e-07
248400,8.661167358030898e-07
252000,1.1321450397707184e-06
255600,1.894370973220141e-06
259200,2.1230910612144176e-06
