time,vpos
241200,-0.004763362871332808
244800,-0.004296268930514227
248400,0.009124088044914477
252000,0.007136760038115982
255600,-0.023663247420135734
259200,-0.039522663836978826
