time,vpos
25200,28.11322121032876
28800,14.043388827902536
32400,-0.012876051635337398
36000,-0.012746809876289837
39600,-0.011135534166073534
43200,0.004560464350854908
46800,0.005206926028264929
