time,vpos
28800,-7.588083726502296e-05
32400,-0.00044192844889449017
36000,-8.809204990960462e-05
39600,0.0005871383249704269
43200,0.000906004028341484
46800,0.0005310580373171683
50400,-0.0002074072928125257
