time,vpos
28800,0.6602492734096492
32400,0.6366359569178371
36000,0.5965649953564566
39600,0.5872489311690192
43200,0.6026684666127412
46800,0.6117086094868135
50400,0.6124707977992949
