time,vpos
32400,-0.004032385882835618
36000,-0.009686186782143707
39600,-0.009794126131974057
43200,-0.008527769220058752
46800,-0.014720597364977883
50400,-0.008756744944293706
54000,-0.0008795690162528283
