time,vpos
32400,0.00017822341537412548
36000,9.769110261505608e-05
39600,-4.934310112112555e-05
43200,3.656674898836354e-05
46800,0.0001820231120553166
50400,5.9474525209807184e-05
54000,-5.6118683616053976e-05
