time,vpos
0,0.007131681101729735
3600,0.005933124269045213
7200,0.0013305652774114746
10800,-0.0017317486904721373
14400,-0.0013900604994065329
