time,vpos
3600,0.001381222672158875
7200,0.001605117887146091
10800,0.0012350093917596113
14400,0.00046402376242413927
18000,0.0002870418434623625
