time,vpos
36000,-0.016673844232178103
39600,-0.01063165673629164
43200,0.005713541317819672
46800,0.018127390516063508
50400,0.020238229156082494
