time,vpos
39600,0.004028315666795325
43200,0.0017769287566022534
46800,-0.0006269271734320176
50400,0.001767084208362417
54000,0.004313564609998051
