time,vpos
43200,0.00951766971377518
46800,0.0032279599006102967
50400,0.004145224387494928
54000,0.0022320382805312827
57600,-0.006888122126481877
