time,vpos
46800,-0.0006846717334094599
50400,-0.000670641538375082
54000,0.003961013336505076
57600,0.007698434523167706
61200,0.0068182310299845575
