time,vpos
50400,0.0006308646512292494
54000,0.0013493320451566488
57600,0.0007818081808928469
61200,-0.0004782865467471412
64800,-0.00045239001619592784
