time,vpos
54000,-0.0008709498985650299
57600,-0.000984313966724868
61200,-0.0015236673272221329
64800,-0.00333607658350147
68400,-0.00472249654744338
