time,vpos
57600,0.015119689829874293
61200,-0.01223534952326379
64800,0.003363557597423257
68400,0.003956663618351905
72000,-0.03840417683454458
