time,vpos
61200,6.255411336482278e-05
64800,0.014815066173262201
68400,0.02811263039501408
72000,0.012071465545426775
75600,-0.002514751466015032
