time,vpos
64800,0.001540814011713595
68400,0.005777293432943944
72000,0.009558468466876819
75600,0.006704391179379073
79200,0.004305618279178797
