time,vpos
68400,0.0032652209759899986
72000,0.004067578474614646
75600,0.005391107643603713
79200,0.0041190591779324956
82800,0.00232583904189686
