time,vpos
7200,-0.00631776582976109
10800,-0.01462761871775018
14400,-0.008315095159495977
18000,0.008198248224549516
21600,0.010089215162351716
