time,vpos
72000,0.004016410792929341
75600,0.008058519106558202
79200,0.008713428994080752
82800,0.003603120488804084
86400,0.001880010409633726
