time,vpos
75600,0.0043008844520420805
79200,0.009946430607525397
82800,0.010288471060192716
86400,0.004440516422110521
90000,0.003896067486844324
