time,vpos
79200,0.0029233159221587557
82800,0.003862627149787929
86400,0.004272918449348784
90000,0.0026092906394631354
93600,0.0014746827576458043
