time,vpos
82800,0.003493452337777084
86400,0.005799104219460628
90000,0.005744846503402261
93600,0.0025321479127667795
97200,0.0016793589198732094
