time,vpos
86400,0.0026733988503035533
90000,0.003590923652805467
93600,0.0033228990819990996
97200,0.001574915600930293
100800,0.0010124814931697671
