time,vpos
90000,0.003861770329949862
93600,0.0035928067353439624
97200,0.002138424657774742
100800,0.0005377274468139066
104400,0.00012244871881639165
