time,vpos
93600,0.001911018634939834
97200,0.002111971136381662
100800,0.0014400253309567357
104400,0.0004185722786816267
108000,0.0002700175332732719
