time,vpos
97200,-0.0023700845448870154
100800,-0.0005024626432983202
104400,0.0002073709847514243
108000,4.926792830653925e-05
111600,0.0010489531454006048
