time,vpos
100800,16.572232908585196
104400,16.617990792118125
108000,16.714285122648654
111600,16.90577485430172
115200,17.046728138957175
