time,vpos
104400,15.622255213400635
108000,15.680070069514837
111600,15.851562892264926
115200,7.9797570196239604
118800,-0.0057268196528877015
