time,vpos
10800,-0.009315501620133764
14400,-0.002894633777031495
18000,0.0032364250340759246
21600,0.002875105550832649
25200,0.0028035950995842227
