time,vpos
108000,14.271207975887354
111600,14.383990753944323
115200,-10.939952168211493
118800,-36.82827132314935
122400,-37.27986477787443
