time,vpos
111600,11.72008335817459
115200,-23.13057428114416
118800,-58.702005282248535
122400,-60.1542508156125
126000,-60.885722987190825
