time,vpos
115200,-60.54388003807326
118800,-61.29569375571786
122400,-62.80988917833816
126000,-54.704562275125745
129600,-45.83685366693762
