time,vpos
118800,-62.32026380913237
122400,-63.085653386083365
126000,-54.84394831498602
129600,-33.79035244952765
133200,-21.743851232117628
