time,vpos
122400,-61.38268041349006
126000,-53.60976704021305
129600,-39.549940390633786
133200,-33.407234870044064
136800,-33.55144262575661
