time,vpos
126000,-40.977767902643805
129600,-37.12083074640258
133200,-33.40722052008023
136800,-22.657166955096496
140400,-11.763786460193911
