time,vpos
129600,-33.059945847681846
133200,-33.20326111142413
136800,-22.555181417680682
140400,-8.32903870143457
144000,-4.894290942674184
