time,vpos
133200,-29.569502988999062
136800,-29.695592027318675
140400,-17.35798600416135
144000,-2.4511309509169887
147600,-0.007970959149555812
