time,vpos
136800,-10.324438241369839
140400,-10.351464761987463
144000,-5.184536805093787
147600,0.005910775068445647
151200,0.002403877719376799
