time,vpos
140400,0.034814447514867744
144000,0.006174723216595548
147600,-0.01760894719985035
151200,-0.019394270733122627
154800,-0.0260356481482212
