time,vpos
14400,18.563199916479263
18000,18.678957846033725
21600,18.986488387670867
25200,19.303286323382064
28800,19.42831164701058
