time,vpos
144000,-0.005079216042795567
147600,0.01136209613051757
151200,0.020178991033163295
154800,0.001826961126913905
158400,-0.008900651508668075
