time,vpos
147600,0.00826132547417889
151200,0.01533223708143224
154800,0.019371294269034847
158400,-0.003559094799761341
162000,-0.02345762944890679
