time,vpos
151200,-0.013380322892658168
154800,0.010782969271830995
158400,-0.004995358685302322
162000,-0.011411207656816687
165600,0.022114563493291425
