time,vpos
154800,0.01741998583911345
158400,0.01250208507814753
162000,-0.023948487345591147
165600,-0.016150338330976437
169200,0.02318048234641102
