time,vpos
158400,-0.010127915465544434
162000,-0.002500521264047194
165600,0.010309565699120657
169200,-0.0042182610402027925
172800,-0.023928780541196855
