time,vpos
162000,0.00109624509361228
165600,-0.0007323194760196418
169200,-0.0002069697326006105
172800,0.002501313557868585
176400,0.0028556825352868266
