time,vpos
165600,0.0012339100013496445
169200,-0.00034037167151977914
172800,-0.015043975394623342
176400,-0.014117998294653464
180000,-6.269914444944724e-05
