time,vpos
169200,0.0013801453893948277
172800,-0.0003415056671104814
176400,-0.0027810409041992192
180000,0.0007677778433929933
183600,0.0050344807715686345
