time,vpos
172800,-0.001052165832491367
176400,-0.00020218113633601513
180000,0.0014855081848560649
183600,0.002039009463669964
187200,0.0017548061174471347
