time,vpos
176400,-0.02474050005173066
180000,0.009107625954961243
183600,0.007880840964518673
187200,-0.012843248704366164
190800,0.001507572623883471
