time,vpos
18000,18.134340052022907
21600,18.319960901410845
25200,18.63198135606576
28800,9.37639788197751
32400,-0.005585197377715579
