time,vpos
180000,0.008337509330060541
183600,-0.0027536013929958425
187200,-0.0012374374313172377
190800,0.004594640632793115
194400,-0.0021805559878315217
