time,vpos
183600,0.0029287889569848844
187200,0.0038364994585715516
190800,0.0075306942636196245
194400,0.006647529289946453
198000,0.002977880012811876
