time,vpos
187200,0.026051737123186106
190800,0.017062984056684043
194400,0.0027654556566807206
198000,0.0125655009369109
201600,0.027674321550642332
