time,vpos
190800,-1.7023541677403746
194400,-1.7470738908205723
198000,-1.776252298537704
201600,-1.8195684950078832
205200,-1.8784260068411285
