time,vpos
194400,-3.6400343027001028
198000,-3.656300331592191
201600,-43.31528382441589
205200,-84.4916219251185
208800,-86.02524256188947
