time,vpos
198000,-14.842665646430135
201600,-57.421332823214655
205200,-99.99999999999652
208800,-99.99999999999689
212400,-99.99999999999991
