time,vpos
201600,-99.99999999999994
205200,-99.99999999999868
208800,-99.99999999998596
212400,-99.99999999998488
216000,-99.99999999999525
