time,vpos
205200,-100.0
208800,-99.99999999998039
212400,-99.99999999994638
216000,-99.99999999996582
219600,-99.99999999999967
