time,vpos
208800,-99.99999999997605
212400,-99.99999999997334
216000,-99.99999999998512
219600,-90.4910510490089
223200,-80.98210209801819
