time,vpos
212400,-100.0
216000,-99.99999999999854
219600,-87.2146862896057
223200,-64.50647644046312
226800,-54.58358030171189
