time,vpos
21600,17.001250149764065
25200,17.11677310897545
28800,8.618078383402626
32400,0.0004557106871108613
36000,-0.0029492772441863085
