time,vpos
216000,-100.0
219600,-84.92941816305778
223200,-56.00854474307955
226800,-42.118615546451714
230400,-42.078977932859885
