time,vpos
219600,-59.44475881012282
223200,-59.703437735923515
226800,-46.901160693782614
230400,-16.92392904186161
234000,-0.007653357882180878
