time,vpos
223200,-32.25401219752091
226800,-32.386769030846644
230400,-16.26355236202832
234000,-0.008117099133570541
237600,-0.008655338382867176
