time,vpos
226800,-25.199335031166513
230400,-12.611342705695177
234000,-0.024537490425971316
237600,-0.018670128162192653
241200,-0.011615655696285308
