time,vpos
230400,0.005498185642705114
234000,0.005557399181912026
237600,0.003925026950141399
241200,-0.0003887535175469206
244800,-0.003010948214257701
