time,vpos
234000,0.00288613799130648
237600,-0.00010925000913226913
241200,-0.004564039977295449
244800,-0.005335457526153879
248400,-0.004647473107287879
