time,vpos
237600,-0.011564874081018618
241200,0.0045469635986998495
244800,-0.0005011416640798166
248400,-0.0053308953251945705
252000,0.010999293956188809
