time,vpos
241200,0.010650602489614594
244800,0.0021105526766793644
248400,-0.01279089921141135
252000,-0.0016453286219570492
255600,0.015861644042652737
