time,vpos
244800,0.0007788928850532053
248400,-0.002015932781772367
252000,-0.0009321003782036548
255600,0.003917118926682505
259200,0.0048876801611743795
