time,vpos
248400,-0.006693449593597831
252000,-0.001979640830450727
255600,-0.0022488816000879775
259200,-0.0072319311328723325
