time,vpos
25200,15.18803044752265
28800,7.595263727977393
32400,0.0009731942774008837
36000,-0.0020960160079379945
39600,-0.0036414121385407337
