time,vpos
28800,0.03482235398161223
32400,0.0005093497534508994
36000,-0.03422965147390957
39600,-0.02756492417891802
43200,-0.020474199884727325
