time,vpos
32400,0.007260252378566605
36000,0.006291753247406111
39600,0.0008420271936868833
43200,0.0008912628357609989
46800,0.005421725400393847
