time,vpos
0,0.004475564330889341
3600,0.006937282997306949
7200,0.0037485241764936977
10800,-0.0016573580611850243
14400,-0.001412762811632887
