time,vpos
3600,0.003110040648912919
7200,0.010160808950150792
10800,0.006746092913360998
14400,-0.007406998725133826
18000,-0.011094606025600983
