time,vpos
36000,-0.015018991381427376
39600,-0.00474996030435044
43200,0.01154790287412487
46800,-0.011201278460581889
50400,-0.03997929189668702
