time,vpos
39600,-0.028607976801244082
43200,-0.010318726067034151
46800,0.004931916555275779
50400,-0.0059664962885078165
54000,-0.013826301020391412
