time,vpos
43200,-0.0008877576303897199
46800,-0.0001477698532454183
50400,-0.0004024457234967879
54000,0.0002963947889280073
57600,0.001989898948748474
