time,vpos
46800,-0.00017617431481979802
50400,-0.0002384743989843253
54000,-0.0002350835572647192
57600,0.00010573094180873605
61200,0.0003808545149980579
