time,vpos
50400,0.006823144665560799
54000,0.004297501354837011
57600,0.0013428027763675372
61200,-0.0032313275490576526
64800,-0.007376402606737156
