time,vpos
54000,0.048365417556316785
57600,0.025753055913542416
61200,0.011802032605627349
64800,0.005963046142727852
68400,-0.008537278655030948
