time,vpos
57600,0.002074423260013257
61200,0.0019223912336367248
64800,0.0016680646766224732
68400,0.0016246417284053617
72000,0.0016835133108259695
