time,vpos
61200,0.0028226686252276153
64800,0.002934277893481261
68400,0.0033600677692964278
72000,0.002597393116573969
75600,0.00152053785628999
