time,vpos
64800,0.0036344271654882186
68400,0.004146339464409393
72000,0.0033278980855438512
75600,0.0014052519203993459
79200,0.000812959433041556
