time,vpos
68400,0.0032946827408451384
72000,0.004067390807846704
75600,0.003244361524497915
79200,0.0011549497961567076
82800,0.0006612754181658555
