time,vpos
7200,0.014872906853606496
10800,0.008782130086224686
14400,0.005265553260815688
18000,-0.0009688668148700124
21600,-0.009777486832528522
