time,vpos
72000,0.003415167913465103
75600,0.005262182856170024
79200,0.004747763741836899
82800,0.001800277500063304
86400,0.0012142253153277563
