time,vpos
75600,9.61061436633714e-06
79200,-0.00036475218936983056
82800,-0.0005950393649617185
86400,-0.0005829506968949753
90000,-0.0007149376569725119
