time,vpos
79200,0.00313367313259092
82800,0.007981719606988959
86400,0.008884677683473447
90000,0.0036779690053087067
93600,0.002416348725057518
