time,vpos
82800,0.0028517153843294805
86400,0.005693624182195232
90000,0.006418564986504114
93600,0.003334810638847376
97200,0.0023680242847475084
