time,vpos
86400,0.0022080198100172285
90000,0.002474504724111939
93600,0.0022699129297897467
97200,0.0012758061665005976
100800,0.0007527761116283508
