time,vpos
90000,0.00181043217628362
93600,0.003005078991177705
97200,0.0033719801961676695
100800,0.0014215304184654067
104400,0.00029882625066726416
