time,vpos
93600,-0.0013540072790121744
97200,-0.00011250585699140218
100800,0.00038507970862982363
104400,-0.000716527176195268
108000,-0.0010742182046208132
