time,vpos
97200,0.008081080833955975
100800,0.006211191721931453
104400,0.001049319615650198
108000,-7.003962358374252e-06
111600,0.0022286554538897873
