time,vpos
100800,0.0037412216892554495
104400,0.0009549315313117873
108000,-0.0004148884222460647
111600,0.00039160583426422894
115200,-0.00021837011361128754
