time,vpos
104400,-3.9546283515327714
108000,-3.9956548095880304
111600,-4.085741186302871
115200,-4.207806227665874
118800,-4.280811350369295
