time,vpos
10800,-0.004707696428272361
14400,0.007834814419864158
18000,0.0054101037058677795
21600,-0.007318391541266518
25200,-0.005079665226267918
