time,vpos
108000,5.6398974583753505
111600,5.7138686913081616
115200,-29.27507977084676
118800,-65.5384632997847
122400,-66.73892713363489
