time,vpos
111600,39.867908116312925
115200,-16.291635074633255
118800,-73.82181119777117
122400,-76.33182680350585
126000,-77.47120947704877
