time,vpos
115200,-64.49520632887062
118800,-65.71690781323657
122400,-67.95571427585281
126000,-69.18462040104004
129600,-69.396421547977
