time,vpos
118800,-55.83608996670695
122400,-56.68938726033963
126000,-58.17716681891611
129600,-37.683236835177546
133200,-16.554824586495194
