time,vpos
122400,-45.357618387361214
126000,-45.86033536783114
129600,-44.59248719546009
133200,-43.089513886317945
136800,-43.357105730016784
