time,vpos
126000,-51.0004965226899
129600,-46.910039522256476
133200,-43.089499691093486
136800,-21.680774137146496
140400,-0.002131413929078131
