time,vpos
129600,-31.009870053102954
133200,-31.204150815172838
136800,-15.69921569308532
140400,0.00015368782373765335
144000,0.0003071845753874783
