time,vpos
133200,-50.90517415538237
136800,-25.453104967983286
140400,-0.002870505941460723
144000,-0.0009957154592593555
147600,0.002713800380200023
