time,vpos
136800,-0.02678360195998389
140400,-0.016967662485908225
144000,0.003352533325175905
147600,-0.00032788930404130135
151200,-0.014512568270266967
