time,vpos
140400,-0.0011290014284555047
144000,-0.0023872527726862044
147600,-0.002212019904871594
151200,0.001898344899297754
154800,0.004575225491421791
