time,vpos
14400,0.008739984184098683
18000,0.025568110053387487
21600,0.009471054155020748
25200,0.004152107856079213
28800,0.03175834332479322
