time,vpos
144000,0.008843194103947075
147600,0.018635103698467517
151200,-0.023029588278569827
154800,-0.01931070023041733
158400,0.03586478938929294
