time,vpos
147600,-0.0008000565291388411
151200,-0.004969669325364925
154800,-0.0024265232113436256
158400,0.0039966431257344
162000,0.0037070505525650414
