time,vpos
151200,0.0196831525807815
154800,0.012718415144144726
158400,-0.02761472908608531
162000,-0.018190236532332003
165600,0.02460266281501457
