time,vpos
154800,-0.01853656530571118
158400,-0.0020531087775134613
162000,0.020794851561939397
165600,-0.001194058864912727
169200,-0.029547473103019993
