time,vpos
158400,-0.00012589859504177382
162000,0.0004274871549626428
165600,-0.00025552639027533403
169200,-0.00019233168189372162
172800,0.0011072623217302843
