time,vpos
162000,0.006506038768177864
165600,-0.0067112395210682674
169200,-0.007639269787694709
172800,0.0016928039866834048
176400,-0.0012643702615581717
