time,vpos
165600,0.01818377151608555
169200,0.0020963464521578765
172800,-0.011566405409968368
176400,0.012876444592604017
180000,0.03489462139337497
