time,vpos
169200,0.0013051606857621698
172800,0.0013705505766998898
176400,0.002747070330061336
180000,0.004628322567434741
183600,0.0051984449423844205
