time,vpos
172800,-0.00035589990717405616
176400,0.003205187684523952
180000,0.008289518231207566
183600,0.006989108732842574
187200,0.004165456279491976
