time,vpos
176400,-0.0057228091915600444
180000,-0.0013305700336424292
183600,-0.01398953636527396
187200,-0.010158232618486467
190800,0.010724276617850173
