time,vpos
18000,0.008310631458012172
21600,0.014902704411183628
25200,0.015880256396314924
28800,-0.008274697168914087
32400,-0.026815129766102938
