time,vpos
180000,-0.0013498459941083997
183600,-0.009034411609022243
187200,-0.024293569875596326
190800,-0.011336375476401008
194400,0.009195411574454545
