time,vpos
183600,-0.0005855198415183918
187200,-0.0031963833162942357
190800,-0.006074797833932697
194400,-0.0028816796126343715
198000,0.000578989651526572
