time,vpos
187200,-70.05064251904288
190800,-6.128954798535241
194400,35.26311269990995
198000,8.342313518845165
201600,3.9511345598428407
