time,vpos
190800,24.78328272774561
194400,24.85570767774351
198000,25.00029988237523
201600,12.536818717836212
205200,0.0011702986633703276
