time,vpos
194400,30.074457631596207
198000,30.17979180842829
201600,15.11971892779618
205200,-0.03158817361674369
208800,-0.017488217565468644
