time,vpos
198000,41.12053937239013
201600,9.047455221118865
205200,-23.176756272021166
208800,-23.552481375399097
212400,-23.777079136908256
