time,vpos
201600,-39.71178988731682
205200,-39.97211170837487
208800,-40.61833267599948
212400,-41.44461160064141
216000,-41.88499137871678
