time,vpos
205200,-71.65958397199272
208800,-72.3396735199786
212400,-73.80472783020893
216000,-75.44528307076529
219600,-76.30087354907718
