time,vpos
208800,-92.45203878897212
212400,-93.44504576035763
216000,-95.54082651062592
219600,-58.71140584249407
223200,-20.77921139547946
