time,vpos
212400,-99.99999999999999
216000,-100.0
219600,-66.4237641518983
223200,-24.322920742106195
226800,-15.798313180415787
