time,vpos
21600,7.569181520120634
25200,7.636318847890395
28800,3.834627655071253
32400,-0.022143813007122974
36000,-0.010086760496594033
