time,vpos
216000,-99.99999999998903
219600,-97.36087018093708
223200,-54.837010216804906
226800,-11.852126062365057
230400,-8.751972053005439
