time,vpos
219600,-83.90511183116521
223200,-84.13249059053057
226800,-46.088779455079546
230400,-3.915244258044713
234000,-0.012798955826245819
