time,vpos
223200,-49.80087100107446
226800,-49.963281159942554
230400,-25.055814135577968
234000,0.020009241460375745
237600,0.025955435266050875
