time,vpos
226800,-11.44683395772607
230400,-5.733254940997439
234000,-0.02731536464522621
237600,-0.024869507241807864
241200,-0.01478420946196819
