time,vpos
230400,-0.010705198694254542
234000,0.00014760966485563836
237600,0.014941936302727494
241200,0.005690500148690185
244800,-0.007502454284108798
