time,vpos
234000,-0.012121083711097349
237600,0.011206742803123197
241200,0.030784180662108297
244800,0.007120969303942145
248400,-0.01279185339898856
