time,vpos
237600,0.05119447482835986
241200,0.029610885450851613
244800,0.0142879420042888
248400,0.009462702575216225
252000,-0.00162318278480178
