time,vpos
241200,0.0016603018136639343
244800,0.013846047726059213
248400,0.023253036526895993
252000,0.0030547429101801093
255600,-0.014364793594977276
