time,vpos
244800,-0.011721352215968444
248400,0.01175538734289248
252000,-0.006416895187256248
255600,-0.01242568450349411
259200,0.02321454826927768
