time,vpos
248400,-2.1611801545411147e-07
252000,-3.7172860745506367e-07
255600,-2.3753659732532115e-07
259200,5.226600480537358e-08
