time,vpos
25200,36.942748590647334
28800,18.469341178112455
32400,-0.012044473763358871
36000,-0.017996581162495612
39600,-0.01597044922069526
