time,vpos
28800,-0.007579450528930626
32400,-0.004769869016174872
36000,0.00012539795649194909
39600,0.006298522670724336
43200,0.010385961925045656
