time,vpos
32400,0.004341472967634937
36000,-0.006772944255309987
39600,-0.014831775487041579
43200,-0.004066002524524831
46800,0.003644184446778586
