time,vpos
43200,-0.0065281818939402336
46800,-0.011905464068135509
50400,-0.0019439485380250805
54000,-0.0010242407005922197
57600,-0.015443330567465063
