time,vpos
46800,0.02081785455640792
50400,-0.010334231629095667
54000,-0.013244526344629979
57600,-0.0019461198338148853
61200,-0.018889504792969067
