time,vpos
54000,0.007575000993254467
57600,0.007486364233514838
61200,0.0010516056338479474
64800,-0.002413267690291182
68400,0.00046798082549695183
