time,vpos
61200,7.961028126022874e-05
64800,-0.00036853699274056324
68400,-0.0008919936568339918
72000,-0.0011883887869218273
75600,-0.001409474526917026
