time,vpos
64800,0.00010907373239752902
68400,0.0008357595416655855
72000,-0.00017048476257222655
75600,-0.00189475525923557
79200,-0.001886095642393045
