time,vpos
68400,0.0041889648524564595
72000,0.007329610179125439
75600,0.007921482614960172
79200,0.003935355390566374
82800,0.0024980010570068226
