time,vpos
75600,0.0036734903057460263
79200,0.005521859958470101
82800,0.005452955813228463
86400,0.0026014974742984663
90000,0.0016673129333341814
