time,vpos
86400,0.002649629029375072
90000,0.0034519138146130437
93600,0.003012100465554215
97200,0.001262836161858012
100800,0.0007556699924586097
