time,vpos
100800,11.876734800194802
104400,11.929892263613342
108000,12.021071052782576
111600,12.13187005195327
115200,12.204647725373267
