time,vpos
129600,-33.47367823635239
133200,-33.56933140466485
136800,-26.49634953944105
140400,-13.878322596441592
144000,-8.42893068697839
