time,vpos
162000,-0.012892144905667167
165600,-0.002375623488384067
169200,0.017417549664225304
172800,0.0008950473127989885
176400,-0.024904106773953598
