time,vpos
172800,-0.02814164775152831
176400,-0.013593523752453705
180000,0.0007542581468566428
183600,-0.004261399617400178
187200,-0.00907671528189274
