time,vpos
198000,2.7069829098381035
201600,-42.731980003868216
205200,-89.54895336739193
208800,-92.46876745619957
212400,-94.01057109518986
