time,vpos
205200,-99.9999999999379
208800,-99.9999999999686
212400,-99.99999999999936
216000,-99.99999999996861
219600,-99.99999999993776
