time,vpos
208800,-100.0
212400,-99.99999999999841
216000,-99.99999999999444
219600,-77.7455013978145
223200,-55.49100279563688
