time,vpos
212400,-99.99999999990557
216000,-99.99999999995109
219600,-73.5452970646027
223200,-39.88763751887257
226800,-32.684680908536336
