time,vpos
219600,-52.74535710535355
223200,-52.89694731447876
226800,-31.599614260561193
230400,-5.079902199330485
234000,-0.009113401142549715
