time,vpos
234000,-0.005915195584147923
237600,0.010088220733527921
241200,0.019212001182272384
244800,0.00425743311027434
248400,-0.0038174990927923244
