time,vpos
237600,0.001277187096832607
241200,0.011840115792484352
244800,0.01798989528967237
248400,-0.00025238212432148605
252000,-0.014081510339851618
