time,vpos
0,0.012030474068488138
3600,0.011293562290120455
7200,0.014866738937770777
10800,0.013957898002555898
14400,0.0024799841255570077
18000,-0.0041631822536062
21600,-0.004547364117003393
