time,vpos
3600,0.002326473961450034
7200,-0.0024348711790407205
10800,0.00874758614816399
14400,0.014533367955900132
18000,0.0016791823946816424
21600,-0.0004065916435905281
25200,0.00020379921939646644
