time,vpos
36000,-0.003058678893501406
39600,0.00044432814973999386
43200,0.0037376968026647892
46800,0.00032238604817783935
50400,0.0029106006956298304
54000,0.0075038261234002335
57600,0.0063031645395483
