time,vpos
36000,-0.0006983130618436909
39600,-0.0005821072182942044
43200,-0.0007302079032194837
46800,-0.00042977077239900175
50400,0.0001058771312586628
54000,0.0003486750461417798
57600,0.0006205687166624796
