time,vpos
39600,3.770349252254415e-05
43200,3.953508168860667e-05
46800,1.8123505777710196e-05
50400,1.6807643609892856e-05
54000,-1.811640772057376e-05
57600,-7.373186312397332e-05
61200,-7.249596428776462e-05
