time,vpos
39600,-0.008772535700317776
43200,0.005482180790559983
46800,0.008619060964984139
50400,0.008894845316546576
54000,0.0027720571931643878
57600,-0.012304103463124444
61200,-0.00986385532801505
