time,vpos
43200,0.008496981412968604
46800,0.0006200184361686441
50400,0.011221440566508407
54000,0.008782665548437164
57600,-0.0025907388782125235
61200,0.0009912779696265067
64800,-0.00497046088109574
