time,vpos
46800,0.00012585944311598266
50400,0.0001503651224322866
54000,0.00017372690885592392
57600,-0.0003979418255835396
61200,-0.0005746329575839684
64800,0.0005468788726290181
68400,0.0012745569932956368
