time,vpos
46800,0.0002930495583187932
50400,0.014597343815045665
54000,0.02241005707191823
57600,0.004702194720055167
61200,0.014017185774752043
64800,0.014727811956890673
68400,-0.0050928342676763265
