time,vpos
50400,4.453861683566331
54000,4.466569153566482
57600,2.2332644449289263
61200,0.002466368139841763
64800,0.004067071299970862
68400,-0.0012147728329517061
72000,0.007116781722618491
