time,vpos
54000,0.004918290386826587
57600,0.005699851573688543
61200,-0.002823007504385174
64800,0.012397260290288191
68400,0.02151558917564138
72000,0.003816908779802374
75600,0.001524587558219214
