time,vpos
57600,-0.018965888324789917
61200,0.0007938456872107723
64800,0.0008261789987046666
68400,0.003681093335161916
72000,0.013841537426027912
75600,0.0015531940034205069
79200,0.001686721526911151
