time,vpos
57600,4.240201954669161e-05
61200,-2.6147745529175035e-05
64800,-9.60904787104767e-05
68400,0.00012409235623843064
72000,0.0002968494371156035
75600,0.00026059836116923527
79200,0.0002731660074000366
