time,vpos
61200,0.00012301169273105125
64800,0.000214363566150211
68400,0.00024922775309138887
72000,0.00011595693248882487
75600,-0.00011050498267450118
79200,-0.000223631961412508
82800,-0.0001870801591117709
