time,vpos
61200,0.008602729304818101
64800,-0.004377238356536228
68400,0.011287889963518833
72000,0.017608991651118358
75600,0.0007386959027607775
79200,0.007204492042971878
82800,0.008216589637730694
