time,vpos
64800,0.008018483642431032
68400,-0.004138689057860243
72000,0.009987132560044049
75600,0.016287066663956847
79200,0.000444445733569766
82800,0.006404005306189255
86400,0.00822312559491306
