time,vpos
68400,0.16593506157738352
72000,0.16769658731576198
75600,0.0846088796269596
79200,0.02705260343789371
82800,0.02821017011184554
86400,-0.009153973135168813
90000,-0.020382725818020017
