time,vpos
68400,0.0009035505435109023
72000,0.0014475125772832908
75600,0.0020653844911616617
79200,0.0011613081496431418
82800,0.00022755883169346816
86400,-0.0008529780449406364
90000,-0.001977751825249569
