time,vpos
7200,2.4872420522471557
10800,2.4938607029918116
14400,2.4995252741355527
18000,2.4863126348584736
21600,2.5397406018442084
25200,2.6302329803305873
28800,2.655038832155067
