time,vpos
7200,5.612342226551799
10800,5.6312124468170115
14400,5.674825778434216
18000,5.743635059618289
21600,5.856143218174624
25200,5.976977088708023
28800,6.02936897051717
