time,vpos
72000,0.0060006080873353405
75600,-0.0043153208006322654
79200,0.007846747925624568
82800,0.013112815741992058
86400,-0.000148578786905662
90000,0.005498215616737711
93600,0.007194474751421855
