time,vpos
72000,9.921001195162406e-05
75600,6.651102390822322e-05
79200,8.123557280793305e-05
82800,0.00020112757731138934
86400,0.0002551678666759997
90000,0.000156428587559568
93600,7.61174866388716e-05
