time,vpos
75600,0.004064144109504472
79200,-0.0032289906921703876
82800,0.004476960051764332
86400,0.010564727067637641
90000,-0.0007959938292807841
93600,0.002793034958880864
97200,0.008831466114224668
