time,vpos
79200,0.002468995994295807
82800,-0.004869928979291756
86400,0.004931913746442355
90000,0.008438798611786494
93600,-0.0009217771170572797
97200,0.004556711506702097
100800,0.005761893025327711
