time,vpos
79200,5.350458247510397e-05
82800,2.236169506783757e-05
86400,4.2327431005697823e-05
90000,8.769278312082226e-05
93600,-4.11422435238855e-05
97200,-4.211230098950436e-05
100800,8.000939695958231e-05
