time,vpos
82800,-0.0018047838174731923
86400,-0.0008942922257352622
90000,0.0003841300130659384
93600,0.00010553316893636608
97200,-0.0001580445586188554
100800,0.0008457767330634692
104400,0.0014666482611081725
