time,vpos
82800,-0.00028345783191634525
86400,-0.00520369027587974
90000,0.003724928741503892
93600,0.005797874644885482
97200,-0.0012377579543969173
100800,0.00444300644085847
104400,0.005383497877430823
