time,vpos
86400,0.028102200112464087
90000,0.04061078154087189
93600,0.014961286093687234
97200,0.0029198838992852165
100800,0.016197759392933476
104400,-0.002519829412658066
108000,-0.008398619030707422
