time,vpos
86400,0.0001257878028316935
90000,-8.988310529264746e-05
93600,0.0001071797059384847
97200,0.00091148906969611
100800,0.0009930585863717086
104400,0.0002679645352894459
108000,-0.0001471233880662631
