time,vpos
90000,0.002095139495304635
93600,-0.0013450040214978024
97200,0.003876448598410418
100800,0.008321206950281108
104400,-2.7015275332742863e-05
108000,0.0008791497024158902
111600,0.005916699120938409
