time,vpos
93600,11.424289966608828
97200,11.478544114582338
100800,11.598687239143652
104400,11.717673872929234
108000,11.821893476026435
111600,11.956527604320149
115200,12.040039786714438
