time,vpos
93600,17.448619507443247
97200,17.49865635581136
100800,17.595133573599643
104400,17.69980363400336
108000,17.851345907424886
111600,18.105330957071335
115200,18.266003424279806
