time,vpos
97200,17.28573575929905
100800,17.3276301059945
104400,17.437625102774103
108000,17.58183807884126
111600,17.830786360289334
115200,9.000799430030318
118800,-0.0020234556937705965
