time,vpos
97200,11.072285571477423
100800,11.135693461751595
104400,11.250012653846495
108000,11.349930329687968
111600,11.479224094005481
115200,5.779730703413396
118800,-5.007747545507756e-05
