time,vpos
100800,17.693267430733396
104400,17.77343223692175
108000,17.931259401916336
111600,18.135568241406492
115200,9.131093311094425
118800,-3.8455919038048345e-05
122400,-4.8811936505624606e-05
