time,vpos
100800,15.904832860511442
104400,15.9629382779297
108000,16.092840132807197
111600,16.321163115202907
115200,-2.769229413883016
118800,-22.28064563284994
122400,-22.54514277779446
