time,vpos
104400,21.422882010350104
108000,21.51591962184714
111600,21.76094031831235
115200,6.919882065932008
118800,-8.135340277569641
122400,-8.245380701105034
126000,-8.293240118487294
