time,vpos
104400,14.321238418650822
108000,14.38631788891816
111600,14.61041447911764
115200,-13.433769239017955
118800,-42.148448572943856
122400,-43.05994387250975
126000,-43.45996067621747
