time,vpos
10800,5.488441256513181
14400,5.512486704156159
18000,5.579313451065377
21600,5.688585100098203
25200,5.805894748890937
28800,2.928351116245816
32400,-1.181542545361679e-05
