time,vpos
10800,3.1252597869658256
14400,3.1422419036523563
18000,3.1872583102875005
21600,3.21057483340536
25200,3.2649519820181148
28800,1.6625207938920405
32400,0.000994690322458035
