time,vpos
108000,11.295775736608906
111600,11.409230642048058
115200,-15.052985934070891
118800,-42.12779001124809
122400,-43.06359512649385
126000,-37.848633555761616
129600,-32.19699946540273
