time,vpos
108000,24.647332865853354
111600,24.82068838231664
115200,6.417895391394289
118800,-12.251749694934919
122400,-12.417267215752027
126000,-12.540165108711182
129600,-12.5910420597968
