time,vpos
111600,13.562402623984706
115200,-0.9915322109604052
118800,-15.665134913776058
122400,-15.876933042174246
126000,-16.03423178772022
129600,-16.145242157503635
133200,-16.191084042268724
