time,vpos
111600,19.968829168158138
115200,-10.82834736284103
118800,-42.13005483906053
122400,-43.06517016797239
126000,-37.846377008533004
129600,-30.64186232854092
133200,-29.086725191679747
