time,vpos
115200,-45.80659156229103
118800,-46.36058204760069
122400,-47.388055189434596
126000,-40.02926865568136
129600,-30.641862328540604
133200,-28.2386002697216
136800,-27.390475347765857
