time,vpos
115200,-20.836116513916547
118800,-20.996554341487133
122400,-21.280485661323397
126000,-21.491162549767306
129600,-21.639901154152973
133200,-20.942900726782465
136800,-20.18434509120452
