time,vpos
118800,-34.01508029813407
122400,-34.215476002444056
126000,-30.791574654810027
129600,-27.247549426296935
133200,-23.75608416043882
136800,-13.099432250016024
140400,-6.014517428882267
