time,vpos
118800,-48.55222316229438
122400,-49.06299946590587
126000,-40.88538761739474
129600,-30.641863527446123
133200,-28.238602425654275
136800,-19.511567779454435
140400,-11.632658297220443
