time,vpos
122400,-72.61347179412621
126000,-52.405235629765635
129600,-30.64186232853806
133200,-28.23860026972247
136800,-19.51156682259061
140400,-5.816327632263598
144000,3.0328801620300994e-06
