time,vpos
122400,-57.64551205152677
126000,-57.88013197336234
129600,-43.915860153805276
133200,-24.950657104051327
136800,-13.099431372162224
140400,-5.449250887990668
144000,-4.883984827346892
