time,vpos
126000,-38.53157302205859
129600,-38.638606731755566
133200,-33.068057894609616
136800,-19.511566822588843
140400,-5.809072947599135
144000,0.00284598755252197
147600,-0.008820427107690609
