time,vpos
126000,-68.0148495409207
129600,-68.20890590171209
133200,-44.29365600151486
136800,-13.099435296533922
140400,-5.449252347120437
144000,-2.4419916976772487
147600,4.463447601723678e-07
