time,vpos
129600,-39.484573962890394
133200,-39.60204110392615
136800,-25.676083271188695
140400,-5.813286604469962
144000,0.00434414503299597
147600,-0.005570847859431871
151200,-0.013744897309299559
