time,vpos
129600,-54.26608518612459
133200,-54.42085204902503
136800,-30.295067835573093
140400,-5.449250660807733
144000,-2.4402646760719944
147600,0.002408027958725764
151200,0.001360845666699585
