time,vpos
133200,-33.39694618267545
136800,-33.49225757481545
140400,-19.235776992430875
144000,-2.4412620133861713
147600,0.0009644065071253211
151200,-4.026901581547648e-05
154800,-0.0005483599119182176
