time,vpos
133200,-29.12668494129449
136800,-29.21487457533583
140400,-14.635651211523138
144000,0.005708925804746189
147600,0.013921728301138924
151200,0.019220089526773138
154800,-0.009747212270137372
