time,vpos
136800,-14.318821091307038
140400,-14.358727187681437
144000,-7.200393030028182
147600,-0.002731293169966171
151200,6.400225202173742e-05
154800,0.000546331099603742
158400,-0.002345152644238688
