time,vpos
140400,-1.1259065946247193
144000,-0.5628911885753535
147600,-0.0002482692363672004
151200,-0.00046145221235135937
154800,-0.0004203467134412532
158400,-0.0004362615186397317
162000,-0.00033397808835293507
