time,vpos
140400,-0.00022753687898809452
144000,-0.016051944620010923
147600,-0.012948082637221569
151200,0.006803330943818054
154800,0.004379489034523113
158400,0.003561989770715723
162000,0.005991476273430713
