time,vpos
14400,7.48696131428101
18000,7.544685291686543
21600,7.692435507890758
25200,7.851165361341407
28800,3.959945590099016
32400,-3.375398782735461e-05
36000,-8.971218031103073e-05
