time,vpos
14400,3.2172422924291766
18000,3.2364129912442126
21600,3.2965710440834335
25200,3.3752219055994943
28800,1.707483642390461
32400,-0.00210094378501562
36000,-0.006283759259582988
