time,vpos
144000,-0.009108052125052592
147600,-0.010951222348979696
151200,-0.0030525215756752305
154800,-0.002084675352396722
158400,0.0031198987169690304
162000,0.00659834084287886
165600,-0.003901815874530123
