time,vpos
147600,-0.0012291523069950737
151200,-0.0009539170004530267
154800,-0.0004967878107143678
158400,-8.856093729160519e-05
162000,5.9027512764087717e-05
165600,-0.00028865998101578535
169200,-0.0005576029346252007
