time,vpos
147600,-0.013916758811369006
151200,-0.014954337557657384
154800,-0.0007214858148047213
158400,-0.0006044344845100471
162000,0.0029397580081240273
165600,0.00911068910704876
169200,-0.0034159514455069442
