time,vpos
151200,0.0007907821223355571
154800,0.0007922747200233784
158400,0.0002598208042601329
162000,-2.5028503296810347e-05
165600,-3.087968212585904e-05
169200,-0.0002485244981348752
172800,-0.00021122092942071918
