time,vpos
151200,-0.02401046622675521
154800,-0.01290081791221439
158400,0.009581936691847804
162000,0.0002662081864488342
165600,0.002482116320636342
169200,0.010496988470402141
172800,-0.004392882308939909
