time,vpos
154800,-0.051300668132926545
158400,-0.010178788758644627
162000,0.012683068441666324
165600,-0.0007299134643951911
169200,0.011603524457836634
172800,0.008600265270838884
176400,-0.0018893915704812402
