time,vpos
158400,-0.0003772806215182786
162000,-0.0003520859273865253
165600,-0.00023085676985697682
169200,-9.081963648320592e-05
172800,-1.5783488993219642e-05
176400,2.2403023612341004e-05
180000,2.9556058703891147e-05
