time,vpos
158400,-0.05763977442693091
162000,-0.013524314807832147
165600,0.00911799099378226
169200,0.004194030239115733
172800,0.015747836486183123
176400,0.007911527083054528
180000,0.005070604495676371
