time,vpos
162000,0.0006017056802265454
165600,0.0005206057342927505
169200,0.00022416246705883155
172800,2.4531118925618474e-05
176400,4.481562913672292e-05
180000,1.6036159006138203e-06
183600,-4.618093437968894e-05
