time,vpos
162000,-0.05452678092945319
165600,-0.012897905890251273
169200,0.010604197931051622
172800,0.008650268551767568
176400,0.01499959875882791
180000,0.006924849931596203
183600,0.00867361273591912
