time,vpos
165600,-0.05587114293549933
169200,-0.01091219339891292
172800,0.012356316595496238
176400,0.009036370412773364
180000,0.015982199957737253
183600,0.006991145628354312
187200,0.009424755113461868
