time,vpos
169200,0.00028530304262636553
172800,9.517167742262575e-05
176400,-0.00010110516366518494
180000,-0.00011258406916451864
183600,-5.109559304038804e-05
187200,1.129745886658985e-05
190800,6.868605034174294e-06
