time,vpos
169200,5.46350890173828e-06
172800,-0.00012167011363944772
176400,-0.000258058343846317
180000,2.211246105926067e-05
183600,0.0008035083338561353
187200,0.00010874360086791444
190800,-0.00107799159234592
