time,vpos
172800,-0.014910132832413698
176400,0.003260069625351066
180000,-0.0013417430504512895
183600,0.0070093825650774716
187200,0.018969512705480834
190800,-0.002957277443303409
194400,-0.005721056983395132
