time,vpos
172800,4.734834376334787e-06
176400,-1.156446579176864e-05
180000,-5.735448365421503e-06
183600,6.513612086351469e-06
187200,1.3290833863803307e-05
190800,6.721672027965772e-06
194400,-1.6503968728001192e-05
