time,vpos
176400,-0.01660505179364321
180000,0.006256008971919033
183600,0.004001058008625382
187200,0.006992382000516571
190800,0.015262391116415959
194400,0.00019362735410016679
198000,0.004962190196632067
