time,vpos
176400,0.0001539498753163864
180000,-4.520899095257237e-05
183600,-4.155471204610268e-05
187200,0.0002903301977979157
190800,0.00015785748410980125
194400,1.6400278449468837e-05
198000,0.00013648755114584085
