time,vpos
18000,2.3201470525893755
21600,2.3579126972865865
25200,2.4107350727242953
28800,1.2176778046600045
32400,0.005459517519361453
36000,-0.007226779389590715
39600,-0.01580878796268914
