time,vpos
18000,11.440558844384789
21600,11.575853835539137
25200,11.814564152705032
28800,5.9589915427258795
32400,1.0979947494020577e-05
36000,9.216043162246358e-06
39600,7.892652045214815e-08
