time,vpos
180000,0.6537507744484536
183600,0.6532684197158517
187200,0.6469190994838373
190800,0.6659556186064122
194400,0.6687409010206454
198000,0.6622178853392514
201600,0.6778130718656118
