time,vpos
180000,0.3613777285576773
183600,0.3623946754169368
187200,0.3646231329021184
190800,0.36669893812574705
194400,0.3685468129687953
198000,0.3708525095098301
201600,0.37217462580552324
