time,vpos
183600,0.8920392552501565
187200,0.8950236659472036
190800,0.9003329527674039
194400,0.9049164790251449
198000,0.9102475522230914
201600,0.45666789071973557
205200,1.580615302153787e-05
