time,vpos
183600,0.19275091438642306
187200,0.19311557669996418
190800,0.20378363440078745
194400,0.20753833615696232
198000,0.20105954537900325
201600,0.11202284136291688
205200,0.022916234493682172
