time,vpos
187200,1.4353802215837157
190800,1.4397767176514316
194400,1.4480420003575987
198000,1.4564121513099801
201600,-19.24195766567445
205200,-40.50315717399516
208800,-41.061485501017515
