time,vpos
187200,-0.3634567120930224
190800,-0.3464955222153227
194400,-0.3620576144810197
198000,-0.3719165546021314
201600,-10.680006457447845
205200,-21.19369725163095
208800,-21.376633800946056
