time,vpos
190800,2.5176148064307116
194400,2.524458154365063
198000,2.539324213981161
201600,-31.86144219351807
205200,-67.19551099236699
208800,-69.13681806304852
212400,-70.1528454540621
