time,vpos
190800,-0.8248364956904829
194400,-0.8269703701505562
198000,-0.8311604206649125
201600,-24.47800589004145
205200,-48.5785847807638
208800,-49.57579780915985
212400,-50.11722124015582
