time,vpos
194400,-1.8743894223523072
198000,-1.8813413291000052
201600,-29.884053143669554
205200,-58.44747049424668
208800,-59.65278689387765
212400,-60.89912326869261
216000,-61.50780068663189
