time,vpos
194400,3.9467962072118974
198000,3.9580363924493103
201600,-38.46981514307543
205200,-82.03826203543166
208800,-84.40664417464036
212400,-86.89603318900848
216000,-88.14639523576191
