time,vpos
198000,0.4459728974833487
201600,-43.34640117686408
205200,-88.35654381639921
208800,-90.90950114973934
212400,-93.59134886913016
216000,-96.34827715198615
219600,-97.75854648360371
