time,vpos
198000,-1.764433766842562
201600,-32.3684569871231
205200,-66.51386375734123
208800,-70.8389029592991
212400,-72.30972872961881
216000,-73.75583858605181
219600,-74.5147783241854
