time,vpos
201600,-63.55168914023403
205200,-66.80158358510712
208800,-70.8393026144282
212400,-72.31977293328697
216000,-73.75556758106008
219600,-54.439154521352904
223200,-34.37959254828345
