time,vpos
201600,-89.37673769379256
205200,-90.62542662000274
208800,-93.24402169064216
212400,-95.99471709358878
216000,-98.68774425281406
219600,-57.83487209681258
223200,-15.669762040103244
