time,vpos
205200,-99.99999999999856
208800,-99.99999999999862
212400,-99.99999999999855
216000,-99.99999999999818
219600,-59.69142748533651
223200,-17.18435493226109
226800,-14.985854893847094
