time,vpos
205200,-82.68344472563992
208800,-83.60833651288195
212400,-85.35830881496491
216000,-87.06111365977529
219600,-61.159215269014766
223200,-32.196131052901265
226800,-30.012669557517786
