time,vpos
208800,-99.99999999999993
212400,-99.99999999999996
216000,-99.99999999990568
219600,-62.45667071052794
223200,-20.12034164570022
226800,-11.974878203329833
230400,-8.622414536503735
