time,vpos
208800,-93.8437032854603
212400,-94.77180555344184
216000,-96.67016838346387
219600,-66.01001074689641
223200,-32.196131052905606
226800,-29.624833245636808
230400,-29.236996933750863
