time,vpos
212400,-99.99999999999947
216000,-99.99999999999889
219600,-65.45479898666554
223200,-23.699547616194792
226800,-12.48429528390875
230400,-4.239558562965205
234000,-2.3817169727849904e-05
