time,vpos
212400,-99.99999999999866
216000,-99.99999999999774
219600,-70.85963030233435
223200,-36.059430598803715
226800,-29.799772146077807
230400,-14.599978367302965
234000,-1.3035385835087643e-05
