time,vpos
21600,13.812734205395078
25200,13.934683037190466
28800,7.028317349779474
32400,-6.870213181598457e-05
36000,-0.00014537265059811827
39600,-4.6540637049114766e-05
43200,5.742919036903349e-05
