time,vpos
21600,5.847765876457283
25200,5.913851759482147
28800,1.0343281295585063
32400,-3.9445878375723513
36000,-3.9936529997669155
39600,-4.061323608844646
43200,-4.113235509910167
