time,vpos
216000,-99.99999999999972
219600,-97.991902491504
223200,-63.40442516299121
226800,-30.036738580013285
230400,-14.624221192512078
234000,-8.809918671922607e-05
237600,-0.00016563040174753503
