time,vpos
216000,-99.99999998983957
219600,-80.51303789802337
223200,-38.519997801154354
226800,-11.849545242783776
230400,-3.843517053490151
234000,-0.0009185832614782055
237600,2.625099131901787e-05
