time,vpos
219600,-53.916595537337116
223200,-54.07003436771125
226800,-30.652492472776636
230400,-3.5409416386245347
234000,-0.0004072322351109735
237600,-0.0004413321835634577
241200,-0.0004397296780778767
