time,vpos
219600,-87.28427904476665
223200,-87.54341036681197
226800,-58.51976931130304
230400,-14.624507493468311
234000,-0.00959246896425933
237600,-0.00018865600025301217
241200,0.00678957274019927
