time,vpos
223200,-55.51891604356249
226800,-55.68178890070897
230400,-27.921336503083456
234000,-0.0073428178785616685
237600,-0.0028990781737073218
241200,0.00907550351969647
244800,0.0072747759411468885
