time,vpos
223200,-36.98430506806246
226800,-37.10041721654815
230400,-18.608265156377037
234000,-4.788249587834234e-07
237600,2.514518604404633e-07
241200,7.306146605258827e-07
244800,9.483959147181515e-07
