time,vpos
226800,-17.0052211310705
230400,-8.50312832430813
234000,-0.0012057383808124493
237600,0.0024441967246070996
241200,0.0014613399202119059
244800,-0.003438478173500476
248400,-0.0035352835223470026
