time,vpos
226800,-3.9960544588725675
230400,-1.9981142146602155
234000,9.381961409796315e-05
237600,0.0004344043127505493
241200,3.576259951610982e-05
244800,3.132697503057397e-05
248400,0.0004983277004708033
