time,vpos
230400,-0.0018244744712122207
234000,-0.0065488033567573795
237600,-0.005342417609075162
241200,-0.0025488109505334756
244800,0.0029135707147409976
248400,0.0035543901723156263
252000,-0.004404280010069907
