time,vpos
230400,-0.0002508343833377321
234000,3.5022552024666434e-05
237600,0.00027700621966235184
241200,0.0002695401121036533
244800,0.00014840934438509453
248400,5.425936868300193e-05
252000,0.00011764732086548275
