time,vpos
234000,-4.889376161254055e-07
237600,-8.202620529660669e-07
241200,6.3833554502136045e-06
244800,4.4363194716924505e-06
248400,-1.1223845248974312e-06
252000,1.2207574496732365e-05
255600,2.1614259596410557e-05
