time,vpos
234000,-0.013502756176913686
237600,-0.013108028627474642
241200,-0.0007157349223776131
244800,-0.0010898701387125642
248400,0.002328845080873214
252000,0.007058319616060751
255600,-0.004002622440330423
