time,vpos
237600,-7.183418053458888e-05
241200,-4.0770492026472196e-05
244800,-4.597884870042145e-05
248400,-4.460332331759315e-05
252000,-2.4817771096965647e-05
255600,-2.2106576298392235e-06
259200,3.825847418155394e-05
