time,vpos
237600,-0.03199676737766696
241200,-0.009961490504766671
244800,0.01037277980525648
248400,-0.0017850508046551652
252000,0.004311239388516945
255600,0.007999283669123457
259200,-0.004865786290476643
