time,vpos
241200,0.013542806444989588
244800,0.006480927171636109
248400,-0.006975765783062769
252000,-0.024713750522045514
255600,-0.005036763413896795
259200,0.025983394751889266
