time,vpos
241200,-1.5025736621420394e-07
244800,-1.499572794342914e-07
248400,-1.4046913019383937e-07
252000,-9.143882196432216e-08
255600,-3.500560231524714e-08
259200,-1.841462843514986e-08
