time,vpos
25200,19.53207606361948
28800,9.765368125411099
32400,-0.0008848139849343986
36000,-0.00046884351394805093
39600,0.0002575467769377234
43200,0.0011749982626011893
46800,0.0013270311160183937
