time,vpos
25200,27.041351385558926
28800,7.583241981127841
32400,-11.950072389578118
36000,-12.144644229330208
39600,-12.335001411342422
43200,-12.511964117367247
46800,-12.617936514857078
