time,vpos
28800,-10.212012452538364
32400,-10.287105011800852
36000,-10.445659928412724
39600,-10.605975262412192
43200,-10.773088822920098
46800,-10.934947459565459
50400,-11.006545512353005
