time,vpos
28800,-0.9943879893159744
32400,-1.0020726882865296
36000,-1.0168633555182118
39600,-1.031913050855492
43200,-1.0467931296803932
46800,-1.0607243420031929
50400,-1.0677192025772435
