time,vpos
32400,-8.106273879139156
36000,-8.193849351545978
39600,-8.318978843265
43200,-8.42645917335567
46800,-8.593985899279174
50400,-4.326627978976112
54000,0.03833035647198362
